Started GET "/" for 127.0.0.1 at 2026-06-01 22:50:30 -0500
  [1m[35m (0.2ms)[0m  [1m[35mCREATE TABLE "schema_migrations" ("version" varchar NOT NULL PRIMARY KEY) /*application='Polla'*/[0m
  [1m[35m (0.0ms)[0m  [1m[35mCREATE TABLE "ar_internal_metadata" ("key" varchar NOT NULL PRIMARY KEY, "value" varchar, "created_at" datetime(6) NOT NULL, "updated_at" datetime(6) NOT NULL) /*application='Polla'*/[0m
  [1m[36mActiveRecord::SchemaMigration Load (0.1ms)[0m  [1m[34mSELECT "schema_migrations"."version" FROM "schema_migrations" ORDER BY "schema_migrations"."version" ASC /*application='Polla'*/[0m
Processing by Rails::WelcomeController#index as */*
  Rendering /Users/oscarortega/.local/share/mise/installs/ruby/4.0.5/lib/ruby/gems/4.0.0/gems/railties-8.1.3/lib/rails/templates/rails/welcome/index.html.erb
  Rendered /Users/oscarortega/.local/share/mise/installs/ruby/4.0.5/lib/ruby/gems/4.0.0/gems/railties-8.1.3/lib/rails/templates/rails/welcome/index.html.erb (Duration: 0.2ms | GC: 0.0ms)
Completed 200 OK in 8ms (Views: 2.5ms | ActiveRecord: 0.0ms (0 queries, 0 cached) | GC: 0.0ms)


Started GET "/" for 127.0.0.1 at 2026-06-01 22:53:37 -0500
  [1m[36mActiveRecord::SchemaMigration Load (0.1ms)[0m  [1m[34mSELECT "schema_migrations"."version" FROM "schema_migrations" ORDER BY "schema_migrations"."version" ASC /*application='Polla'*/[0m
  
ActiveRecord::PendingMigrationError (

Migrations are pending. To resolve this issue, run:

        bin/rails db:migrate

You have 2 pending migrations:

db/migrate/20260602035255_create_tournaments.rb
db/migrate/20260602035258_create_matches.rb


):
  
activerecord (8.1.3) lib/active_record/migration.rb:743:in 'ActiveRecord::Migration.check_pending_migrations'
activerecord (8.1.3) lib/active_record/migration.rb:660:in 'block (2 levels) in ActiveRecord::Migration::CheckPending#call'
activesupport (8.1.3) lib/active_support/file_update_checker.rb:88:in 'ActiveSupport::FileUpdateChecker#execute'
activerecord (8.1.3) lib/active_record/migration.rb:665:in 'block in ActiveRecord::Migration::CheckPending#call'
activerecord (8.1.3) lib/active_record/migration.rb:657:in 'Thread::Mutex#synchronize'
activerecord (8.1.3) lib/active_record/migration.rb:657:in 'ActiveRecord::Migration::CheckPending#call'
actionpack (8.1.3) lib/action_dispatch/middleware/callbacks.rb:31:in 'block in ActionDispatch::Callbacks#call'
activesupport (8.1.3) lib/active_support/callbacks.rb:101:in 'ActiveSupport::Callbacks#run_callbacks'
actionpack (8.1.3) lib/action_dispatch/middleware/callbacks.rb:30:in 'ActionDispatch::Callbacks#call'
actionpack (8.1.3) lib/action_dispatch/middleware/executor.rb:20:in 'ActionDispatch::Executor#call'
actionpack (8.1.3) lib/action_dispatch/middleware/actionable_exceptions.rb:18:in 'ActionDispatch::ActionableExceptions#call'
actionpack (8.1.3) lib/action_dispatch/middleware/debug_exceptions.rb:31:in 'ActionDispatch::DebugExceptions#call'
web-console (4.3.0) lib/web_console/middleware.rb:132:in 'WebConsole::Middleware#call_app'
web-console (4.3.0) lib/web_console/middleware.rb:28:in 'block in WebConsole::Middleware#call'
web-console (4.3.0) lib/web_console/middleware.rb:17:in 'Kernel#catch'
web-console (4.3.0) lib/web_console/middleware.rb:17:in 'WebConsole::Middleware#call'
actionpack (8.1.3) lib/action_dispatch/middleware/show_exceptions.rb:32:in 'ActionDispatch::ShowExceptions#call'
railties (8.1.3) lib/rails/rack/logger.rb:41:in 'Rails::Rack::Logger#call_app'
railties (8.1.3) lib/rails/rack/logger.rb:29:in 'Rails::Rack::Logger#call'
propshaft (1.3.2) lib/propshaft/quiet_assets.rb:11:in 'Propshaft::QuietAssets#call'
actionpack (8.1.3) lib/action_dispatch/middleware/remote_ip.rb:98:in 'ActionDispatch::RemoteIp#call'
actionpack (8.1.3) lib/action_dispatch/middleware/request_id.rb:34:in 'ActionDispatch::RequestId#call'
rack (3.2.6) lib/rack/method_override.rb:28:in 'Rack::MethodOverride#call'
rack (3.2.6) lib/rack/runtime.rb:24:in 'Rack::Runtime#call'
activesupport (8.1.3) lib/active_support/cache/strategy/local_cache_middleware.rb:30:in 'ActiveSupport::Cache::Strategy::LocalCache::Middleware#call'
actionpack (8.1.3) lib/action_dispatch/middleware/server_timing.rb:61:in 'block in ActionDispatch::ServerTiming#call'
actionpack (8.1.3) lib/action_dispatch/middleware/server_timing.rb:26:in 'ActionDispatch::ServerTiming::Subscriber#collect_events'
actionpack (8.1.3) lib/action_dispatch/middleware/server_timing.rb:60:in 'ActionDispatch::ServerTiming#call'
actionpack (8.1.3) lib/action_dispatch/middleware/executor.rb:20:in 'ActionDispatch::Executor#call'
propshaft (1.3.2) lib/propshaft/server.rb:37:in 'Propshaft::Server#call'
actionpack (8.1.3) lib/action_dispatch/middleware/static.rb:27:in 'ActionDispatch::Static#call'
rack (3.2.6) lib/rack/sendfile.rb:131:in 'Rack::Sendfile#call'
actionpack (8.1.3) lib/action_dispatch/middleware/host_authorization.rb:143:in 'ActionDispatch::HostAuthorization#call'
railties (8.1.3) lib/rails/engine.rb:534:in 'Rails::Engine#call'
puma (8.0.2) lib/puma/configuration.rb:305:in 'Puma::Configuration::ConfigMiddleware#call'
puma (8.0.2) lib/puma/response.rb:79:in 'block in Puma::Response#handle_request'
puma (8.0.2) lib/puma/thread_pool.rb:434:in 'Puma::ThreadPool#with_force_shutdown'
puma (8.0.2) lib/puma/response.rb:78:in 'Puma::Response#handle_request'
puma (8.0.2) lib/puma/server.rb:508:in 'Puma::Server#process_client'
puma (8.0.2) lib/puma/server.rb:263:in 'block in Puma::Server#run'
puma (8.0.2) lib/puma/thread_pool.rb:246:in 'block in Puma::ThreadPool#spawn_thread'
Started POST "/rails/actions" for 127.0.0.1 at 2026-06-01 22:53:38 -0500
  [1m[36mActiveRecord::InternalMetadata Load (0.4ms)[0m  [1m[34mSELECT * FROM "ar_internal_metadata" WHERE "ar_internal_metadata"."key" = 'environment' ORDER BY "ar_internal_metadata"."key" ASC LIMIT 1 /*application='Polla'*/[0m
  [1m[36mActiveRecord::InternalMetadata Create (0.3ms)[0m  [1m[32mINSERT INTO "ar_internal_metadata" ("key", "value", "created_at", "updated_at") VALUES ('environment', 'development', '2026-06-02 03:53:38.870100', '2026-06-02 03:53:38.870102') RETURNING "key" /*application='Polla'*/[0m
  [1m[36mActiveRecord::SchemaMigration Load (0.1ms)[0m  [1m[34mSELECT "schema_migrations"."version" FROM "schema_migrations" ORDER BY "schema_migrations"."version" ASC /*application='Polla'*/[0m
Migrating to CreateTournaments (20260602035255)
  [1m[36mTRANSACTION (0.1ms)[0m  [1m[35mBEGIN immediate TRANSACTION /*application='Polla'*/[0m
  [1m[35m (1.2ms)[0m  [1m[35mCREATE TABLE "tournaments" ("id" integer PRIMARY KEY AUTOINCREMENT NOT NULL, "name" varchar, "created_at" datetime(6) NOT NULL, "updated_at" datetime(6) NOT NULL) /*application='Polla'*/[0m
  [1m[36mActiveRecord::SchemaMigration Create (0.1ms)[0m  [1m[32mINSERT INTO "schema_migrations" ("version") VALUES ('20260602035255') RETURNING "version" /*application='Polla'*/[0m
  [1m[36mTRANSACTION (0.1ms)[0m  [1m[35mCOMMIT TRANSACTION /*application='Polla'*/[0m
Migrating to CreateMatches (20260602035258)
  [1m[36mTRANSACTION (0.0ms)[0m  [1m[35mBEGIN immediate TRANSACTION /*application='Polla'*/[0m
  [1m[35m (0.9ms)[0m  [1m[35mCREATE TABLE "matches" ("id" integer PRIMARY KEY AUTOINCREMENT NOT NULL, "tournament_id" integer NOT NULL, "home_team" varchar, "away_team" varchar, "kickoff_at" datetime(6), "home_score" integer, "away_score" integer, "status" varchar, "created_at" datetime(6) NOT NULL, "updated_at" datetime(6) NOT NULL, CONSTRAINT "fk_rails_700eaa2935"
FOREIGN KEY ("tournament_id")
  REFERENCES "tournaments" ("id")
) /*application='Polla'*/[0m
  [1m[35m (0.1ms)[0m  [1m[35mCREATE INDEX "index_matches_on_tournament_id" ON "matches" ("tournament_id") /*application='Polla'*/[0m
  [1m[36mActiveRecord::SchemaMigration Create (0.1ms)[0m  [1m[32mINSERT INTO "schema_migrations" ("version") VALUES ('20260602035258') RETURNING "version" /*application='Polla'*/[0m
  [1m[36mTRANSACTION (0.1ms)[0m  [1m[35mCOMMIT TRANSACTION /*application='Polla'*/[0m
  [1m[36mActiveRecord::SchemaMigration Load (0.5ms)[0m  [1m[34mSELECT "schema_migrations"."version" FROM "schema_migrations" ORDER BY "schema_migrations"."version" ASC /*application='Polla'*/[0m
Started GET "/" for 127.0.0.1 at 2026-06-01 22:53:38 -0500
  [1m[36mActiveRecord::SchemaMigration Load (0.0ms)[0m  [1m[34mSELECT "schema_migrations"."version" FROM "schema_migrations" ORDER BY "schema_migrations"."version" ASC /*application='Polla'*/[0m
Processing by Rails::WelcomeController#index as HTML
  Rendering /Users/oscarortega/.local/share/mise/installs/ruby/4.0.5/lib/ruby/gems/4.0.0/gems/railties-8.1.3/lib/rails/templates/rails/welcome/index.html.erb
  Rendered /Users/oscarortega/.local/share/mise/installs/ruby/4.0.5/lib/ruby/gems/4.0.0/gems/railties-8.1.3/lib/rails/templates/rails/welcome/index.html.erb (Duration: 0.2ms | GC: 0.0ms)
Completed 200 OK in 3ms (Views: 0.9ms | ActiveRecord: 0.0ms (0 queries, 0 cached) | GC: 0.2ms)


  [1m[36mActiveRecord::InternalMetadata Load (0.1ms)[0m  [1m[34mSELECT * FROM "ar_internal_metadata" WHERE "ar_internal_metadata"."key" = 'environment' ORDER BY "ar_internal_metadata"."key" ASC LIMIT 1 /*application='Polla'*/[0m
  [1m[36mActiveRecord::SchemaMigration Load (0.0ms)[0m  [1m[34mSELECT "schema_migrations"."version" FROM "schema_migrations" ORDER BY "schema_migrations"."version" ASC /*application='Polla'*/[0m
  [1m[36mActiveRecord::SchemaMigration Load (0.0ms)[0m  [1m[34mSELECT "schema_migrations"."version" FROM "schema_migrations" ORDER BY "schema_migrations"."version" ASC /*application='Polla'*/[0m
  [1m[36mActiveRecord::SchemaMigration Load (0.1ms)[0m  [1m[34mSELECT "schema_migrations"."version" FROM "schema_migrations" ORDER BY "schema_migrations"."version" ASC /*application='Polla'*/[0m
  [1m[36mActiveRecord::InternalMetadata Load (0.2ms)[0m  [1m[34mSELECT * FROM "ar_internal_metadata" WHERE "ar_internal_metadata"."key" = 'environment' ORDER BY "ar_internal_metadata"."key" ASC LIMIT 1 /*application='Polla'*/[0m
  [1m[36mActiveRecord::SchemaMigration Load (0.0ms)[0m  [1m[34mSELECT "schema_migrations"."version" FROM "schema_migrations" ORDER BY "schema_migrations"."version" ASC /*application='Polla'*/[0m
Migrating to CreatePlayers (20260602035633)
  [1m[36mTRANSACTION (0.0ms)[0m  [1m[35mBEGIN immediate TRANSACTION /*application='Polla'*/[0m
  [1m[35m (0.3ms)[0m  [1m[35mCREATE TABLE "players" ("id" integer PRIMARY KEY AUTOINCREMENT NOT NULL, "name" varchar, "session_token" varchar, "created_at" datetime(6) NOT NULL, "updated_at" datetime(6) NOT NULL) /*application='Polla'*/[0m
  [1m[35m (0.0ms)[0m  [1m[35mCREATE UNIQUE INDEX "index_players_on_session_token" ON "players" ("session_token") /*application='Polla'*/[0m
  [1m[36mActiveRecord::SchemaMigration Create (0.0ms)[0m  [1m[32mINSERT INTO "schema_migrations" ("version") VALUES ('20260602035633') RETURNING "version" /*application='Polla'*/[0m
  [1m[36mTRANSACTION (0.1ms)[0m  [1m[35mCOMMIT TRANSACTION /*application='Polla'*/[0m
  [1m[36mActiveRecord::SchemaMigration Load (0.0ms)[0m  [1m[34mSELECT "schema_migrations"."version" FROM "schema_migrations" ORDER BY "schema_migrations"."version" ASC /*application='Polla'*/[0m
  [1m[36mActiveRecord::InternalMetadata Load (0.1ms)[0m  [1m[34mSELECT * FROM "ar_internal_metadata" WHERE "ar_internal_metadata"."key" = 'environment' ORDER BY "ar_internal_metadata"."key" ASC LIMIT 1 /*application='Polla'*/[0m
  [1m[36mActiveRecord::SchemaMigration Load (0.0ms)[0m  [1m[34mSELECT "schema_migrations"."version" FROM "schema_migrations" ORDER BY "schema_migrations"."version" ASC /*application='Polla'*/[0m
Migrating to CreatePredictions (20260602040004)
  [1m[36mTRANSACTION (0.0ms)[0m  [1m[35mBEGIN immediate TRANSACTION /*application='Polla'*/[0m
  [1m[35m (0.3ms)[0m  [1m[35mCREATE TABLE "predictions" ("id" integer PRIMARY KEY AUTOINCREMENT NOT NULL, "player_id" integer NOT NULL, "match_id" integer NOT NULL, "home_pred" integer, "away_pred" integer, "created_at" datetime(6) NOT NULL, "updated_at" datetime(6) NOT NULL, CONSTRAINT "fk_rails_d93e8b22fe"
FOREIGN KEY ("player_id")
  REFERENCES "players" ("id")
, CONSTRAINT "fk_rails_efbcaaab9d"
FOREIGN KEY ("match_id")
  REFERENCES "matches" ("id")
) /*application='Polla'*/[0m
  [1m[35m (0.0ms)[0m  [1m[35mCREATE INDEX "index_predictions_on_player_id" ON "predictions" ("player_id") /*application='Polla'*/[0m
  [1m[35m (0.0ms)[0m  [1m[35mCREATE INDEX "index_predictions_on_match_id" ON "predictions" ("match_id") /*application='Polla'*/[0m
  [1m[36mActiveRecord::SchemaMigration Create (0.0ms)[0m  [1m[32mINSERT INTO "schema_migrations" ("version") VALUES ('20260602040004') RETURNING "version" /*application='Polla'*/[0m
  [1m[36mTRANSACTION (0.1ms)[0m  [1m[35mCOMMIT TRANSACTION /*application='Polla'*/[0m
  [1m[36mActiveRecord::SchemaMigration Load (0.0ms)[0m  [1m[34mSELECT "schema_migrations"."version" FROM "schema_migrations" ORDER BY "schema_migrations"."version" ASC /*application='Polla'*/[0m
  [1m[36mActiveRecord::InternalMetadata Load (0.1ms)[0m  [1m[34mSELECT * FROM "ar_internal_metadata" WHERE "ar_internal_metadata"."key" = 'environment' ORDER BY "ar_internal_metadata"."key" ASC LIMIT 1 /*application='Polla'*/[0m
  [1m[36mActiveRecord::SchemaMigration Load (0.0ms)[0m  [1m[34mSELECT "schema_migrations"."version" FROM "schema_migrations" ORDER BY "schema_migrations"."version" ASC /*application='Polla'*/[0m
Migrating to AddUniqueIndexToPredictions (20260602040055)
  [1m[36mTRANSACTION (0.0ms)[0m  [1m[35mBEGIN immediate TRANSACTION /*application='Polla'*/[0m
  [1m[35m (0.3ms)[0m  [1m[35mCREATE UNIQUE INDEX "index_predictions_on_player_id_and_match_id" ON "predictions" ("player_id", "match_id") /*application='Polla'*/[0m
  [1m[36mActiveRecord::SchemaMigration Create (0.0ms)[0m  [1m[32mINSERT INTO "schema_migrations" ("version") VALUES ('20260602040055') RETURNING "version" /*application='Polla'*/[0m
  [1m[36mTRANSACTION (0.1ms)[0m  [1m[35mCOMMIT TRANSACTION /*application='Polla'*/[0m
  [1m[36mActiveRecord::SchemaMigration Load (0.0ms)[0m  [1m[34mSELECT "schema_migrations"."version" FROM "schema_migrations" ORDER BY "schema_migrations"."version" ASC /*application='Polla'*/[0m
  [1m[36mTRANSACTION (0.0ms)[0m  [1m[35mBEGIN immediate TRANSACTION /*application='Polla'*/[0m
  [1m[36mTournament Create (0.6ms)[0m  [1m[32mINSERT INTO "tournaments" ("name", "created_at", "updated_at") VALUES ('Test', '2026-06-02 12:20:57.114389', '2026-06-02 12:20:57.114389') RETURNING "id" /*application='Polla'*/[0m
  [1m[36mTRANSACTION (0.1ms)[0m  [1m[35mCOMMIT TRANSACTION /*application='Polla'*/[0m
  [1m[36mTRANSACTION (0.0ms)[0m  [1m[35mBEGIN immediate TRANSACTION /*application='Polla'*/[0m
  [1m[36mMatch Create (0.5ms)[0m  [1m[32mINSERT INTO "matches" ("tournament_id", "home_team", "away_team", "kickoff_at", "home_score", "away_score", "status", "created_at", "updated_at") VALUES (1, 'ARG', 'BRA', '2026-06-02 14:20:57.119531', NULL, NULL, 'scheduled', '2026-06-02 12:20:57.122227', '2026-06-02 12:20:57.122227') RETURNING "id" /*application='Polla'*/[0m
  [1m[36mTRANSACTION (0.0ms)[0m  [1m[35mCOMMIT TRANSACTION /*application='Polla'*/[0m
  [1m[36mActiveRecord::SchemaMigration Load (0.1ms)[0m  [1m[34mSELECT "schema_migrations"."version" FROM "schema_migrations" ORDER BY "schema_migrations"."version" ASC /*application='Polla'*/[0m
  [1m[36mTournament Load (0.3ms)[0m  [1m[34mSELECT "tournaments".* FROM "tournaments" ORDER BY "tournaments"."id" ASC LIMIT 1 /*application='Polla'*/[0m
  [1m[36mMatch Exists? (0.0ms)[0m  [1m[34mSELECT 1 AS one FROM "matches" WHERE "matches"."tournament_id" = 1 LIMIT 1 /*application='Polla'*/[0m
  [1m[36mTournament Count (0.6ms)[0m  [1m[34mSELECT COUNT(*) FROM "tournaments" /*application='Polla'*/[0m
  [1m[36mMatch Count (0.0ms)[0m  [1m[34mSELECT COUNT(*) FROM "matches" /*application='Polla'*/[0m
  [1m[36mActiveRecord::SchemaMigration Load (0.0ms)[0m  [1m[34mSELECT "schema_migrations"."version" FROM "schema_migrations" ORDER BY "schema_migrations"."version" ASC /*application='Polla'*/[0m
  [1m[36mActiveRecord::InternalMetadata Load (0.0ms)[0m  [1m[34mSELECT * FROM "ar_internal_metadata" WHERE "ar_internal_metadata"."key" = 'environment' ORDER BY "ar_internal_metadata"."key" ASC LIMIT 1 /*application='Polla'*/[0m
  [1m[36mActiveRecord::SchemaMigration Load (0.0ms)[0m  [1m[34mSELECT "schema_migrations"."version" FROM "schema_migrations" ORDER BY "schema_migrations"."version" ASC /*application='Polla'*/[0m
  [1m[36mActiveRecord::InternalMetadata Load (0.0ms)[0m  [1m[34mSELECT * FROM "ar_internal_metadata" WHERE "ar_internal_metadata"."key" = 'environment' ORDER BY "ar_internal_metadata"."key" ASC LIMIT 1 /*application='Polla'*/[0m
  [1m[36mActiveRecord::SchemaMigration Load (0.0ms)[0m  [1m[34mSELECT "schema_migrations"."version" FROM "schema_migrations" ORDER BY "schema_migrations"."version" ASC /*application='Polla'*/[0m
  [1m[36mActiveRecord::InternalMetadata Load (0.0ms)[0m  [1m[34mSELECT * FROM "ar_internal_metadata" WHERE "ar_internal_metadata"."key" = 'environment' ORDER BY "ar_internal_metadata"."key" ASC LIMIT 1 /*application='Polla'*/[0m
  [1m[35m (0.4ms)[0m  [1m[35mDROP TABLE IF EXISTS "matches" /*application='Polla'*/[0m
  [1m[35m (0.2ms)[0m  [1m[35mCREATE TABLE "matches" ("id" integer PRIMARY KEY AUTOINCREMENT NOT NULL, "away_score" integer, "away_team" varchar, "created_at" datetime(6) NOT NULL, "home_score" integer, "home_team" varchar, "kickoff_at" datetime(6), "status" varchar, "tournament_id" integer NOT NULL, "updated_at" datetime(6) NOT NULL) /*application='Polla'*/[0m
  [1m[35m (0.0ms)[0m  [1m[35mCREATE INDEX "index_matches_on_tournament_id" ON "matches" ("tournament_id") /*application='Polla'*/[0m
  [1m[35m (0.0ms)[0m  [1m[35mDROP TABLE IF EXISTS "players" /*application='Polla'*/[0m
  [1m[35m (0.0ms)[0m  [1m[35mCREATE TABLE "players" ("id" integer PRIMARY KEY AUTOINCREMENT NOT NULL, "created_at" datetime(6) NOT NULL, "name" varchar, "session_token" varchar, "updated_at" datetime(6) NOT NULL) /*application='Polla'*/[0m
  [1m[35m (0.0ms)[0m  [1m[35mCREATE UNIQUE INDEX "index_players_on_session_token" ON "players" ("session_token") /*application='Polla'*/[0m
  [1m[35m (0.0ms)[0m  [1m[35mDROP TABLE IF EXISTS "predictions" /*application='Polla'*/[0m
  [1m[35m (0.0ms)[0m  [1m[35mCREATE TABLE "predictions" ("id" integer PRIMARY KEY AUTOINCREMENT NOT NULL, "away_pred" integer, "created_at" datetime(6) NOT NULL, "home_pred" integer, "match_id" integer NOT NULL, "player_id" integer NOT NULL, "updated_at" datetime(6) NOT NULL) /*application='Polla'*/[0m
  [1m[35m (0.0ms)[0m  [1m[35mCREATE INDEX "index_predictions_on_match_id" ON "predictions" ("match_id") /*application='Polla'*/[0m
  [1m[35m (0.0ms)[0m  [1m[35mCREATE UNIQUE INDEX "index_predictions_on_player_id_and_match_id" ON "predictions" ("player_id", "match_id") /*application='Polla'*/[0m
  [1m[35m (0.0ms)[0m  [1m[35mCREATE INDEX "index_predictions_on_player_id" ON "predictions" ("player_id") /*application='Polla'*/[0m
  [1m[35m (0.0ms)[0m  [1m[35mDROP TABLE IF EXISTS "tournaments" /*application='Polla'*/[0m
  [1m[35m (0.0ms)[0m  [1m[35mCREATE TABLE "tournaments" ("id" integer PRIMARY KEY AUTOINCREMENT NOT NULL, "created_at" datetime(6) NOT NULL, "name" varchar, "updated_at" datetime(6) NOT NULL) /*application='Polla'*/[0m
  [1m[35m (0.0ms)[0m  [1m[35mPRAGMA foreign_keys /*application='Polla'*/[0m
  [1m[35m (0.0ms)[0m  [1m[35mPRAGMA defer_foreign_keys /*application='Polla'*/[0m
  [1m[35m (0.0ms)[0m  [1m[35mPRAGMA defer_foreign_keys = ON /*application='Polla'*/[0m
  [1m[35m (0.0ms)[0m  [1m[35mPRAGMA foreign_keys = OFF /*application='Polla'*/[0m
  [1m[36mTRANSACTION (0.0ms)[0m  [1m[35mBEGIN immediate TRANSACTION /*application='Polla'*/[0m
  [1m[35m (0.0ms)[0m  [1m[35mCREATE TEMPORARY TABLE "amatches" ("id" integer PRIMARY KEY AUTOINCREMENT NOT NULL, "away_score" integer, "away_team" varchar, "created_at" datetime(6) NOT NULL, "home_score" integer, "home_team" varchar, "kickoff_at" datetime(6), "status" varchar, "tournament_id" integer NOT NULL, "updated_at" datetime(6) NOT NULL) /*application='Polla'*/[0m
  [1m[35m (0.0ms)[0m  [1m[35mCREATE INDEX "tindex_amatches_on_tournament_id" ON "amatches" ("tournament_id") /*application='Polla'*/[0m
  [1m[35mSQL (0.0ms)[0m  [1m[32mINSERT INTO "amatches" ("id","away_score","away_team","created_at","home_score","home_team","kickoff_at","status","tournament_id","updated_at")
                     SELECT "id","away_score","away_team","created_at","home_score","home_team","kickoff_at","status","tournament_id","updated_at" FROM "matches" /*application='Polla'*/[0m
  [1m[35m (0.0ms)[0m  [1m[35mDROP TABLE "matches" /*application='Polla'*/[0m
  [1m[35m (0.0ms)[0m  [1m[35mCREATE TABLE "matches" ("id" integer PRIMARY KEY AUTOINCREMENT NOT NULL, "away_score" integer, "away_team" varchar, "created_at" datetime(6) NOT NULL, "home_score" integer, "home_team" varchar, "kickoff_at" datetime(6), "status" varchar, "tournament_id" integer NOT NULL, "updated_at" datetime(6) NOT NULL, CONSTRAINT "fk_rails_700eaa2935"
FOREIGN KEY ("tournament_id")
  REFERENCES "tournaments" ("id")
) /*application='Polla'*/[0m
  [1m[35m (0.0ms)[0m  [1m[35mCREATE INDEX "index_matches_on_tournament_id" ON "matches" ("tournament_id") /*application='Polla'*/[0m
  [1m[35mSQL (0.0ms)[0m  [1m[32mINSERT INTO "matches" ("id","away_score","away_team","created_at","home_score","home_team","kickoff_at","status","tournament_id","updated_at")
                     SELECT "id","away_score","away_team","created_at","home_score","home_team","kickoff_at","status","tournament_id","updated_at" FROM "amatches" /*application='Polla'*/[0m
  [1m[35m (0.0ms)[0m  [1m[35mDROP TABLE "amatches" /*application='Polla'*/[0m
  [1m[36mTRANSACTION (0.0ms)[0m  [1m[35mCOMMIT TRANSACTION /*application='Polla'*/[0m
  [1m[35m (0.0ms)[0m  [1m[35mPRAGMA defer_foreign_keys = 0 /*application='Polla'*/[0m
  [1m[35m (0.0ms)[0m  [1m[35mPRAGMA foreign_keys = 1 /*application='Polla'*/[0m
  [1m[35m (0.0ms)[0m  [1m[35mPRAGMA foreign_keys /*application='Polla'*/[0m
  [1m[35m (0.0ms)[0m  [1m[35mPRAGMA defer_foreign_keys /*application='Polla'*/[0m
  [1m[35m (0.0ms)[0m  [1m[35mPRAGMA defer_foreign_keys = ON /*application='Polla'*/[0m
  [1m[35m (0.0ms)[0m  [1m[35mPRAGMA foreign_keys = OFF /*application='Polla'*/[0m
  [1m[36mTRANSACTION (0.0ms)[0m  [1m[35mBEGIN immediate TRANSACTION /*application='Polla'*/[0m
  [1m[35m (0.0ms)[0m  [1m[35mCREATE TEMPORARY TABLE "apredictions" ("id" integer PRIMARY KEY AUTOINCREMENT NOT NULL, "away_pred" integer, "created_at" datetime(6) NOT NULL, "home_pred" integer, "match_id" integer NOT NULL, "player_id" integer NOT NULL, "updated_at" datetime(6) NOT NULL) /*application='Polla'*/[0m
  [1m[35m (0.0ms)[0m  [1m[35mCREATE INDEX "tindex_apredictions_on_player_id" ON "apredictions" ("player_id") /*application='Polla'*/[0m
  [1m[35m (0.0ms)[0m  [1m[35mCREATE UNIQUE INDEX "tindex_apredictions_on_player_id_and_match_id" ON "apredictions" ("player_id", "match_id") /*application='Polla'*/[0m
  [1m[35m (0.0ms)[0m  [1m[35mCREATE INDEX "tindex_apredictions_on_match_id" ON "apredictions" ("match_id") /*application='Polla'*/[0m
  [1m[35mSQL (0.0ms)[0m  [1m[32mINSERT INTO "apredictions" ("id","away_pred","created_at","home_pred","match_id","player_id","updated_at")
                     SELECT "id","away_pred","created_at","home_pred","match_id","player_id","updated_at" FROM "predictions" /*application='Polla'*/[0m
  [1m[35m (0.0ms)[0m  [1m[35mDROP TABLE "predictions" /*application='Polla'*/[0m
  [1m[35m (0.0ms)[0m  [1m[35mCREATE TABLE "predictions" ("id" integer PRIMARY KEY AUTOINCREMENT NOT NULL, "away_pred" integer, "created_at" datetime(6) NOT NULL, "home_pred" integer, "match_id" integer NOT NULL, "player_id" integer NOT NULL, "updated_at" datetime(6) NOT NULL, CONSTRAINT "fk_rails_efbcaaab9d"
FOREIGN KEY ("match_id")
  REFERENCES "matches" ("id")
) /*application='Polla'*/[0m
  [1m[35m (0.0ms)[0m  [1m[35mCREATE INDEX "index_predictions_on_match_id" ON "predictions" ("match_id") /*application='Polla'*/[0m
  [1m[35m (0.0ms)[0m  [1m[35mCREATE UNIQUE INDEX "index_predictions_on_player_id_and_match_id" ON "predictions" ("player_id", "match_id") /*application='Polla'*/[0m
  [1m[35m (0.0ms)[0m  [1m[35mCREATE INDEX "index_predictions_on_player_id" ON "predictions" ("player_id") /*application='Polla'*/[0m
  [1m[35mSQL (0.0ms)[0m  [1m[32mINSERT INTO "predictions" ("id","away_pred","created_at","home_pred","match_id","player_id","updated_at")
                     SELECT "id","away_pred","created_at","home_pred","match_id","player_id","updated_at" FROM "apredictions" /*application='Polla'*/[0m
  [1m[35m (0.0ms)[0m  [1m[35mDROP TABLE "apredictions" /*application='Polla'*/[0m
  [1m[36mTRANSACTION (0.0ms)[0m  [1m[35mCOMMIT TRANSACTION /*application='Polla'*/[0m
  [1m[35m (0.0ms)[0m  [1m[35mPRAGMA defer_foreign_keys = 0 /*application='Polla'*/[0m
  [1m[35m (0.0ms)[0m  [1m[35mPRAGMA foreign_keys = 1 /*application='Polla'*/[0m
  [1m[35m (0.0ms)[0m  [1m[35mPRAGMA foreign_keys /*application='Polla'*/[0m
  [1m[35m (0.0ms)[0m  [1m[35mPRAGMA defer_foreign_keys /*application='Polla'*/[0m
  [1m[35m (0.0ms)[0m  [1m[35mPRAGMA defer_foreign_keys = ON /*application='Polla'*/[0m
  [1m[35m (0.0ms)[0m  [1m[35mPRAGMA foreign_keys = OFF /*application='Polla'*/[0m
  [1m[36mTRANSACTION (0.0ms)[0m  [1m[35mBEGIN immediate TRANSACTION /*application='Polla'*/[0m
  [1m[35m (0.0ms)[0m  [1m[35mCREATE TEMPORARY TABLE "apredictions" ("id" integer PRIMARY KEY AUTOINCREMENT NOT NULL, "away_pred" integer, "created_at" datetime(6) NOT NULL, "home_pred" integer, "match_id" integer NOT NULL, "player_id" integer NOT NULL, "updated_at" datetime(6) NOT NULL) /*application='Polla'*/[0m
  [1m[35m (0.0ms)[0m  [1m[35mCREATE INDEX "tindex_apredictions_on_player_id" ON "apredictions" ("player_id") /*application='Polla'*/[0m
  [1m[35m (0.0ms)[0m  [1m[35mCREATE UNIQUE INDEX "tindex_apredictions_on_player_id_and_match_id" ON "apredictions" ("player_id", "match_id") /*application='Polla'*/[0m
  [1m[35m (0.0ms)[0m  [1m[35mCREATE INDEX "tindex_apredictions_on_match_id" ON "apredictions" ("match_id") /*application='Polla'*/[0m
  [1m[35mSQL (0.0ms)[0m  [1m[32mINSERT INTO "apredictions" ("id","away_pred","created_at","home_pred","match_id","player_id","updated_at")
                     SELECT "id","away_pred","created_at","home_pred","match_id","player_id","updated_at" FROM "predictions" /*application='Polla'*/[0m
  [1m[35m (0.0ms)[0m  [1m[35mDROP TABLE "predictions" /*application='Polla'*/[0m
  [1m[35m (0.0ms)[0m  [1m[35mCREATE TABLE "predictions" ("id" integer PRIMARY KEY AUTOINCREMENT NOT NULL, "away_pred" integer, "created_at" datetime(6) NOT NULL, "home_pred" integer, "match_id" integer NOT NULL, "player_id" integer NOT NULL, "updated_at" datetime(6) NOT NULL, CONSTRAINT "fk_rails_efbcaaab9d"
FOREIGN KEY ("match_id")
  REFERENCES "matches" ("id")
, CONSTRAINT "fk_rails_d93e8b22fe"
FOREIGN KEY ("player_id")
  REFERENCES "players" ("id")
) /*application='Polla'*/[0m
  [1m[35m (0.0ms)[0m  [1m[35mCREATE INDEX "index_predictions_on_match_id" ON "predictions" ("match_id") /*application='Polla'*/[0m
  [1m[35m (0.0ms)[0m  [1m[35mCREATE UNIQUE INDEX "index_predictions_on_player_id_and_match_id" ON "predictions" ("player_id", "match_id") /*application='Polla'*/[0m
  [1m[35m (0.0ms)[0m  [1m[35mCREATE INDEX "index_predictions_on_player_id" ON "predictions" ("player_id") /*application='Polla'*/[0m
  [1m[35mSQL (0.0ms)[0m  [1m[32mINSERT INTO "predictions" ("id","away_pred","created_at","home_pred","match_id","player_id","updated_at")
                     SELECT "id","away_pred","created_at","home_pred","match_id","player_id","updated_at" FROM "apredictions" /*application='Polla'*/[0m
  [1m[35m (0.0ms)[0m  [1m[35mDROP TABLE "apredictions" /*application='Polla'*/[0m
  [1m[36mTRANSACTION (0.0ms)[0m  [1m[35mCOMMIT TRANSACTION /*application='Polla'*/[0m
  [1m[35m (0.0ms)[0m  [1m[35mPRAGMA defer_foreign_keys = 0 /*application='Polla'*/[0m
  [1m[35m (0.0ms)[0m  [1m[35mPRAGMA foreign_keys = 1 /*application='Polla'*/[0m
  [1m[35m (0.0ms)[0m  [1m[35mCREATE TABLE "schema_migrations" ("version" varchar NOT NULL PRIMARY KEY) /*application='Polla'*/[0m
  [1m[36mActiveRecord::SchemaMigration Load (0.0ms)[0m  [1m[34mSELECT "schema_migrations"."version" FROM "schema_migrations" ORDER BY "schema_migrations"."version" ASC /*application='Polla'*/[0m
  [1m[35m (0.0ms)[0m  [1m[32mINSERT INTO "schema_migrations" (version) VALUES (20260602040055) /*application='Polla'*/[0m
  [1m[35m (0.0ms)[0m  [1m[32mINSERT INTO "schema_migrations" (version) VALUES
(20260602040004),
(20260602035633),
(20260602035258),
(20260602035255); /*application='Polla'*/[0m
  [1m[35m (0.0ms)[0m  [1m[35mCREATE TABLE "ar_internal_metadata" ("key" varchar NOT NULL PRIMARY KEY, "value" varchar, "created_at" datetime(6) NOT NULL, "updated_at" datetime(6) NOT NULL) /*application='Polla'*/[0m
  [1m[36mActiveRecord::InternalMetadata Load (0.0ms)[0m  [1m[34mSELECT * FROM "ar_internal_metadata" WHERE "ar_internal_metadata"."key" = 'environment' ORDER BY "ar_internal_metadata"."key" ASC LIMIT 1 /*application='Polla'*/[0m
  [1m[36mActiveRecord::InternalMetadata Create (0.0ms)[0m  [1m[32mINSERT INTO "ar_internal_metadata" ("key", "value", "created_at", "updated_at") VALUES ('environment', 'development', '2026-06-02 12:40:18.675307', '2026-06-02 12:40:18.675308') RETURNING "key" /*application='Polla'*/[0m
  [1m[36mActiveRecord::InternalMetadata Load (0.0ms)[0m  [1m[34mSELECT * FROM "ar_internal_metadata" WHERE "ar_internal_metadata"."key" = 'environment' ORDER BY "ar_internal_metadata"."key" ASC LIMIT 1 /*application='Polla'*/[0m
  [1m[36mActiveRecord::InternalMetadata Load (0.0ms)[0m  [1m[34mSELECT * FROM "ar_internal_metadata" WHERE "ar_internal_metadata"."key" = 'schema_sha1' ORDER BY "ar_internal_metadata"."key" ASC LIMIT 1 /*application='Polla'*/[0m
  [1m[36mActiveRecord::InternalMetadata Create (0.0ms)[0m  [1m[32mINSERT INTO "ar_internal_metadata" ("key", "value", "created_at", "updated_at") VALUES ('schema_sha1', '6a97269bf1657fe10425ea9f54caaf1f3751d683', '2026-06-02 12:40:18.676030', '2026-06-02 12:40:18.676031') RETURNING "key" /*application='Polla'*/[0m
  [1m[35m (0.2ms)[0m  [1m[35mDROP TABLE IF EXISTS "matches" /*application='Polla'*/[0m
  [1m[35m (0.1ms)[0m  [1m[35mCREATE TABLE "matches" ("id" integer PRIMARY KEY AUTOINCREMENT NOT NULL, "away_score" integer, "away_team" varchar, "created_at" datetime(6) NOT NULL, "home_score" integer, "home_team" varchar, "kickoff_at" datetime(6), "status" varchar, "tournament_id" integer NOT NULL, "updated_at" datetime(6) NOT NULL) /*application='Polla'*/[0m
  [1m[35m (0.0ms)[0m  [1m[35mCREATE INDEX "index_matches_on_tournament_id" ON "matches" ("tournament_id") /*application='Polla'*/[0m
  [1m[35m (0.0ms)[0m  [1m[35mDROP TABLE IF EXISTS "players" /*application='Polla'*/[0m
  [1m[35m (0.0ms)[0m  [1m[35mCREATE TABLE "players" ("id" integer PRIMARY KEY AUTOINCREMENT NOT NULL, "created_at" datetime(6) NOT NULL, "name" varchar, "session_token" varchar, "updated_at" datetime(6) NOT NULL) /*application='Polla'*/[0m
  [1m[35m (0.0ms)[0m  [1m[35mCREATE UNIQUE INDEX "index_players_on_session_token" ON "players" ("session_token") /*application='Polla'*/[0m
  [1m[35m (0.0ms)[0m  [1m[35mDROP TABLE IF EXISTS "predictions" /*application='Polla'*/[0m
  [1m[35m (0.0ms)[0m  [1m[35mCREATE TABLE "predictions" ("id" integer PRIMARY KEY AUTOINCREMENT NOT NULL, "away_pred" integer, "created_at" datetime(6) NOT NULL, "home_pred" integer, "match_id" integer NOT NULL, "player_id" integer NOT NULL, "updated_at" datetime(6) NOT NULL) /*application='Polla'*/[0m
  [1m[35m (0.0ms)[0m  [1m[35mCREATE INDEX "index_predictions_on_match_id" ON "predictions" ("match_id") /*application='Polla'*/[0m
  [1m[35m (0.0ms)[0m  [1m[35mCREATE UNIQUE INDEX "index_predictions_on_player_id_and_match_id" ON "predictions" ("player_id", "match_id") /*application='Polla'*/[0m
  [1m[35m (0.0ms)[0m  [1m[35mCREATE INDEX "index_predictions_on_player_id" ON "predictions" ("player_id") /*application='Polla'*/[0m
  [1m[35m (0.0ms)[0m  [1m[35mDROP TABLE IF EXISTS "tournaments" /*application='Polla'*/[0m
  [1m[35m (0.0ms)[0m  [1m[35mCREATE TABLE "tournaments" ("id" integer PRIMARY KEY AUTOINCREMENT NOT NULL, "created_at" datetime(6) NOT NULL, "name" varchar, "updated_at" datetime(6) NOT NULL) /*application='Polla'*/[0m
  [1m[35m (0.0ms)[0m  [1m[35mPRAGMA foreign_keys /*application='Polla'*/[0m
  [1m[35m (0.0ms)[0m  [1m[35mPRAGMA defer_foreign_keys /*application='Polla'*/[0m
  [1m[35m (0.0ms)[0m  [1m[35mPRAGMA defer_foreign_keys = ON /*application='Polla'*/[0m
  [1m[35m (0.0ms)[0m  [1m[35mPRAGMA foreign_keys = OFF /*application='Polla'*/[0m
  [1m[36mTRANSACTION (0.0ms)[0m  [1m[35mBEGIN immediate TRANSACTION /*application='Polla'*/[0m
  [1m[35m (0.0ms)[0m  [1m[35mCREATE TEMPORARY TABLE "amatches" ("id" integer PRIMARY KEY AUTOINCREMENT NOT NULL, "away_score" integer, "away_team" varchar, "created_at" datetime(6) NOT NULL, "home_score" integer, "home_team" varchar, "kickoff_at" datetime(6), "status" varchar, "tournament_id" integer NOT NULL, "updated_at" datetime(6) NOT NULL) /*application='Polla'*/[0m
  [1m[35m (0.0ms)[0m  [1m[35mCREATE INDEX "tindex_amatches_on_tournament_id" ON "amatches" ("tournament_id") /*application='Polla'*/[0m
  [1m[35mSQL (0.0ms)[0m  [1m[32mINSERT INTO "amatches" ("id","away_score","away_team","created_at","home_score","home_team","kickoff_at","status","tournament_id","updated_at")
                     SELECT "id","away_score","away_team","created_at","home_score","home_team","kickoff_at","status","tournament_id","updated_at" FROM "matches" /*application='Polla'*/[0m
  [1m[35m (0.0ms)[0m  [1m[35mDROP TABLE "matches" /*application='Polla'*/[0m
  [1m[35m (0.0ms)[0m  [1m[35mCREATE TABLE "matches" ("id" integer PRIMARY KEY AUTOINCREMENT NOT NULL, "away_score" integer, "away_team" varchar, "created_at" datetime(6) NOT NULL, "home_score" integer, "home_team" varchar, "kickoff_at" datetime(6), "status" varchar, "tournament_id" integer NOT NULL, "updated_at" datetime(6) NOT NULL, CONSTRAINT "fk_rails_700eaa2935"
FOREIGN KEY ("tournament_id")
  REFERENCES "tournaments" ("id")
) /*application='Polla'*/[0m
  [1m[35m (0.0ms)[0m  [1m[35mCREATE INDEX "index_matches_on_tournament_id" ON "matches" ("tournament_id") /*application='Polla'*/[0m
  [1m[35mSQL (0.0ms)[0m  [1m[32mINSERT INTO "matches" ("id","away_score","away_team","created_at","home_score","home_team","kickoff_at","status","tournament_id","updated_at")
                     SELECT "id","away_score","away_team","created_at","home_score","home_team","kickoff_at","status","tournament_id","updated_at" FROM "amatches" /*application='Polla'*/[0m
  [1m[35m (0.0ms)[0m  [1m[35mDROP TABLE "amatches" /*application='Polla'*/[0m
  [1m[36mTRANSACTION (0.0ms)[0m  [1m[35mCOMMIT TRANSACTION /*application='Polla'*/[0m
  [1m[35m (0.0ms)[0m  [1m[35mPRAGMA defer_foreign_keys = 0 /*application='Polla'*/[0m
  [1m[35m (0.0ms)[0m  [1m[35mPRAGMA foreign_keys = 1 /*application='Polla'*/[0m
  [1m[35m (0.0ms)[0m  [1m[35mPRAGMA foreign_keys /*application='Polla'*/[0m
  [1m[35m (0.0ms)[0m  [1m[35mPRAGMA defer_foreign_keys /*application='Polla'*/[0m
  [1m[35m (0.0ms)[0m  [1m[35mPRAGMA defer_foreign_keys = ON /*application='Polla'*/[0m
  [1m[35m (0.0ms)[0m  [1m[35mPRAGMA foreign_keys = OFF /*application='Polla'*/[0m
  [1m[36mTRANSACTION (0.0ms)[0m  [1m[35mBEGIN immediate TRANSACTION /*application='Polla'*/[0m
  [1m[35m (0.0ms)[0m  [1m[35mCREATE TEMPORARY TABLE "apredictions" ("id" integer PRIMARY KEY AUTOINCREMENT NOT NULL, "away_pred" integer, "created_at" datetime(6) NOT NULL, "home_pred" integer, "match_id" integer NOT NULL, "player_id" integer NOT NULL, "updated_at" datetime(6) NOT NULL) /*application='Polla'*/[0m
  [1m[35m (0.0ms)[0m  [1m[35mCREATE INDEX "tindex_apredictions_on_player_id" ON "apredictions" ("player_id") /*application='Polla'*/[0m
  [1m[35m (0.0ms)[0m  [1m[35mCREATE UNIQUE INDEX "tindex_apredictions_on_player_id_and_match_id" ON "apredictions" ("player_id", "match_id") /*application='Polla'*/[0m
  [1m[35m (0.0ms)[0m  [1m[35mCREATE INDEX "tindex_apredictions_on_match_id" ON "apredictions" ("match_id") /*application='Polla'*/[0m
  [1m[35mSQL (0.0ms)[0m  [1m[32mINSERT INTO "apredictions" ("id","away_pred","created_at","home_pred","match_id","player_id","updated_at")
                     SELECT "id","away_pred","created_at","home_pred","match_id","player_id","updated_at" FROM "predictions" /*application='Polla'*/[0m
  [1m[35m (0.0ms)[0m  [1m[35mDROP TABLE "predictions" /*application='Polla'*/[0m
  [1m[35m (0.0ms)[0m  [1m[35mCREATE TABLE "predictions" ("id" integer PRIMARY KEY AUTOINCREMENT NOT NULL, "away_pred" integer, "created_at" datetime(6) NOT NULL, "home_pred" integer, "match_id" integer NOT NULL, "player_id" integer NOT NULL, "updated_at" datetime(6) NOT NULL, CONSTRAINT "fk_rails_efbcaaab9d"
FOREIGN KEY ("match_id")
  REFERENCES "matches" ("id")
) /*application='Polla'*/[0m
  [1m[35m (0.0ms)[0m  [1m[35mCREATE INDEX "index_predictions_on_match_id" ON "predictions" ("match_id") /*application='Polla'*/[0m
  [1m[35m (0.0ms)[0m  [1m[35mCREATE UNIQUE INDEX "index_predictions_on_player_id_and_match_id" ON "predictions" ("player_id", "match_id") /*application='Polla'*/[0m
  [1m[35m (0.0ms)[0m  [1m[35mCREATE INDEX "index_predictions_on_player_id" ON "predictions" ("player_id") /*application='Polla'*/[0m
  [1m[35mSQL (0.0ms)[0m  [1m[32mINSERT INTO "predictions" ("id","away_pred","created_at","home_pred","match_id","player_id","updated_at")
                     SELECT "id","away_pred","created_at","home_pred","match_id","player_id","updated_at" FROM "apredictions" /*application='Polla'*/[0m
  [1m[35m (0.0ms)[0m  [1m[35mDROP TABLE "apredictions" /*application='Polla'*/[0m
  [1m[36mTRANSACTION (0.0ms)[0m  [1m[35mCOMMIT TRANSACTION /*application='Polla'*/[0m
  [1m[35m (0.0ms)[0m  [1m[35mPRAGMA defer_foreign_keys = 0 /*application='Polla'*/[0m
  [1m[35m (0.0ms)[0m  [1m[35mPRAGMA foreign_keys = 1 /*application='Polla'*/[0m
  [1m[35m (0.0ms)[0m  [1m[35mPRAGMA foreign_keys /*application='Polla'*/[0m
  [1m[35m (0.0ms)[0m  [1m[35mPRAGMA defer_foreign_keys /*application='Polla'*/[0m
  [1m[35m (0.0ms)[0m  [1m[35mPRAGMA defer_foreign_keys = ON /*application='Polla'*/[0m
  [1m[35m (0.0ms)[0m  [1m[35mPRAGMA foreign_keys = OFF /*application='Polla'*/[0m
  [1m[36mTRANSACTION (0.0ms)[0m  [1m[35mBEGIN immediate TRANSACTION /*application='Polla'*/[0m
  [1m[35m (0.0ms)[0m  [1m[35mCREATE TEMPORARY TABLE "apredictions" ("id" integer PRIMARY KEY AUTOINCREMENT NOT NULL, "away_pred" integer, "created_at" datetime(6) NOT NULL, "home_pred" integer, "match_id" integer NOT NULL, "player_id" integer NOT NULL, "updated_at" datetime(6) NOT NULL) /*application='Polla'*/[0m
  [1m[35m (0.0ms)[0m  [1m[35mCREATE INDEX "tindex_apredictions_on_player_id" ON "apredictions" ("player_id") /*application='Polla'*/[0m
  [1m[35m (0.0ms)[0m  [1m[35mCREATE UNIQUE INDEX "tindex_apredictions_on_player_id_and_match_id" ON "apredictions" ("player_id", "match_id") /*application='Polla'*/[0m
  [1m[35m (0.0ms)[0m  [1m[35mCREATE INDEX "tindex_apredictions_on_match_id" ON "apredictions" ("match_id") /*application='Polla'*/[0m
  [1m[35mSQL (0.0ms)[0m  [1m[32mINSERT INTO "apredictions" ("id","away_pred","created_at","home_pred","match_id","player_id","updated_at")
                     SELECT "id","away_pred","created_at","home_pred","match_id","player_id","updated_at" FROM "predictions" /*application='Polla'*/[0m
  [1m[35m (0.0ms)[0m  [1m[35mDROP TABLE "predictions" /*application='Polla'*/[0m
  [1m[35m (0.0ms)[0m  [1m[35mCREATE TABLE "predictions" ("id" integer PRIMARY KEY AUTOINCREMENT NOT NULL, "away_pred" integer, "created_at" datetime(6) NOT NULL, "home_pred" integer, "match_id" integer NOT NULL, "player_id" integer NOT NULL, "updated_at" datetime(6) NOT NULL, CONSTRAINT "fk_rails_efbcaaab9d"
FOREIGN KEY ("match_id")
  REFERENCES "matches" ("id")
, CONSTRAINT "fk_rails_d93e8b22fe"
FOREIGN KEY ("player_id")
  REFERENCES "players" ("id")
) /*application='Polla'*/[0m
  [1m[35m (0.0ms)[0m  [1m[35mCREATE INDEX "index_predictions_on_match_id" ON "predictions" ("match_id") /*application='Polla'*/[0m
  [1m[35m (0.0ms)[0m  [1m[35mCREATE UNIQUE INDEX "index_predictions_on_player_id_and_match_id" ON "predictions" ("player_id", "match_id") /*application='Polla'*/[0m
  [1m[35m (0.0ms)[0m  [1m[35mCREATE INDEX "index_predictions_on_player_id" ON "predictions" ("player_id") /*application='Polla'*/[0m
  [1m[35mSQL (0.0ms)[0m  [1m[32mINSERT INTO "predictions" ("id","away_pred","created_at","home_pred","match_id","player_id","updated_at")
                     SELECT "id","away_pred","created_at","home_pred","match_id","player_id","updated_at" FROM "apredictions" /*application='Polla'*/[0m
  [1m[35m (0.0ms)[0m  [1m[35mDROP TABLE "apredictions" /*application='Polla'*/[0m
  [1m[36mTRANSACTION (0.0ms)[0m  [1m[35mCOMMIT TRANSACTION /*application='Polla'*/[0m
  [1m[35m (0.0ms)[0m  [1m[35mPRAGMA defer_foreign_keys = 0 /*application='Polla'*/[0m
  [1m[35m (0.0ms)[0m  [1m[35mPRAGMA foreign_keys = 1 /*application='Polla'*/[0m
  [1m[35m (0.0ms)[0m  [1m[35mCREATE TABLE "schema_migrations" ("version" varchar NOT NULL PRIMARY KEY) /*application='Polla'*/[0m
  [1m[36mActiveRecord::SchemaMigration Load (0.0ms)[0m  [1m[34mSELECT "schema_migrations"."version" FROM "schema_migrations" ORDER BY "schema_migrations"."version" ASC /*application='Polla'*/[0m
  [1m[35m (0.0ms)[0m  [1m[32mINSERT INTO "schema_migrations" (version) VALUES (20260602040055) /*application='Polla'*/[0m
  [1m[35m (0.0ms)[0m  [1m[32mINSERT INTO "schema_migrations" (version) VALUES
(20260602040004),
(20260602035633),
(20260602035258),
(20260602035255); /*application='Polla'*/[0m
  [1m[35m (0.0ms)[0m  [1m[35mCREATE TABLE "ar_internal_metadata" ("key" varchar NOT NULL PRIMARY KEY, "value" varchar, "created_at" datetime(6) NOT NULL, "updated_at" datetime(6) NOT NULL) /*application='Polla'*/[0m
  [1m[36mActiveRecord::InternalMetadata Load (0.0ms)[0m  [1m[34mSELECT * FROM "ar_internal_metadata" WHERE "ar_internal_metadata"."key" = 'environment' ORDER BY "ar_internal_metadata"."key" ASC LIMIT 1 /*application='Polla'*/[0m
  [1m[36mActiveRecord::InternalMetadata Create (0.0ms)[0m  [1m[32mINSERT INTO "ar_internal_metadata" ("key", "value", "created_at", "updated_at") VALUES ('environment', 'development', '2026-06-02 12:40:18.708185', '2026-06-02 12:40:18.708186') RETURNING "key" /*application='Polla'*/[0m
  [1m[36mActiveRecord::InternalMetadata Load (0.0ms)[0m  [1m[34mSELECT * FROM "ar_internal_metadata" WHERE "ar_internal_metadata"."key" = 'environment' ORDER BY "ar_internal_metadata"."key" ASC LIMIT 1 /*application='Polla'*/[0m
  [1m[36mActiveRecord::InternalMetadata Update (0.0ms)[0m  [1m[33mUPDATE "ar_internal_metadata" SET "value" = 'test', "updated_at" = '2026-06-02 12:40:18.708697' WHERE "ar_internal_metadata"."key" = 'environment' /*application='Polla'*/[0m
  [1m[36mActiveRecord::InternalMetadata Load (0.0ms)[0m  [1m[34mSELECT * FROM "ar_internal_metadata" WHERE "ar_internal_metadata"."key" = 'schema_sha1' ORDER BY "ar_internal_metadata"."key" ASC LIMIT 1 /*application='Polla'*/[0m
  [1m[36mActiveRecord::InternalMetadata Create (0.0ms)[0m  [1m[32mINSERT INTO "ar_internal_metadata" ("key", "value", "created_at", "updated_at") VALUES ('schema_sha1', '6a97269bf1657fe10425ea9f54caaf1f3751d683', '2026-06-02 12:40:18.709141', '2026-06-02 12:40:18.709141') RETURNING "key" /*application='Polla'*/[0m
  [1m[36mActiveRecord::SchemaMigration Load (0.0ms)[0m  [1m[34mSELECT "schema_migrations"."version" FROM "schema_migrations" ORDER BY "schema_migrations"."version" ASC /*application='Polla'*/[0m
  [1m[36mTournament Load (0.0ms)[0m  [1m[34mSELECT "tournaments".* FROM "tournaments" ORDER BY "tournaments"."id" ASC LIMIT 1 /*application='Polla'*/[0m
  [1m[36mTRANSACTION (0.0ms)[0m  [1m[35mBEGIN immediate TRANSACTION /*application='Polla'*/[0m
  [1m[36mTournament Create (0.3ms)[0m  [1m[32mINSERT INTO "tournaments" ("created_at", "name", "updated_at") VALUES ('2026-06-02 12:40:18.715614', 'Mundial 2026', '2026-06-02 12:40:18.715614') RETURNING "id" /*application='Polla'*/[0m
  [1m[36mTRANSACTION (0.1ms)[0m  [1m[35mCOMMIT TRANSACTION /*application='Polla'*/[0m
  [1m[36mMatch Exists? (0.0ms)[0m  [1m[34mSELECT 1 AS one FROM "matches" WHERE "matches"."tournament_id" = 1 LIMIT 1 /*application='Polla'*/[0m
  [1m[36mTRANSACTION (0.0ms)[0m  [1m[35mBEGIN immediate TRANSACTION /*application='Polla'*/[0m
  [1m[36mMatch Create (0.4ms)[0m  [1m[32mINSERT INTO "matches" ("away_score", "away_team", "created_at", "home_score", "home_team", "kickoff_at", "status", "tournament_id", "updated_at") VALUES (NULL, 'Brasil', '2026-06-02 12:40:18.720340', NULL, 'Argentina', '2026-06-04 12:40:18.719009', 'scheduled', 1, '2026-06-02 12:40:18.720340') RETURNING "id" /*application='Polla'*/[0m
  [1m[36mTRANSACTION (0.0ms)[0m  [1m[35mCOMMIT TRANSACTION /*application='Polla'*/[0m
  [1m[36mTRANSACTION (0.0ms)[0m  [1m[35mBEGIN immediate TRANSACTION /*application='Polla'*/[0m
  [1m[36mMatch Create (0.3ms)[0m  [1m[32mINSERT INTO "matches" ("away_score", "away_team", "created_at", "home_score", "home_team", "kickoff_at", "status", "tournament_id", "updated_at") VALUES (NULL, 'Francia', '2026-06-02 12:40:18.721487', NULL, 'España', '2026-06-05 12:40:18.721370', 'scheduled', 1, '2026-06-02 12:40:18.721487') RETURNING "id" /*application='Polla'*/[0m
  [1m[36mTRANSACTION (0.0ms)[0m  [1m[35mCOMMIT TRANSACTION /*application='Polla'*/[0m
  [1m[36mTRANSACTION (0.0ms)[0m  [1m[35mBEGIN immediate TRANSACTION /*application='Polla'*/[0m
  [1m[36mMatch Create (0.3ms)[0m  [1m[32mINSERT INTO "matches" ("away_score", "away_team", "created_at", "home_score", "home_team", "kickoff_at", "status", "tournament_id", "updated_at") VALUES (NULL, 'Chile', '2026-06-02 12:40:18.722581', NULL, 'Uruguay', '2026-06-06 12:40:18.722477', 'scheduled', 1, '2026-06-02 12:40:18.722581') RETURNING "id" /*application='Polla'*/[0m
  [1m[36mTRANSACTION (0.0ms)[0m  [1m[35mCOMMIT TRANSACTION /*application='Polla'*/[0m
  [1m[36mTournament Count (0.8ms)[0m  [1m[34mSELECT COUNT(*) FROM "tournaments" /*application='Polla'*/[0m
  [1m[36mMatch Count (0.0ms)[0m  [1m[34mSELECT COUNT(*) FROM "matches" /*application='Polla'*/[0m
  [1m[36mMatch Pluck (0.0ms)[0m  [1m[34mSELECT "matches"."home_team" FROM "matches" /*application='Polla'*/[0m
Started GET "/" for ::1 at 2026-06-02 07:40:36 -0500
  [1m[36mActiveRecord::SchemaMigration Load (0.1ms)[0m  [1m[34mSELECT "schema_migrations"."version" FROM "schema_migrations" ORDER BY "schema_migrations"."version" ASC /*application='Polla'*/[0m
Processing by SessionsController#new as */*
  [1m[36mPlayer Load (0.0ms)[0m  [1m[34mSELECT "players".* FROM "players" WHERE "players"."session_token" IS NULL LIMIT 1 /*action='new',application='Polla',controller='sessions'*/[0m
  ↳ app/controllers/application_controller.rb:12:in 'ApplicationController#current_player'
  Rendering layout layouts/application.html.erb
  Rendering Views::Sessions::New within layouts/application
  Rendered Views::Sessions::New within layouts/application (Duration: 1.9ms | GC: 0.0ms)
  Rendered layout layouts/application.html.erb (Duration: 5.3ms | GC: 0.0ms)
Completed 200 OK in 16ms (Views: 7.2ms | ActiveRecord: 0.6ms (1 query, 0 cached) | GC: 0.0ms)


Started GET "/" for ::1 at 2026-06-02 07:40:36 -0500
Processing by SessionsController#new as */*
  [1m[36mPlayer Load (0.1ms)[0m  [1m[34mSELECT "players".* FROM "players" WHERE "players"."session_token" IS NULL LIMIT 1 /*action='new',application='Polla',controller='sessions'*/[0m
  ↳ app/controllers/application_controller.rb:12:in 'ApplicationController#current_player'
  Rendering layout layouts/application.html.erb
  Rendering Views::Sessions::New within layouts/application
  Rendered Views::Sessions::New within layouts/application (Duration: 0.3ms | GC: 0.0ms)
  Rendered layout layouts/application.html.erb (Duration: 0.5ms | GC: 0.0ms)
Completed 200 OK in 2ms (Views: 0.7ms | ActiveRecord: 0.1ms (1 query, 0 cached) | GC: 0.0ms)


Started GET "/admin/login" for ::1 at 2026-06-02 07:40:36 -0500
Processing by Admin::SessionsController#new as */*
  Rendering layout layouts/application.html.erb
  Rendering Views::Admin::Login within layouts/application
  Rendered Views::Admin::Login within layouts/application (Duration: 0.3ms | GC: 0.0ms)
  Rendered layout layouts/application.html.erb (Duration: 0.5ms | GC: 0.0ms)
Completed 200 OK in 1ms (Views: 0.7ms | ActiveRecord: 0.0ms (0 queries, 0 cached) | GC: 0.0ms)


  [1m[36mTRANSACTION (0.0ms)[0m  [1m[35mBEGIN immediate TRANSACTION /*application='Polla'*/[0m
  [1m[36mPlayer Exists? (0.7ms)[0m  [1m[34mSELECT 1 AS one FROM "players" WHERE "players"."session_token" = '9bd60a94d7609feb40c45b94210cbc8b' LIMIT 1 /*application='Polla'*/[0m
  [1m[36mTRANSACTION (0.0ms)[0m  [1m[31mROLLBACK TRANSACTION /*application='Polla'*/[0m
  [1m[36mPlayer Exists? (0.0ms)[0m  [1m[34mSELECT 1 AS one FROM "players" WHERE "players"."session_token" = '9bd60a94d7609feb40c45b94210cbc8b' LIMIT 1 /*application='Polla'*/[0m
  [1m[36mMatch Count (0.7ms)[0m  [1m[34mSELECT COUNT(*) FROM "matches" /*application='Polla'*/[0m
  [1m[36mMatch Pluck (0.0ms)[0m  [1m[34mSELECT "matches"."home_team" FROM "matches" /*application='Polla'*/[0m
Started GET "/" for 127.0.0.1 at 2026-06-02 11:28:23 -0500
  [1m[36mActiveRecord::SchemaMigration Load (0.1ms)[0m  [1m[34mSELECT "schema_migrations"."version" FROM "schema_migrations" ORDER BY "schema_migrations"."version" ASC /*application='Polla'*/[0m
Processing by SessionsController#new as HTML
  [1m[36mPlayer Load (0.1ms)[0m  [1m[34mSELECT "players".* FROM "players" WHERE "players"."session_token" IS NULL LIMIT 1 /*action='new',application='Polla',controller='sessions'*/[0m
  ↳ app/controllers/application_controller.rb:12:in 'ApplicationController#current_player'
  Rendering layout layouts/application.html.erb
  Rendering Views::Sessions::New within layouts/application
  Rendered Views::Sessions::New within layouts/application (Duration: 2.5ms | GC: 0.0ms)
  Rendered layout layouts/application.html.erb (Duration: 6.8ms | GC: 0.0ms)
Completed 200 OK in 22ms (Views: 9.7ms | ActiveRecord: 0.8ms (1 query, 0 cached) | GC: 0.0ms)


Started POST "/session" for 127.0.0.1 at 2026-06-02 11:28:27 -0500
Processing by SessionsController#create as TURBO_STREAM
  Parameters: {"authenticity_token" => "[FILTERED]", "name" => "oscar"}
  [1m[36mTRANSACTION (0.1ms)[0m  [1m[35mBEGIN immediate TRANSACTION /*action='create',application='Polla',controller='sessions'*/[0m
  ↳ app/controllers/sessions_controller.rb:9:in 'SessionsController#create'
  [1m[36mPlayer Exists? (1.1ms)[0m  [1m[34mSELECT 1 AS one FROM "players" WHERE "players"."session_token" = '07f4952d9b5a9f4d172344c2818f5e7f' LIMIT 1 /*action='create',application='Polla',controller='sessions'*/[0m
  ↳ app/controllers/sessions_controller.rb:9:in 'SessionsController#create'
  [1m[36mPlayer Create (0.1ms)[0m  [1m[32mINSERT INTO "players" ("created_at", "name", "session_token", "updated_at") VALUES ('2026-06-02 16:28:27.361824', 'oscar', '07f4952d9b5a9f4d172344c2818f5e7f', '2026-06-02 16:28:27.361824') RETURNING "id" /*action='create',application='Polla',controller='sessions'*/[0m
  ↳ app/controllers/sessions_controller.rb:9:in 'SessionsController#create'
  [1m[36mTRANSACTION (0.4ms)[0m  [1m[35mCOMMIT TRANSACTION /*action='create',application='Polla',controller='sessions'*/[0m
  ↳ app/controllers/sessions_controller.rb:9:in 'SessionsController#create'
Redirected to http://127.0.0.1:3000/predictions
↳ app/controllers/sessions_controller.rb:11:in 'SessionsController#create'
Completed 302 Found in 15ms (ActiveRecord: 2.1ms (2 queries, 0 cached) | GC: 0.0ms)


Started GET "/predictions" for 127.0.0.1 at 2026-06-02 11:28:27 -0500
Processing by PredictionsController#index as TURBO_STREAM
  [1m[36mPlayer Load (0.2ms)[0m  [1m[34mSELECT "players".* FROM "players" WHERE "players"."session_token" = '07f4952d9b5a9f4d172344c2818f5e7f' LIMIT 1 /*action='index',application='Polla',controller='predictions'*/[0m
  ↳ app/controllers/application_controller.rb:12:in 'ApplicationController#current_player'
  [1m[36mTournament Load (0.1ms)[0m  [1m[34mSELECT "tournaments".* FROM "tournaments" ORDER BY "tournaments"."id" ASC LIMIT 1 /*action='index',application='Polla',controller='predictions'*/[0m
  ↳ app/controllers/predictions_controller.rb:5:in 'PredictionsController#index'
  [1m[36mPrediction Load (0.0ms)[0m  [1m[34mSELECT "predictions".* FROM "predictions" WHERE "predictions"."player_id" = 1 /*action='index',application='Polla',controller='predictions'*/[0m
  ↳ app/controllers/predictions_controller.rb:7:in 'PredictionsController#index'
  Rendering layout layouts/application.html.erb
  Rendering Views::Predictions::Index within layouts/application
  [1m[36mMatch Exists? (0.0ms)[0m  [1m[34mSELECT 1 AS one FROM "matches" WHERE "matches"."tournament_id" = 1 LIMIT 1 /*action='index',application='Polla',controller='predictions'*/[0m
  ↳ app/views/predictions/index.rb:13:in 'block in Views::Predictions::Index#view_template'
  [1m[36mMatch Load (0.3ms)[0m  [1m[34mSELECT "matches".* FROM "matches" WHERE "matches"."tournament_id" = 1 ORDER BY "matches"."kickoff_at" ASC /*action='index',application='Polla',controller='predictions'*/[0m
  ↳ app/views/predictions/index.rb:17:in 'block (2 levels) in Views::Predictions::Index#view_template'
  Rendered Views::Predictions::Index within layouts/application (Duration: 5.2ms | GC: 0.8ms)
  Rendered layout layouts/application.html.erb (Duration: 5.6ms | GC: 0.8ms)
Completed 200 OK in 39ms (Views: 5.9ms | ActiveRecord: 1.2ms (5 queries, 0 cached) | GC: 18.7ms)


Started GET "/standings" for 127.0.0.1 at 2026-06-02 11:28:31 -0500
Processing by StandingsController#index as HTML
  [1m[36mPlayer Load (0.1ms)[0m  [1m[34mSELECT "players".* FROM "players" WHERE "players"."session_token" = '07f4952d9b5a9f4d172344c2818f5e7f' LIMIT 1 /*action='index',application='Polla',controller='standings'*/[0m
  ↳ app/controllers/application_controller.rb:12:in 'ApplicationController#current_player'
  [1m[36mTournament Load (0.1ms)[0m  [1m[34mSELECT "tournaments".* FROM "tournaments" ORDER BY "tournaments"."id" ASC LIMIT 1 /*action='index',application='Polla',controller='standings'*/[0m
  ↳ app/controllers/standings_controller.rb:5:in 'StandingsController#index'
  [1m[36mMatch Load (0.1ms)[0m  [1m[34mSELECT "matches".* FROM "matches" WHERE "matches"."tournament_id" = 1 AND "matches"."status" = 'finished' /*action='index',application='Polla',controller='standings'*/[0m
  ↳ app/services/scoring_service.rb:24:in 'ScoringService.standings'
  Rendering layout layouts/application.html.erb
  Rendering Views::Standings::Index within layouts/application
  Rendered Views::Standings::Index within layouts/application (Duration: 3.3ms | GC: 0.0ms)
  Rendered layout layouts/application.html.erb (Duration: 4.2ms | GC: 0.0ms)
Completed 200 OK in 13ms (Views: 5.2ms | ActiveRecord: 0.3ms (3 queries, 0 cached) | GC: 0.1ms)


Started GET "/predictions" for 127.0.0.1 at 2026-06-02 11:28:32 -0500
Processing by PredictionsController#index as HTML
  [1m[36mPlayer Load (0.2ms)[0m  [1m[34mSELECT "players".* FROM "players" WHERE "players"."session_token" = '07f4952d9b5a9f4d172344c2818f5e7f' LIMIT 1 /*action='index',application='Polla',controller='predictions'*/[0m
  ↳ app/controllers/application_controller.rb:12:in 'ApplicationController#current_player'
  [1m[36mTournament Load (0.1ms)[0m  [1m[34mSELECT "tournaments".* FROM "tournaments" ORDER BY "tournaments"."id" ASC LIMIT 1 /*action='index',application='Polla',controller='predictions'*/[0m
  ↳ app/controllers/predictions_controller.rb:5:in 'PredictionsController#index'
  [1m[36mPrediction Load (0.1ms)[0m  [1m[34mSELECT "predictions".* FROM "predictions" WHERE "predictions"."player_id" = 1 /*action='index',application='Polla',controller='predictions'*/[0m
  ↳ app/controllers/predictions_controller.rb:7:in 'PredictionsController#index'
  Rendering layout layouts/application.html.erb
  Rendering Views::Predictions::Index within layouts/application
  [1m[36mMatch Exists? (0.1ms)[0m  [1m[34mSELECT 1 AS one FROM "matches" WHERE "matches"."tournament_id" = 1 LIMIT 1 /*action='index',application='Polla',controller='predictions'*/[0m
  ↳ app/views/predictions/index.rb:13:in 'block in Views::Predictions::Index#view_template'
  [1m[36mMatch Load (0.1ms)[0m  [1m[34mSELECT "matches".* FROM "matches" WHERE "matches"."tournament_id" = 1 ORDER BY "matches"."kickoff_at" ASC /*action='index',application='Polla',controller='predictions'*/[0m
  ↳ app/views/predictions/index.rb:17:in 'block (2 levels) in Views::Predictions::Index#view_template'
  Rendered Views::Predictions::Index within layouts/application (Duration: 4.6ms | GC: 0.5ms)
  Rendered layout layouts/application.html.erb (Duration: 5.5ms | GC: 0.6ms)
Completed 200 OK in 12ms (Views: 5.8ms | ActiveRecord: 0.5ms (5 queries, 0 cached) | GC: 0.6ms)


Started GET "/results" for 127.0.0.1 at 2026-06-02 11:28:32 -0500
Processing by ResultsController#index as HTML
  [1m[36mPlayer Load (0.2ms)[0m  [1m[34mSELECT "players".* FROM "players" WHERE "players"."session_token" = '07f4952d9b5a9f4d172344c2818f5e7f' LIMIT 1 /*action='index',application='Polla',controller='results'*/[0m
  ↳ app/controllers/application_controller.rb:12:in 'ApplicationController#current_player'
  [1m[36mTournament Load (0.1ms)[0m  [1m[34mSELECT "tournaments".* FROM "tournaments" ORDER BY "tournaments"."id" ASC LIMIT 1 /*action='index',application='Polla',controller='results'*/[0m
  ↳ app/controllers/results_controller.rb:5:in 'ResultsController#index'
  [1m[36mPrediction Load (0.1ms)[0m  [1m[34mSELECT "predictions".* FROM "predictions" WHERE "predictions"."player_id" = 1 /*action='index',application='Polla',controller='results'*/[0m
  ↳ app/controllers/results_controller.rb:7:in 'ResultsController#index'
  [1m[36mMatch Load (0.1ms)[0m  [1m[34mSELECT "matches".* FROM "matches" WHERE "matches"."tournament_id" = 1 AND "matches"."status" = 'finished' ORDER BY "matches"."kickoff_at" DESC /*action='index',application='Polla',controller='results'*/[0m
  ↳ app/controllers/results_controller.rb:8:in 'Enumerable#map'
  Rendering layout layouts/application.html.erb
  Rendering Views::Results::Index within layouts/application
  Rendered Views::Results::Index within layouts/application (Duration: 2.5ms | GC: 1.3ms)
  Rendered layout layouts/application.html.erb (Duration: 4.5ms | GC: 2.1ms)
Completed 200 OK in 17ms (Views: 6.1ms | ActiveRecord: 0.5ms (4 queries, 0 cached) | GC: 6.1ms)


Started GET "/standings?sort=asc" for 127.0.0.1 at 2026-06-02 11:28:33 -0500
Processing by StandingsController#index as HTML
  Parameters: {"sort" => "asc"}
  [1m[36mPlayer Load (0.2ms)[0m  [1m[34mSELECT "players".* FROM "players" WHERE "players"."session_token" = '07f4952d9b5a9f4d172344c2818f5e7f' LIMIT 1 /*action='index',application='Polla',controller='standings'*/[0m
  ↳ app/controllers/application_controller.rb:12:in 'ApplicationController#current_player'
  [1m[36mTournament Load (0.1ms)[0m  [1m[34mSELECT "tournaments".* FROM "tournaments" ORDER BY "tournaments"."id" ASC LIMIT 1 /*action='index',application='Polla',controller='standings'*/[0m
  ↳ app/controllers/standings_controller.rb:5:in 'StandingsController#index'
  [1m[36mMatch Load (0.1ms)[0m  [1m[34mSELECT "matches".* FROM "matches" WHERE "matches"."tournament_id" = 1 AND "matches"."status" = 'finished' /*action='index',application='Polla',controller='standings'*/[0m
  ↳ app/services/scoring_service.rb:24:in 'ScoringService.standings'
  Rendering layout layouts/application.html.erb
  Rendering Views::Standings::Index within layouts/application
  Rendered Views::Standings::Index within layouts/application (Duration: 3.9ms | GC: 2.7ms)
  Rendered layout layouts/application.html.erb (Duration: 7.0ms | GC: 4.7ms)
Completed 200 OK in 21ms (Views: 8.6ms | ActiveRecord: 0.4ms (3 queries, 0 cached) | GC: 11.6ms)


Started GET "/standings?sort=desc" for 127.0.0.1 at 2026-06-02 11:28:33 -0500
Processing by StandingsController#index as HTML
  Parameters: {"sort" => "desc"}
  [1m[36mPlayer Load (1.1ms)[0m  [1m[34mSELECT "players".* FROM "players" WHERE "players"."session_token" = '07f4952d9b5a9f4d172344c2818f5e7f' LIMIT 1 /*action='index',application='Polla',controller='standings'*/[0m
  ↳ app/controllers/application_controller.rb:12:in 'ApplicationController#current_player'
  [1m[36mTournament Load (0.1ms)[0m  [1m[34mSELECT "tournaments".* FROM "tournaments" ORDER BY "tournaments"."id" ASC LIMIT 1 /*action='index',application='Polla',controller='standings'*/[0m
  ↳ app/controllers/standings_controller.rb:5:in 'StandingsController#index'
  [1m[36mMatch Load (0.8ms)[0m  [1m[34mSELECT "matches".* FROM "matches" WHERE "matches"."tournament_id" = 1 AND "matches"."status" = 'finished' /*action='index',application='Polla',controller='standings'*/[0m
  ↳ app/services/scoring_service.rb:24:in 'ScoringService.standings'
  Rendering layout layouts/application.html.erb
  Rendering Views::Standings::Index within layouts/application
  Rendered Views::Standings::Index within layouts/application (Duration: 5.6ms | GC: 4.5ms)
  Rendered layout layouts/application.html.erb (Duration: 7.7ms | GC: 5.3ms)
Completed 200 OK in 27ms (Views: 11.7ms | ActiveRecord: 2.8ms (3 queries, 0 cached) | GC: 17.2ms)


Started GET "/standings?sort=asc" for 127.0.0.1 at 2026-06-02 11:28:34 -0500
Processing by StandingsController#index as HTML
  Parameters: {"sort" => "asc"}
  [1m[36mPlayer Load (0.2ms)[0m  [1m[34mSELECT "players".* FROM "players" WHERE "players"."session_token" = '07f4952d9b5a9f4d172344c2818f5e7f' LIMIT 1 /*action='index',application='Polla',controller='standings'*/[0m
  ↳ app/controllers/application_controller.rb:12:in 'ApplicationController#current_player'
  [1m[36mTournament Load (0.1ms)[0m  [1m[34mSELECT "tournaments".* FROM "tournaments" ORDER BY "tournaments"."id" ASC LIMIT 1 /*action='index',application='Polla',controller='standings'*/[0m
  ↳ app/controllers/standings_controller.rb:5:in 'StandingsController#index'
  [1m[36mMatch Load (0.2ms)[0m  [1m[34mSELECT "matches".* FROM "matches" WHERE "matches"."tournament_id" = 1 AND "matches"."status" = 'finished' /*action='index',application='Polla',controller='standings'*/[0m
  ↳ app/services/scoring_service.rb:24:in 'ScoringService.standings'
  Rendering layout layouts/application.html.erb
  Rendering Views::Standings::Index within layouts/application
  Rendered Views::Standings::Index within layouts/application (Duration: 0.8ms | GC: 0.0ms)
  Rendered layout layouts/application.html.erb (Duration: 1.6ms | GC: 0.0ms)
Completed 200 OK in 22ms (Views: 2.1ms | ActiveRecord: 0.5ms (3 queries, 0 cached) | GC: 12.1ms)


Started GET "/standings?sort=desc" for 127.0.0.1 at 2026-06-02 11:28:35 -0500
Processing by StandingsController#index as HTML
  Parameters: {"sort" => "desc"}
  [1m[36mPlayer Load (0.2ms)[0m  [1m[34mSELECT "players".* FROM "players" WHERE "players"."session_token" = '07f4952d9b5a9f4d172344c2818f5e7f' LIMIT 1 /*action='index',application='Polla',controller='standings'*/[0m
  ↳ app/controllers/application_controller.rb:12:in 'ApplicationController#current_player'
  [1m[36mTournament Load (0.1ms)[0m  [1m[34mSELECT "tournaments".* FROM "tournaments" ORDER BY "tournaments"."id" ASC LIMIT 1 /*action='index',application='Polla',controller='standings'*/[0m
  ↳ app/controllers/standings_controller.rb:5:in 'StandingsController#index'
  [1m[36mMatch Load (0.1ms)[0m  [1m[34mSELECT "matches".* FROM "matches" WHERE "matches"."tournament_id" = 1 AND "matches"."status" = 'finished' /*action='index',application='Polla',controller='standings'*/[0m
  ↳ app/services/scoring_service.rb:24:in 'ScoringService.standings'
  Rendering layout layouts/application.html.erb
  Rendering Views::Standings::Index within layouts/application
  Rendered Views::Standings::Index within layouts/application (Duration: 1.6ms | GC: 0.6ms)
  Rendered layout layouts/application.html.erb (Duration: 2.7ms | GC: 0.6ms)
Completed 200 OK in 10ms (Views: 3.3ms | ActiveRecord: 0.4ms (3 queries, 0 cached) | GC: 0.6ms)


Started GET "/results" for 127.0.0.1 at 2026-06-02 11:28:35 -0500
Processing by ResultsController#index as HTML
  [1m[36mPlayer Load (0.2ms)[0m  [1m[34mSELECT "players".* FROM "players" WHERE "players"."session_token" = '07f4952d9b5a9f4d172344c2818f5e7f' LIMIT 1 /*action='index',application='Polla',controller='results'*/[0m
  ↳ app/controllers/application_controller.rb:12:in 'ApplicationController#current_player'
  [1m[36mTournament Load (0.1ms)[0m  [1m[34mSELECT "tournaments".* FROM "tournaments" ORDER BY "tournaments"."id" ASC LIMIT 1 /*action='index',application='Polla',controller='results'*/[0m
  ↳ app/controllers/results_controller.rb:5:in 'ResultsController#index'
  [1m[36mPrediction Load (0.1ms)[0m  [1m[34mSELECT "predictions".* FROM "predictions" WHERE "predictions"."player_id" = 1 /*action='index',application='Polla',controller='results'*/[0m
  ↳ app/controllers/results_controller.rb:7:in 'ResultsController#index'
  [1m[36mMatch Load (0.1ms)[0m  [1m[34mSELECT "matches".* FROM "matches" WHERE "matches"."tournament_id" = 1 AND "matches"."status" = 'finished' ORDER BY "matches"."kickoff_at" DESC /*action='index',application='Polla',controller='results'*/[0m
  ↳ app/controllers/results_controller.rb:8:in 'Enumerable#map'
  Rendering layout layouts/application.html.erb
  Rendering Views::Results::Index within layouts/application
  Rendered Views::Results::Index within layouts/application (Duration: 0.5ms | GC: 0.0ms)
  Rendered layout layouts/application.html.erb (Duration: 1.4ms | GC: 0.0ms)
Completed 200 OK in 9ms (Views: 1.9ms | ActiveRecord: 0.5ms (4 queries, 0 cached) | GC: 0.4ms)


Started GET "/predictions" for 127.0.0.1 at 2026-06-02 11:28:36 -0500
Processing by PredictionsController#index as HTML
  [1m[36mPlayer Load (0.2ms)[0m  [1m[34mSELECT "players".* FROM "players" WHERE "players"."session_token" = '07f4952d9b5a9f4d172344c2818f5e7f' LIMIT 1 /*action='index',application='Polla',controller='predictions'*/[0m
  ↳ app/controllers/application_controller.rb:12:in 'ApplicationController#current_player'
  [1m[36mTournament Load (0.1ms)[0m  [1m[34mSELECT "tournaments".* FROM "tournaments" ORDER BY "tournaments"."id" ASC LIMIT 1 /*action='index',application='Polla',controller='predictions'*/[0m
  ↳ app/controllers/predictions_controller.rb:5:in 'PredictionsController#index'
  [1m[36mPrediction Load (0.1ms)[0m  [1m[34mSELECT "predictions".* FROM "predictions" WHERE "predictions"."player_id" = 1 /*action='index',application='Polla',controller='predictions'*/[0m
  ↳ app/controllers/predictions_controller.rb:7:in 'PredictionsController#index'
  Rendering layout layouts/application.html.erb
  Rendering Views::Predictions::Index within layouts/application
  [1m[36mMatch Exists? (0.1ms)[0m  [1m[34mSELECT 1 AS one FROM "matches" WHERE "matches"."tournament_id" = 1 LIMIT 1 /*action='index',application='Polla',controller='predictions'*/[0m
  ↳ app/views/predictions/index.rb:13:in 'block in Views::Predictions::Index#view_template'
  [1m[36mMatch Load (0.1ms)[0m  [1m[34mSELECT "matches".* FROM "matches" WHERE "matches"."tournament_id" = 1 ORDER BY "matches"."kickoff_at" ASC /*action='index',application='Polla',controller='predictions'*/[0m
  ↳ app/views/predictions/index.rb:17:in 'block (2 levels) in Views::Predictions::Index#view_template'
  Rendered Views::Predictions::Index within layouts/application (Duration: 4.1ms | GC: 0.5ms)
  Rendered layout layouts/application.html.erb (Duration: 4.7ms | GC: 0.5ms)
Completed 200 OK in 10ms (Views: 5.0ms | ActiveRecord: 0.4ms (5 queries, 0 cached) | GC: 0.5ms)


Started GET "/predictions" for 127.0.0.1 at 2026-06-02 11:28:36 -0500
Processing by PredictionsController#index as HTML
  [1m[36mPlayer Load (0.2ms)[0m  [1m[34mSELECT "players".* FROM "players" WHERE "players"."session_token" = '07f4952d9b5a9f4d172344c2818f5e7f' LIMIT 1 /*action='index',application='Polla',controller='predictions'*/[0m
  ↳ app/controllers/application_controller.rb:12:in 'ApplicationController#current_player'
  [1m[36mTournament Load (0.1ms)[0m  [1m[34mSELECT "tournaments".* FROM "tournaments" ORDER BY "tournaments"."id" ASC LIMIT 1 /*action='index',application='Polla',controller='predictions'*/[0m
  ↳ app/controllers/predictions_controller.rb:5:in 'PredictionsController#index'
  [1m[36mPrediction Load (0.1ms)[0m  [1m[34mSELECT "predictions".* FROM "predictions" WHERE "predictions"."player_id" = 1 /*action='index',application='Polla',controller='predictions'*/[0m
  ↳ app/controllers/predictions_controller.rb:7:in 'PredictionsController#index'
  Rendering layout layouts/application.html.erb
  Rendering Views::Predictions::Index within layouts/application
  [1m[36mMatch Exists? (0.0ms)[0m  [1m[34mSELECT 1 AS one FROM "matches" WHERE "matches"."tournament_id" = 1 LIMIT 1 /*action='index',application='Polla',controller='predictions'*/[0m
  ↳ app/views/predictions/index.rb:13:in 'block in Views::Predictions::Index#view_template'
  [1m[36mMatch Load (0.1ms)[0m  [1m[34mSELECT "matches".* FROM "matches" WHERE "matches"."tournament_id" = 1 ORDER BY "matches"."kickoff_at" ASC /*action='index',application='Polla',controller='predictions'*/[0m
  ↳ app/views/predictions/index.rb:17:in 'block (2 levels) in Views::Predictions::Index#view_template'
  Rendered Views::Predictions::Index within layouts/application (Duration: 4.3ms | GC: 0.6ms)
  Rendered layout layouts/application.html.erb (Duration: 5.0ms | GC: 0.8ms)
Completed 200 OK in 11ms (Views: 5.3ms | ActiveRecord: 0.4ms (5 queries, 0 cached) | GC: 0.8ms)


Started GET "/standings" for 127.0.0.1 at 2026-06-02 11:28:36 -0500
Processing by StandingsController#index as HTML
  [1m[36mPlayer Load (0.2ms)[0m  [1m[34mSELECT "players".* FROM "players" WHERE "players"."session_token" = '07f4952d9b5a9f4d172344c2818f5e7f' LIMIT 1 /*action='index',application='Polla',controller='standings'*/[0m
  ↳ app/controllers/application_controller.rb:12:in 'ApplicationController#current_player'
  [1m[36mTournament Load (0.1ms)[0m  [1m[34mSELECT "tournaments".* FROM "tournaments" ORDER BY "tournaments"."id" ASC LIMIT 1 /*action='index',application='Polla',controller='standings'*/[0m
  ↳ app/controllers/standings_controller.rb:5:in 'StandingsController#index'
  [1m[36mMatch Load (0.1ms)[0m  [1m[34mSELECT "matches".* FROM "matches" WHERE "matches"."tournament_id" = 1 AND "matches"."status" = 'finished' /*action='index',application='Polla',controller='standings'*/[0m
  ↳ app/services/scoring_service.rb:24:in 'ScoringService.standings'
  Rendering layout layouts/application.html.erb
  Rendering Views::Standings::Index within layouts/application
  Rendered Views::Standings::Index within layouts/application (Duration: 0.9ms | GC: 0.0ms)
  Rendered layout layouts/application.html.erb (Duration: 2.0ms | GC: 0.0ms)
Completed 200 OK in 9ms (Views: 2.6ms | ActiveRecord: 0.4ms (3 queries, 0 cached) | GC: 0.0ms)


Started GET "/" for 127.0.0.1 at 2026-06-02 11:32:00 -0500
Processing by SessionsController#new as */*
  [1m[36mPlayer Load (0.1ms)[0m  [1m[34mSELECT "players".* FROM "players" WHERE "players"."session_token" IS NULL LIMIT 1 /*action='new',application='Polla',controller='sessions'*/[0m
  ↳ app/controllers/application_controller.rb:12:in 'ApplicationController#current_player'
  Rendering layout layouts/application.html.erb
  Rendering Views::Sessions::New within layouts/application
  Rendered Views::Sessions::New within layouts/application (Duration: 0.9ms | GC: 0.0ms)
  Rendered layout layouts/application.html.erb (Duration: 1.5ms | GC: 0.0ms)
Completed 200 OK in 4ms (Views: 1.9ms | ActiveRecord: 0.1ms (1 query, 0 cached) | GC: 0.0ms)


Started GET "/" for ::1 at 2026-06-02 11:34:15 -0500
  [1m[36mActiveRecord::SchemaMigration Load (0.1ms)[0m  [1m[34mSELECT "schema_migrations"."version" FROM "schema_migrations" ORDER BY "schema_migrations"."version" ASC /*application='Polla'*/[0m
Processing by SessionsController#new as */*
  [1m[36mPlayer Load (0.0ms)[0m  [1m[34mSELECT "players".* FROM "players" WHERE "players"."session_token" IS NULL LIMIT 1 /*action='new',application='Polla',controller='sessions'*/[0m
  ↳ app/controllers/application_controller.rb:12:in 'ApplicationController#current_player'
  Rendering layout layouts/application.html.erb
  Rendering Views::Sessions::New within layouts/application
  Rendered Views::Sessions::New within layouts/application (Duration: 2.5ms | GC: 0.0ms)
  Rendered layout layouts/application.html.erb (Duration: 7.4ms | GC: 0.0ms)
Completed 200 OK in 24ms (Views: 10.7ms | ActiveRecord: 0.7ms (1 query, 0 cached) | GC: 0.0ms)


Started GET "/" for ::1 at 2026-06-02 11:34:15 -0500
Processing by SessionsController#new as */*
  [1m[36mPlayer Load (0.1ms)[0m  [1m[34mSELECT "players".* FROM "players" WHERE "players"."session_token" IS NULL LIMIT 1 /*action='new',application='Polla',controller='sessions'*/[0m
  ↳ app/controllers/application_controller.rb:12:in 'ApplicationController#current_player'
  Rendering layout layouts/application.html.erb
  Rendering Views::Sessions::New within layouts/application
  Rendered Views::Sessions::New within layouts/application (Duration: 0.4ms | GC: 0.0ms)
  Rendered layout layouts/application.html.erb (Duration: 0.6ms | GC: 0.0ms)
Completed 200 OK in 2ms (Views: 0.7ms | ActiveRecord: 0.1ms (1 query, 0 cached) | GC: 0.0ms)


Started GET "/" for ::1 at 2026-06-02 11:37:10 -0500
  [1m[36mActiveRecord::SchemaMigration Load (0.1ms)[0m  [1m[34mSELECT "schema_migrations"."version" FROM "schema_migrations" ORDER BY "schema_migrations"."version" ASC /*application='Polla'*/[0m
Processing by SessionsController#new as */*
  [1m[36mPlayer Load (0.1ms)[0m  [1m[34mSELECT "players".* FROM "players" WHERE "players"."session_token" IS NULL LIMIT 1 /*action='new',application='Polla',controller='sessions'*/[0m
  ↳ app/controllers/application_controller.rb:12:in 'ApplicationController#current_player'
  Rendering layout layouts/application.html.erb
  Rendering Views::Sessions::New within layouts/application
  Rendered Views::Sessions::New within layouts/application (Duration: 3.0ms | GC: 0.0ms)
  Rendered layout layouts/application.html.erb (Duration: 8.7ms | GC: 0.0ms)
Completed 200 OK in 27ms (Views: 12.9ms | ActiveRecord: 0.9ms (1 query, 0 cached) | GC: 0.0ms)


Started GET "/" for ::1 at 2026-06-02 11:37:10 -0500
Processing by SessionsController#new as */*
  [1m[36mPlayer Load (0.1ms)[0m  [1m[34mSELECT "players".* FROM "players" WHERE "players"."session_token" IS NULL LIMIT 1 /*action='new',application='Polla',controller='sessions'*/[0m
  ↳ app/controllers/application_controller.rb:12:in 'ApplicationController#current_player'
  Rendering layout layouts/application.html.erb
  Rendering Views::Sessions::New within layouts/application
  Rendered Views::Sessions::New within layouts/application (Duration: 0.4ms | GC: 0.0ms)
  Rendered layout layouts/application.html.erb (Duration: 0.7ms | GC: 0.0ms)
Completed 200 OK in 2ms (Views: 0.9ms | ActiveRecord: 0.1ms (1 query, 0 cached) | GC: 0.0ms)


Started GET "/" for ::1 at 2026-06-02 11:37:10 -0500
Processing by SessionsController#new as */*
  [1m[36mPlayer Load (0.1ms)[0m  [1m[34mSELECT "players".* FROM "players" WHERE "players"."session_token" IS NULL LIMIT 1 /*action='new',application='Polla',controller='sessions'*/[0m
  ↳ app/controllers/application_controller.rb:12:in 'ApplicationController#current_player'
  Rendering layout layouts/application.html.erb
  Rendering Views::Sessions::New within layouts/application
  Rendered Views::Sessions::New within layouts/application (Duration: 0.4ms | GC: 0.0ms)
  Rendered layout layouts/application.html.erb (Duration: 0.7ms | GC: 0.0ms)
Completed 200 OK in 2ms (Views: 0.8ms | ActiveRecord: 0.1ms (1 query, 0 cached) | GC: 0.0ms)


Started GET "/predictions" for 127.0.0.1 at 2026-06-02 11:38:52 -0500
  [1m[36mActiveRecord::SchemaMigration Load (0.2ms)[0m  [1m[34mSELECT "schema_migrations"."version" FROM "schema_migrations" ORDER BY "schema_migrations"."version" ASC /*application='Polla'*/[0m
Processing by PredictionsController#index as HTML
  [1m[36mPlayer Load (0.3ms)[0m  [1m[34mSELECT "players".* FROM "players" WHERE "players"."session_token" = '07f4952d9b5a9f4d172344c2818f5e7f' LIMIT 1 /*action='index',application='Polla',controller='predictions'*/[0m
  ↳ app/controllers/application_controller.rb:12:in 'ApplicationController#current_player'
  [1m[36mTournament Load (0.0ms)[0m  [1m[34mSELECT "tournaments".* FROM "tournaments" ORDER BY "tournaments"."id" ASC LIMIT 1 /*action='index',application='Polla',controller='predictions'*/[0m
  ↳ app/controllers/predictions_controller.rb:5:in 'PredictionsController#index'
  [1m[36mPrediction Load (0.0ms)[0m  [1m[34mSELECT "predictions".* FROM "predictions" WHERE "predictions"."player_id" = 1 /*action='index',application='Polla',controller='predictions'*/[0m
  ↳ app/controllers/predictions_controller.rb:7:in 'PredictionsController#index'
  Rendering layout layouts/application.html.erb
  Rendering Views::Predictions::Index within layouts/application
  [1m[36mMatch Exists? (0.1ms)[0m  [1m[34mSELECT 1 AS one FROM "matches" WHERE "matches"."tournament_id" = 1 LIMIT 1 /*action='index',application='Polla',controller='predictions'*/[0m
  ↳ app/views/predictions/index.rb:13:in 'block in Views::Predictions::Index#view_template'
  [1m[36mMatch Load (0.0ms)[0m  [1m[34mSELECT "matches".* FROM "matches" WHERE "matches"."tournament_id" = 1 ORDER BY "matches"."kickoff_at" ASC /*action='index',application='Polla',controller='predictions'*/[0m
  ↳ app/views/predictions/index.rb:17:in 'block (2 levels) in Views::Predictions::Index#view_template'
  Rendered Views::Predictions::Index within layouts/application (Duration: 4.0ms | GC: 0.0ms)
  Rendered layout layouts/application.html.erb (Duration: 17.4ms | GC: 8.9ms)
Completed 200 OK in 38ms (Views: 20.1ms | ActiveRecord: 1.3ms (5 queries, 0 cached) | GC: 9.1ms)


Started GET "/predictions" for 127.0.0.1 at 2026-06-02 11:38:57 -0500
Processing by PredictionsController#index as HTML
  [1m[36mPlayer Load (0.2ms)[0m  [1m[34mSELECT "players".* FROM "players" WHERE "players"."session_token" = '07f4952d9b5a9f4d172344c2818f5e7f' LIMIT 1 /*action='index',application='Polla',controller='predictions'*/[0m
  ↳ app/controllers/application_controller.rb:12:in 'ApplicationController#current_player'
  [1m[36mTournament Load (0.1ms)[0m  [1m[34mSELECT "tournaments".* FROM "tournaments" ORDER BY "tournaments"."id" ASC LIMIT 1 /*action='index',application='Polla',controller='predictions'*/[0m
  ↳ app/controllers/predictions_controller.rb:5:in 'PredictionsController#index'
  [1m[36mPrediction Load (0.1ms)[0m  [1m[34mSELECT "predictions".* FROM "predictions" WHERE "predictions"."player_id" = 1 /*action='index',application='Polla',controller='predictions'*/[0m
  ↳ app/controllers/predictions_controller.rb:7:in 'PredictionsController#index'
  Rendering layout layouts/application.html.erb
  Rendering Views::Predictions::Index within layouts/application
  [1m[36mMatch Exists? (0.2ms)[0m  [1m[34mSELECT 1 AS one FROM "matches" WHERE "matches"."tournament_id" = 1 LIMIT 1 /*action='index',application='Polla',controller='predictions'*/[0m
  ↳ app/views/predictions/index.rb:13:in 'block in Views::Predictions::Index#view_template'
  [1m[36mMatch Load (0.1ms)[0m  [1m[34mSELECT "matches".* FROM "matches" WHERE "matches"."tournament_id" = 1 ORDER BY "matches"."kickoff_at" ASC /*action='index',application='Polla',controller='predictions'*/[0m
  ↳ app/views/predictions/index.rb:17:in 'block (2 levels) in Views::Predictions::Index#view_template'
  Rendered Views::Predictions::Index within layouts/application (Duration: 5.8ms | GC: 1.6ms)
  Rendered layout layouts/application.html.erb (Duration: 6.6ms | GC: 1.6ms)
Completed 200 OK in 14ms (Views: 6.8ms | ActiveRecord: 0.7ms (5 queries, 0 cached) | GC: 2.2ms)


Started GET "/predictions" for 127.0.0.1 at 2026-06-02 11:38:58 -0500
Processing by PredictionsController#index as HTML
  [1m[36mPlayer Load (0.2ms)[0m  [1m[34mSELECT "players".* FROM "players" WHERE "players"."session_token" = '07f4952d9b5a9f4d172344c2818f5e7f' LIMIT 1 /*action='index',application='Polla',controller='predictions'*/[0m
  ↳ app/controllers/application_controller.rb:12:in 'ApplicationController#current_player'
  [1m[36mTournament Load (0.1ms)[0m  [1m[34mSELECT "tournaments".* FROM "tournaments" ORDER BY "tournaments"."id" ASC LIMIT 1 /*action='index',application='Polla',controller='predictions'*/[0m
  ↳ app/controllers/predictions_controller.rb:5:in 'PredictionsController#index'
  [1m[36mPrediction Load (0.1ms)[0m  [1m[34mSELECT "predictions".* FROM "predictions" WHERE "predictions"."player_id" = 1 /*action='index',application='Polla',controller='predictions'*/[0m
  ↳ app/controllers/predictions_controller.rb:7:in 'PredictionsController#index'
  Rendering layout layouts/application.html.erb
  Rendering Views::Predictions::Index within layouts/application
  [1m[36mMatch Exists? (0.1ms)[0m  [1m[34mSELECT 1 AS one FROM "matches" WHERE "matches"."tournament_id" = 1 LIMIT 1 /*action='index',application='Polla',controller='predictions'*/[0m
  ↳ app/views/predictions/index.rb:13:in 'block in Views::Predictions::Index#view_template'
  [1m[36mMatch Load (0.1ms)[0m  [1m[34mSELECT "matches".* FROM "matches" WHERE "matches"."tournament_id" = 1 ORDER BY "matches"."kickoff_at" ASC /*action='index',application='Polla',controller='predictions'*/[0m
  ↳ app/views/predictions/index.rb:17:in 'block (2 levels) in Views::Predictions::Index#view_template'
  Rendered Views::Predictions::Index within layouts/application (Duration: 4.0ms | GC: 0.6ms)
  Rendered layout layouts/application.html.erb (Duration: 4.9ms | GC: 0.6ms)
Completed 200 OK in 10ms (Views: 5.2ms | ActiveRecord: 0.4ms (5 queries, 0 cached) | GC: 0.6ms)


Started GET "/predictions" for 127.0.0.1 at 2026-06-02 11:38:59 -0500
Processing by PredictionsController#index as HTML
  [1m[36mPlayer Load (0.2ms)[0m  [1m[34mSELECT "players".* FROM "players" WHERE "players"."session_token" = '07f4952d9b5a9f4d172344c2818f5e7f' LIMIT 1 /*action='index',application='Polla',controller='predictions'*/[0m
  ↳ app/controllers/application_controller.rb:12:in 'ApplicationController#current_player'
  [1m[36mTournament Load (0.1ms)[0m  [1m[34mSELECT "tournaments".* FROM "tournaments" ORDER BY "tournaments"."id" ASC LIMIT 1 /*action='index',application='Polla',controller='predictions'*/[0m
  ↳ app/controllers/predictions_controller.rb:5:in 'PredictionsController#index'
  [1m[36mPrediction Load (0.1ms)[0m  [1m[34mSELECT "predictions".* FROM "predictions" WHERE "predictions"."player_id" = 1 /*action='index',application='Polla',controller='predictions'*/[0m
  ↳ app/controllers/predictions_controller.rb:7:in 'PredictionsController#index'
  Rendering layout layouts/application.html.erb
  Rendering Views::Predictions::Index within layouts/application
  [1m[36mMatch Exists? (0.1ms)[0m  [1m[34mSELECT 1 AS one FROM "matches" WHERE "matches"."tournament_id" = 1 LIMIT 1 /*action='index',application='Polla',controller='predictions'*/[0m
  ↳ app/views/predictions/index.rb:13:in 'block in Views::Predictions::Index#view_template'
  [1m[36mMatch Load (0.1ms)[0m  [1m[34mSELECT "matches".* FROM "matches" WHERE "matches"."tournament_id" = 1 ORDER BY "matches"."kickoff_at" ASC /*action='index',application='Polla',controller='predictions'*/[0m
  ↳ app/views/predictions/index.rb:17:in 'block (2 levels) in Views::Predictions::Index#view_template'
  Rendered Views::Predictions::Index within layouts/application (Duration: 4.6ms | GC: 0.5ms)
  Rendered layout layouts/application.html.erb (Duration: 5.7ms | GC: 0.8ms)
Completed 200 OK in 12ms (Views: 6.2ms | ActiveRecord: 0.6ms (5 queries, 0 cached) | GC: 0.8ms)


Started GET "/predictions" for 127.0.0.1 at 2026-06-02 11:38:59 -0500
Processing by PredictionsController#index as HTML
  [1m[36mPlayer Load (0.2ms)[0m  [1m[34mSELECT "players".* FROM "players" WHERE "players"."session_token" = '07f4952d9b5a9f4d172344c2818f5e7f' LIMIT 1 /*action='index',application='Polla',controller='predictions'*/[0m
  ↳ app/controllers/application_controller.rb:12:in 'ApplicationController#current_player'
  [1m[36mTournament Load (0.1ms)[0m  [1m[34mSELECT "tournaments".* FROM "tournaments" ORDER BY "tournaments"."id" ASC LIMIT 1 /*action='index',application='Polla',controller='predictions'*/[0m
  ↳ app/controllers/predictions_controller.rb:5:in 'PredictionsController#index'
  [1m[36mPrediction Load (0.1ms)[0m  [1m[34mSELECT "predictions".* FROM "predictions" WHERE "predictions"."player_id" = 1 /*action='index',application='Polla',controller='predictions'*/[0m
  ↳ app/controllers/predictions_controller.rb:7:in 'PredictionsController#index'
  Rendering layout layouts/application.html.erb
  Rendering Views::Predictions::Index within layouts/application
  [1m[36mMatch Exists? (0.1ms)[0m  [1m[34mSELECT 1 AS one FROM "matches" WHERE "matches"."tournament_id" = 1 LIMIT 1 /*action='index',application='Polla',controller='predictions'*/[0m
  ↳ app/views/predictions/index.rb:13:in 'block in Views::Predictions::Index#view_template'
  [1m[36mMatch Load (0.1ms)[0m  [1m[34mSELECT "matches".* FROM "matches" WHERE "matches"."tournament_id" = 1 ORDER BY "matches"."kickoff_at" ASC /*action='index',application='Polla',controller='predictions'*/[0m
  ↳ app/views/predictions/index.rb:17:in 'block (2 levels) in Views::Predictions::Index#view_template'
  Rendered Views::Predictions::Index within layouts/application (Duration: 19.4ms | GC: 14.6ms)
  Rendered layout layouts/application.html.erb (Duration: 20.9ms | GC: 15.4ms)
Completed 200 OK in 26ms (Views: 21.2ms | ActiveRecord: 0.6ms (5 queries, 0 cached) | GC: 15.7ms)


Started GET "/predictions" for 127.0.0.1 at 2026-06-02 11:39:00 -0500
Processing by PredictionsController#index as HTML
  [1m[36mPlayer Load (0.2ms)[0m  [1m[34mSELECT "players".* FROM "players" WHERE "players"."session_token" = '07f4952d9b5a9f4d172344c2818f5e7f' LIMIT 1 /*action='index',application='Polla',controller='predictions'*/[0m
  ↳ app/controllers/application_controller.rb:12:in 'ApplicationController#current_player'
  [1m[36mTournament Load (0.1ms)[0m  [1m[34mSELECT "tournaments".* FROM "tournaments" ORDER BY "tournaments"."id" ASC LIMIT 1 /*action='index',application='Polla',controller='predictions'*/[0m
  ↳ app/controllers/predictions_controller.rb:5:in 'PredictionsController#index'
  [1m[36mPrediction Load (0.2ms)[0m  [1m[34mSELECT "predictions".* FROM "predictions" WHERE "predictions"."player_id" = 1 /*action='index',application='Polla',controller='predictions'*/[0m
  ↳ app/controllers/predictions_controller.rb:7:in 'PredictionsController#index'
  Rendering layout layouts/application.html.erb
  Rendering Views::Predictions::Index within layouts/application
  [1m[36mMatch Exists? (0.2ms)[0m  [1m[34mSELECT 1 AS one FROM "matches" WHERE "matches"."tournament_id" = 1 LIMIT 1 /*action='index',application='Polla',controller='predictions'*/[0m
  ↳ app/views/predictions/index.rb:13:in 'block in Views::Predictions::Index#view_template'
  [1m[36mMatch Load (0.2ms)[0m  [1m[34mSELECT "matches".* FROM "matches" WHERE "matches"."tournament_id" = 1 ORDER BY "matches"."kickoff_at" ASC /*action='index',application='Polla',controller='predictions'*/[0m
  ↳ app/views/predictions/index.rb:17:in 'block (2 levels) in Views::Predictions::Index#view_template'
  Rendered Views::Predictions::Index within layouts/application (Duration: 15.2ms | GC: 9.8ms)
  Rendered layout layouts/application.html.erb (Duration: 16.4ms | GC: 10.2ms)
Completed 200 OK in 33ms (Views: 18.5ms | ActiveRecord: 0.8ms (5 queries, 0 cached) | GC: 17.7ms)


Started GET "/predictions" for 127.0.0.1 at 2026-06-02 11:39:01 -0500
Processing by PredictionsController#index as HTML
  [1m[36mPlayer Load (0.2ms)[0m  [1m[34mSELECT "players".* FROM "players" WHERE "players"."session_token" = '07f4952d9b5a9f4d172344c2818f5e7f' LIMIT 1 /*action='index',application='Polla',controller='predictions'*/[0m
  ↳ app/controllers/application_controller.rb:12:in 'ApplicationController#current_player'
  [1m[36mTournament Load (0.1ms)[0m  [1m[34mSELECT "tournaments".* FROM "tournaments" ORDER BY "tournaments"."id" ASC LIMIT 1 /*action='index',application='Polla',controller='predictions'*/[0m
  ↳ app/controllers/predictions_controller.rb:5:in 'PredictionsController#index'
  [1m[36mPrediction Load (0.8ms)[0m  [1m[34mSELECT "predictions".* FROM "predictions" WHERE "predictions"."player_id" = 1 /*action='index',application='Polla',controller='predictions'*/[0m
  ↳ app/controllers/predictions_controller.rb:7:in 'PredictionsController#index'
  Rendering layout layouts/application.html.erb
  Rendering Views::Predictions::Index within layouts/application
  [1m[36mMatch Exists? (0.2ms)[0m  [1m[34mSELECT 1 AS one FROM "matches" WHERE "matches"."tournament_id" = 1 LIMIT 1 /*action='index',application='Polla',controller='predictions'*/[0m
  ↳ app/views/predictions/index.rb:13:in 'block in Views::Predictions::Index#view_template'
  [1m[36mMatch Load (0.1ms)[0m  [1m[34mSELECT "matches".* FROM "matches" WHERE "matches"."tournament_id" = 1 ORDER BY "matches"."kickoff_at" ASC /*action='index',application='Polla',controller='predictions'*/[0m
  ↳ app/views/predictions/index.rb:17:in 'block (2 levels) in Views::Predictions::Index#view_template'
  Rendered Views::Predictions::Index within layouts/application (Duration: 5.0ms | GC: 1.0ms)
  Rendered layout layouts/application.html.erb (Duration: 5.9ms | GC: 1.2ms)
Completed 200 OK in 21ms (Views: 6.1ms | ActiveRecord: 1.4ms (5 queries, 0 cached) | GC: 8.6ms)


Started GET "/predictions" for 127.0.0.1 at 2026-06-02 11:44:04 -0500
  [1m[36mActiveRecord::SchemaMigration Load (0.1ms)[0m  [1m[34mSELECT "schema_migrations"."version" FROM "schema_migrations" ORDER BY "schema_migrations"."version" ASC /*application='Polla'*/[0m
Processing by PredictionsController#index as HTML
  [1m[36mPlayer Load (0.0ms)[0m  [1m[34mSELECT "players".* FROM "players" WHERE "players"."session_token" = '07f4952d9b5a9f4d172344c2818f5e7f' LIMIT 1 /*action='index',application='Polla',controller='predictions'*/[0m
  ↳ app/controllers/application_controller.rb:12:in 'ApplicationController#current_player'
  [1m[36mTournament Load (0.0ms)[0m  [1m[34mSELECT "tournaments".* FROM "tournaments" ORDER BY "tournaments"."id" ASC LIMIT 1 /*action='index',application='Polla',controller='predictions'*/[0m
  ↳ app/controllers/predictions_controller.rb:5:in 'PredictionsController#index'
  [1m[36mPrediction Load (0.0ms)[0m  [1m[34mSELECT "predictions".* FROM "predictions" WHERE "predictions"."player_id" = 1 /*action='index',application='Polla',controller='predictions'*/[0m
  ↳ app/controllers/predictions_controller.rb:7:in 'PredictionsController#index'
  Rendering layout layouts/application.html.erb
  Rendering Views::Predictions::Index within layouts/application
  [1m[36mMatch Exists? (0.0ms)[0m  [1m[34mSELECT 1 AS one FROM "matches" WHERE "matches"."tournament_id" = 1 LIMIT 1 /*action='index',application='Polla',controller='predictions'*/[0m
  ↳ app/views/predictions/index.rb:13:in 'block in Views::Predictions::Index#view_template'
  [1m[36mMatch Load (0.0ms)[0m  [1m[34mSELECT "matches".* FROM "matches" WHERE "matches"."tournament_id" = 1 ORDER BY "matches"."kickoff_at" ASC /*action='index',application='Polla',controller='predictions'*/[0m
  ↳ app/views/predictions/index.rb:17:in 'block (2 levels) in Views::Predictions::Index#view_template'
  Rendered Views::Predictions::Index within layouts/application (Duration: 4.0ms | GC: 0.0ms)
  Rendered layout layouts/application.html.erb (Duration: 17.9ms | GC: 9.2ms)
Completed 200 OK in 36ms (Views: 20.4ms | ActiveRecord: 1.0ms (5 queries, 0 cached) | GC: 9.2ms)


Started GET "/standings" for 127.0.0.1 at 2026-06-02 11:44:06 -0500
Processing by StandingsController#index as HTML
  [1m[36mPlayer Load (0.2ms)[0m  [1m[34mSELECT "players".* FROM "players" WHERE "players"."session_token" = '07f4952d9b5a9f4d172344c2818f5e7f' LIMIT 1 /*action='index',application='Polla',controller='standings'*/[0m
  ↳ app/controllers/application_controller.rb:12:in 'ApplicationController#current_player'
  [1m[36mTournament Load (0.1ms)[0m  [1m[34mSELECT "tournaments".* FROM "tournaments" ORDER BY "tournaments"."id" ASC LIMIT 1 /*action='index',application='Polla',controller='standings'*/[0m
  ↳ app/controllers/standings_controller.rb:5:in 'StandingsController#index'
  [1m[36mMatch Load (0.1ms)[0m  [1m[34mSELECT "matches".* FROM "matches" WHERE "matches"."tournament_id" = 1 AND "matches"."status" = 'finished' /*action='index',application='Polla',controller='standings'*/[0m
  ↳ app/services/scoring_service.rb:24:in 'ScoringService.standings'
  Rendering layout layouts/application.html.erb
  Rendering Views::Standings::Index within layouts/application
  Rendered Views::Standings::Index within layouts/application (Duration: 3.7ms | GC: 0.6ms)
  Rendered layout layouts/application.html.erb (Duration: 4.9ms | GC: 0.6ms)
Completed 200 OK in 17ms (Views: 6.4ms | ActiveRecord: 0.4ms (3 queries, 0 cached) | GC: 1.2ms)


Started GET "/predictions" for 127.0.0.1 at 2026-06-02 11:44:06 -0500
Processing by PredictionsController#index as HTML
  [1m[36mPlayer Load (0.2ms)[0m  [1m[34mSELECT "players".* FROM "players" WHERE "players"."session_token" = '07f4952d9b5a9f4d172344c2818f5e7f' LIMIT 1 /*action='index',application='Polla',controller='predictions'*/[0m
  ↳ app/controllers/application_controller.rb:12:in 'ApplicationController#current_player'
  [1m[36mTournament Load (0.1ms)[0m  [1m[34mSELECT "tournaments".* FROM "tournaments" ORDER BY "tournaments"."id" ASC LIMIT 1 /*action='index',application='Polla',controller='predictions'*/[0m
  ↳ app/controllers/predictions_controller.rb:5:in 'PredictionsController#index'
  [1m[36mPrediction Load (0.1ms)[0m  [1m[34mSELECT "predictions".* FROM "predictions" WHERE "predictions"."player_id" = 1 /*action='index',application='Polla',controller='predictions'*/[0m
  ↳ app/controllers/predictions_controller.rb:7:in 'PredictionsController#index'
  Rendering layout layouts/application.html.erb
  Rendering Views::Predictions::Index within layouts/application
  [1m[36mMatch Exists? (0.1ms)[0m  [1m[34mSELECT 1 AS one FROM "matches" WHERE "matches"."tournament_id" = 1 LIMIT 1 /*action='index',application='Polla',controller='predictions'*/[0m
  ↳ app/views/predictions/index.rb:13:in 'block in Views::Predictions::Index#view_template'
  [1m[36mMatch Load (0.1ms)[0m  [1m[34mSELECT "matches".* FROM "matches" WHERE "matches"."tournament_id" = 1 ORDER BY "matches"."kickoff_at" ASC /*action='index',application='Polla',controller='predictions'*/[0m
  ↳ app/views/predictions/index.rb:17:in 'block (2 levels) in Views::Predictions::Index#view_template'
  Rendered Views::Predictions::Index within layouts/application (Duration: 4.4ms | GC: 0.2ms)
  Rendered layout layouts/application.html.erb (Duration: 5.3ms | GC: 0.2ms)
Completed 200 OK in 12ms (Views: 5.6ms | ActiveRecord: 0.5ms (5 queries, 0 cached) | GC: 0.7ms)


Started GET "/results" for 127.0.0.1 at 2026-06-02 11:44:07 -0500
Processing by ResultsController#index as HTML
  [1m[36mPlayer Load (0.2ms)[0m  [1m[34mSELECT "players".* FROM "players" WHERE "players"."session_token" = '07f4952d9b5a9f4d172344c2818f5e7f' LIMIT 1 /*action='index',application='Polla',controller='results'*/[0m
  ↳ app/controllers/application_controller.rb:12:in 'ApplicationController#current_player'
  [1m[36mTournament Load (0.1ms)[0m  [1m[34mSELECT "tournaments".* FROM "tournaments" ORDER BY "tournaments"."id" ASC LIMIT 1 /*action='index',application='Polla',controller='results'*/[0m
  ↳ app/controllers/results_controller.rb:5:in 'ResultsController#index'
  [1m[36mPrediction Load (0.1ms)[0m  [1m[34mSELECT "predictions".* FROM "predictions" WHERE "predictions"."player_id" = 1 /*action='index',application='Polla',controller='results'*/[0m
  ↳ app/controllers/results_controller.rb:7:in 'ResultsController#index'
  [1m[36mMatch Load (0.1ms)[0m  [1m[34mSELECT "matches".* FROM "matches" WHERE "matches"."tournament_id" = 1 AND "matches"."status" = 'finished' ORDER BY "matches"."kickoff_at" DESC /*action='index',application='Polla',controller='results'*/[0m
  ↳ app/controllers/results_controller.rb:8:in 'Enumerable#map'
  Rendering layout layouts/application.html.erb
  Rendering Views::Results::Index within layouts/application
  Rendered Views::Results::Index within layouts/application (Duration: 1.5ms | GC: 0.3ms)
  Rendered layout layouts/application.html.erb (Duration: 2.6ms | GC: 0.3ms)
Completed 200 OK in 11ms (Views: 4.1ms | ActiveRecord: 0.5ms (4 queries, 0 cached) | GC: 0.3ms)


Started GET "/predictions" for 127.0.0.1 at 2026-06-02 11:44:07 -0500
Processing by PredictionsController#index as HTML
  [1m[36mPlayer Load (0.2ms)[0m  [1m[34mSELECT "players".* FROM "players" WHERE "players"."session_token" = '07f4952d9b5a9f4d172344c2818f5e7f' LIMIT 1 /*action='index',application='Polla',controller='predictions'*/[0m
  ↳ app/controllers/application_controller.rb:12:in 'ApplicationController#current_player'
  [1m[36mTournament Load (0.2ms)[0m  [1m[34mSELECT "tournaments".* FROM "tournaments" ORDER BY "tournaments"."id" ASC LIMIT 1 /*action='index',application='Polla',controller='predictions'*/[0m
  ↳ app/controllers/predictions_controller.rb:5:in 'PredictionsController#index'
  [1m[36mPrediction Load (0.1ms)[0m  [1m[34mSELECT "predictions".* FROM "predictions" WHERE "predictions"."player_id" = 1 /*action='index',application='Polla',controller='predictions'*/[0m
  ↳ app/controllers/predictions_controller.rb:7:in 'PredictionsController#index'
  Rendering layout layouts/application.html.erb
  Rendering Views::Predictions::Index within layouts/application
  [1m[36mMatch Exists? (0.1ms)[0m  [1m[34mSELECT 1 AS one FROM "matches" WHERE "matches"."tournament_id" = 1 LIMIT 1 /*action='index',application='Polla',controller='predictions'*/[0m
  ↳ app/views/predictions/index.rb:13:in 'block in Views::Predictions::Index#view_template'
  [1m[36mMatch Load (0.1ms)[0m  [1m[34mSELECT "matches".* FROM "matches" WHERE "matches"."tournament_id" = 1 ORDER BY "matches"."kickoff_at" ASC /*action='index',application='Polla',controller='predictions'*/[0m
  ↳ app/views/predictions/index.rb:17:in 'block (2 levels) in Views::Predictions::Index#view_template'
  Rendered Views::Predictions::Index within layouts/application (Duration: 16.3ms | GC: 11.8ms)
  Rendered layout layouts/application.html.erb (Duration: 18.8ms | GC: 13.5ms)
Completed 200 OK in 27ms (Views: 19.2ms | ActiveRecord: 0.7ms (5 queries, 0 cached) | GC: 13.9ms)


Started GET "/standings" for 127.0.0.1 at 2026-06-02 11:44:08 -0500
Processing by StandingsController#index as HTML
  [1m[36mPlayer Load (0.2ms)[0m  [1m[34mSELECT "players".* FROM "players" WHERE "players"."session_token" = '07f4952d9b5a9f4d172344c2818f5e7f' LIMIT 1 /*action='index',application='Polla',controller='standings'*/[0m
  ↳ app/controllers/application_controller.rb:12:in 'ApplicationController#current_player'
  [1m[36mTournament Load (0.1ms)[0m  [1m[34mSELECT "tournaments".* FROM "tournaments" ORDER BY "tournaments"."id" ASC LIMIT 1 /*action='index',application='Polla',controller='standings'*/[0m
  ↳ app/controllers/standings_controller.rb:5:in 'StandingsController#index'
  [1m[36mMatch Load (0.1ms)[0m  [1m[34mSELECT "matches".* FROM "matches" WHERE "matches"."tournament_id" = 1 AND "matches"."status" = 'finished' /*action='index',application='Polla',controller='standings'*/[0m
  ↳ app/services/scoring_service.rb:24:in 'ScoringService.standings'
  Rendering layout layouts/application.html.erb
  Rendering Views::Standings::Index within layouts/application
  Rendered Views::Standings::Index within layouts/application (Duration: 3.6ms | GC: 2.7ms)
  Rendered layout layouts/application.html.erb (Duration: 5.9ms | GC: 4.2ms)
Completed 200 OK in 21ms (Views: 7.2ms | ActiveRecord: 0.4ms (3 queries, 0 cached) | GC: 12.1ms)


Started GET "/predictions" for 127.0.0.1 at 2026-06-02 11:44:09 -0500
Processing by PredictionsController#index as HTML
  [1m[36mPlayer Load (0.2ms)[0m  [1m[34mSELECT "players".* FROM "players" WHERE "players"."session_token" = '07f4952d9b5a9f4d172344c2818f5e7f' LIMIT 1 /*action='index',application='Polla',controller='predictions'*/[0m
  ↳ app/controllers/application_controller.rb:12:in 'ApplicationController#current_player'
  [1m[36mTournament Load (0.1ms)[0m  [1m[34mSELECT "tournaments".* FROM "tournaments" ORDER BY "tournaments"."id" ASC LIMIT 1 /*action='index',application='Polla',controller='predictions'*/[0m
  ↳ app/controllers/predictions_controller.rb:5:in 'PredictionsController#index'
  [1m[36mPrediction Load (0.1ms)[0m  [1m[34mSELECT "predictions".* FROM "predictions" WHERE "predictions"."player_id" = 1 /*action='index',application='Polla',controller='predictions'*/[0m
  ↳ app/controllers/predictions_controller.rb:7:in 'PredictionsController#index'
  Rendering layout layouts/application.html.erb
  Rendering Views::Predictions::Index within layouts/application
  [1m[36mMatch Exists? (0.1ms)[0m  [1m[34mSELECT 1 AS one FROM "matches" WHERE "matches"."tournament_id" = 1 LIMIT 1 /*action='index',application='Polla',controller='predictions'*/[0m
  ↳ app/views/predictions/index.rb:13:in 'block in Views::Predictions::Index#view_template'
  [1m[36mMatch Load (0.2ms)[0m  [1m[34mSELECT "matches".* FROM "matches" WHERE "matches"."tournament_id" = 1 ORDER BY "matches"."kickoff_at" ASC /*action='index',application='Polla',controller='predictions'*/[0m
  ↳ app/views/predictions/index.rb:17:in 'block (2 levels) in Views::Predictions::Index#view_template'
  Rendered Views::Predictions::Index within layouts/application (Duration: 16.2ms | GC: 11.1ms)
  Rendered layout layouts/application.html.erb (Duration: 17.7ms | GC: 12.0ms)
Completed 200 OK in 30ms (Views: 17.9ms | ActiveRecord: 0.6ms (5 queries, 0 cached) | GC: 18.6ms)


Started GET "/results" for 127.0.0.1 at 2026-06-02 11:44:09 -0500
Processing by ResultsController#index as HTML
  [1m[36mPlayer Load (0.2ms)[0m  [1m[34mSELECT "players".* FROM "players" WHERE "players"."session_token" = '07f4952d9b5a9f4d172344c2818f5e7f' LIMIT 1 /*action='index',application='Polla',controller='results'*/[0m
  ↳ app/controllers/application_controller.rb:12:in 'ApplicationController#current_player'
  [1m[36mTournament Load (0.1ms)[0m  [1m[34mSELECT "tournaments".* FROM "tournaments" ORDER BY "tournaments"."id" ASC LIMIT 1 /*action='index',application='Polla',controller='results'*/[0m
  ↳ app/controllers/results_controller.rb:5:in 'ResultsController#index'
  [1m[36mPrediction Load (0.1ms)[0m  [1m[34mSELECT "predictions".* FROM "predictions" WHERE "predictions"."player_id" = 1 /*action='index',application='Polla',controller='results'*/[0m
  ↳ app/controllers/results_controller.rb:7:in 'ResultsController#index'
  [1m[36mMatch Load (0.1ms)[0m  [1m[34mSELECT "matches".* FROM "matches" WHERE "matches"."tournament_id" = 1 AND "matches"."status" = 'finished' ORDER BY "matches"."kickoff_at" DESC /*action='index',application='Polla',controller='results'*/[0m
  ↳ app/controllers/results_controller.rb:8:in 'Enumerable#map'
  Rendering layout layouts/application.html.erb
  Rendering Views::Results::Index within layouts/application
  Rendered Views::Results::Index within layouts/application (Duration: 0.5ms | GC: 0.0ms)
  Rendered layout layouts/application.html.erb (Duration: 1.4ms | GC: 0.0ms)
Completed 200 OK in 9ms (Views: 2.0ms | ActiveRecord: 0.4ms (4 queries, 0 cached) | GC: 0.7ms)


Started GET "/predictions" for 127.0.0.1 at 2026-06-02 11:44:10 -0500
Processing by PredictionsController#index as HTML
  [1m[36mPlayer Load (0.2ms)[0m  [1m[34mSELECT "players".* FROM "players" WHERE "players"."session_token" = '07f4952d9b5a9f4d172344c2818f5e7f' LIMIT 1 /*action='index',application='Polla',controller='predictions'*/[0m
  ↳ app/controllers/application_controller.rb:12:in 'ApplicationController#current_player'
  [1m[36mTournament Load (0.1ms)[0m  [1m[34mSELECT "tournaments".* FROM "tournaments" ORDER BY "tournaments"."id" ASC LIMIT 1 /*action='index',application='Polla',controller='predictions'*/[0m
  ↳ app/controllers/predictions_controller.rb:5:in 'PredictionsController#index'
  [1m[36mPrediction Load (0.1ms)[0m  [1m[34mSELECT "predictions".* FROM "predictions" WHERE "predictions"."player_id" = 1 /*action='index',application='Polla',controller='predictions'*/[0m
  ↳ app/controllers/predictions_controller.rb:7:in 'PredictionsController#index'
  Rendering layout layouts/application.html.erb
  Rendering Views::Predictions::Index within layouts/application
  [1m[36mMatch Exists? (0.1ms)[0m  [1m[34mSELECT 1 AS one FROM "matches" WHERE "matches"."tournament_id" = 1 LIMIT 1 /*action='index',application='Polla',controller='predictions'*/[0m
  ↳ app/views/predictions/index.rb:13:in 'block in Views::Predictions::Index#view_template'
  [1m[36mMatch Load (0.1ms)[0m  [1m[34mSELECT "matches".* FROM "matches" WHERE "matches"."tournament_id" = 1 ORDER BY "matches"."kickoff_at" ASC /*action='index',application='Polla',controller='predictions'*/[0m
  ↳ app/views/predictions/index.rb:17:in 'block (2 levels) in Views::Predictions::Index#view_template'
  Rendered Views::Predictions::Index within layouts/application (Duration: 4.7ms | GC: 0.4ms)
  Rendered layout layouts/application.html.erb (Duration: 5.5ms | GC: 0.6ms)
Completed 200 OK in 14ms (Views: 5.8ms | ActiveRecord: 0.6ms (5 queries, 0 cached) | GC: 1.0ms)


Started GET "/standings" for 127.0.0.1 at 2026-06-02 11:44:10 -0500
Processing by StandingsController#index as HTML
  [1m[36mPlayer Load (0.2ms)[0m  [1m[34mSELECT "players".* FROM "players" WHERE "players"."session_token" = '07f4952d9b5a9f4d172344c2818f5e7f' LIMIT 1 /*action='index',application='Polla',controller='standings'*/[0m
  ↳ app/controllers/application_controller.rb:12:in 'ApplicationController#current_player'
  [1m[36mTournament Load (0.1ms)[0m  [1m[34mSELECT "tournaments".* FROM "tournaments" ORDER BY "tournaments"."id" ASC LIMIT 1 /*action='index',application='Polla',controller='standings'*/[0m
  ↳ app/controllers/standings_controller.rb:5:in 'StandingsController#index'
  [1m[36mMatch Load (0.1ms)[0m  [1m[34mSELECT "matches".* FROM "matches" WHERE "matches"."tournament_id" = 1 AND "matches"."status" = 'finished' /*action='index',application='Polla',controller='standings'*/[0m
  ↳ app/services/scoring_service.rb:24:in 'ScoringService.standings'
  Rendering layout layouts/application.html.erb
  Rendering Views::Standings::Index within layouts/application
  Rendered Views::Standings::Index within layouts/application (Duration: 0.8ms | GC: 0.1ms)
  Rendered layout layouts/application.html.erb (Duration: 1.8ms | GC: 0.1ms)
Completed 200 OK in 8ms (Views: 2.2ms | ActiveRecord: 0.4ms (3 queries, 0 cached) | GC: 0.1ms)


Started GET "/predictions" for 127.0.0.1 at 2026-06-02 11:44:10 -0500
Processing by PredictionsController#index as HTML
  [1m[36mPlayer Load (0.2ms)[0m  [1m[34mSELECT "players".* FROM "players" WHERE "players"."session_token" = '07f4952d9b5a9f4d172344c2818f5e7f' LIMIT 1 /*action='index',application='Polla',controller='predictions'*/[0m
  ↳ app/controllers/application_controller.rb:12:in 'ApplicationController#current_player'
  [1m[36mTournament Load (0.1ms)[0m  [1m[34mSELECT "tournaments".* FROM "tournaments" ORDER BY "tournaments"."id" ASC LIMIT 1 /*action='index',application='Polla',controller='predictions'*/[0m
  ↳ app/controllers/predictions_controller.rb:5:in 'PredictionsController#index'
  [1m[36mPrediction Load (0.1ms)[0m  [1m[34mSELECT "predictions".* FROM "predictions" WHERE "predictions"."player_id" = 1 /*action='index',application='Polla',controller='predictions'*/[0m
  ↳ app/controllers/predictions_controller.rb:7:in 'PredictionsController#index'
  Rendering layout layouts/application.html.erb
  Rendering Views::Predictions::Index within layouts/application
  [1m[36mMatch Exists? (0.0ms)[0m  [1m[34mSELECT 1 AS one FROM "matches" WHERE "matches"."tournament_id" = 1 LIMIT 1 /*action='index',application='Polla',controller='predictions'*/[0m
  ↳ app/views/predictions/index.rb:13:in 'block in Views::Predictions::Index#view_template'
  [1m[36mMatch Load (0.1ms)[0m  [1m[34mSELECT "matches".* FROM "matches" WHERE "matches"."tournament_id" = 1 ORDER BY "matches"."kickoff_at" ASC /*action='index',application='Polla',controller='predictions'*/[0m
  ↳ app/views/predictions/index.rb:17:in 'block (2 levels) in Views::Predictions::Index#view_template'
  Rendered Views::Predictions::Index within layouts/application (Duration: 3.9ms | GC: 0.3ms)
  Rendered layout layouts/application.html.erb (Duration: 5.1ms | GC: 0.3ms)
Completed 200 OK in 11ms (Views: 5.5ms | ActiveRecord: 0.4ms (5 queries, 0 cached) | GC: 0.4ms)


Started GET "/standings" for 127.0.0.1 at 2026-06-02 11:44:11 -0500
Processing by StandingsController#index as HTML
  [1m[36mPlayer Load (0.2ms)[0m  [1m[34mSELECT "players".* FROM "players" WHERE "players"."session_token" = '07f4952d9b5a9f4d172344c2818f5e7f' LIMIT 1 /*action='index',application='Polla',controller='standings'*/[0m
  ↳ app/controllers/application_controller.rb:12:in 'ApplicationController#current_player'
  [1m[36mTournament Load (0.1ms)[0m  [1m[34mSELECT "tournaments".* FROM "tournaments" ORDER BY "tournaments"."id" ASC LIMIT 1 /*action='index',application='Polla',controller='standings'*/[0m
  ↳ app/controllers/standings_controller.rb:5:in 'StandingsController#index'
  [1m[36mMatch Load (0.1ms)[0m  [1m[34mSELECT "matches".* FROM "matches" WHERE "matches"."tournament_id" = 1 AND "matches"."status" = 'finished' /*action='index',application='Polla',controller='standings'*/[0m
  ↳ app/services/scoring_service.rb:24:in 'ScoringService.standings'
  Rendering layout layouts/application.html.erb
  Rendering Views::Standings::Index within layouts/application
  Rendered Views::Standings::Index within layouts/application (Duration: 0.9ms | GC: 0.0ms)
  Rendered layout layouts/application.html.erb (Duration: 1.9ms | GC: 0.0ms)
Completed 200 OK in 7ms (Views: 2.4ms | ActiveRecord: 0.3ms (3 queries, 0 cached) | GC: 0.0ms)


Started GET "/results" for 127.0.0.1 at 2026-06-02 11:44:12 -0500
Processing by ResultsController#index as HTML
  [1m[36mPlayer Load (0.2ms)[0m  [1m[34mSELECT "players".* FROM "players" WHERE "players"."session_token" = '07f4952d9b5a9f4d172344c2818f5e7f' LIMIT 1 /*action='index',application='Polla',controller='results'*/[0m
  ↳ app/controllers/application_controller.rb:12:in 'ApplicationController#current_player'
  [1m[36mTournament Load (0.1ms)[0m  [1m[34mSELECT "tournaments".* FROM "tournaments" ORDER BY "tournaments"."id" ASC LIMIT 1 /*action='index',application='Polla',controller='results'*/[0m
  ↳ app/controllers/results_controller.rb:5:in 'ResultsController#index'
  [1m[36mPrediction Load (0.1ms)[0m  [1m[34mSELECT "predictions".* FROM "predictions" WHERE "predictions"."player_id" = 1 /*action='index',application='Polla',controller='results'*/[0m
  ↳ app/controllers/results_controller.rb:7:in 'ResultsController#index'
  [1m[36mMatch Load (0.1ms)[0m  [1m[34mSELECT "matches".* FROM "matches" WHERE "matches"."tournament_id" = 1 AND "matches"."status" = 'finished' ORDER BY "matches"."kickoff_at" DESC /*action='index',application='Polla',controller='results'*/[0m
  ↳ app/controllers/results_controller.rb:8:in 'Enumerable#map'
  Rendering layout layouts/application.html.erb
  Rendering Views::Results::Index within layouts/application
  Rendered Views::Results::Index within layouts/application (Duration: 0.5ms | GC: 0.0ms)
  Rendered layout layouts/application.html.erb (Duration: 1.6ms | GC: 0.0ms)
Completed 200 OK in 10ms (Views: 2.1ms | ActiveRecord: 0.6ms (4 queries, 0 cached) | GC: 0.0ms)


Started GET "/standings?sort=asc" for 127.0.0.1 at 2026-06-02 11:44:13 -0500
Processing by StandingsController#index as HTML
  Parameters: {"sort" => "asc"}
  [1m[36mPlayer Load (0.2ms)[0m  [1m[34mSELECT "players".* FROM "players" WHERE "players"."session_token" = '07f4952d9b5a9f4d172344c2818f5e7f' LIMIT 1 /*action='index',application='Polla',controller='standings'*/[0m
  ↳ app/controllers/application_controller.rb:12:in 'ApplicationController#current_player'
  [1m[36mTournament Load (0.1ms)[0m  [1m[34mSELECT "tournaments".* FROM "tournaments" ORDER BY "tournaments"."id" ASC LIMIT 1 /*action='index',application='Polla',controller='standings'*/[0m
  ↳ app/controllers/standings_controller.rb:5:in 'StandingsController#index'
  [1m[36mMatch Load (0.2ms)[0m  [1m[34mSELECT "matches".* FROM "matches" WHERE "matches"."tournament_id" = 1 AND "matches"."status" = 'finished' /*action='index',application='Polla',controller='standings'*/[0m
  ↳ app/services/scoring_service.rb:24:in 'ScoringService.standings'
  Rendering layout layouts/application.html.erb
  Rendering Views::Standings::Index within layouts/application
  Rendered Views::Standings::Index within layouts/application (Duration: 0.7ms | GC: 0.0ms)
  Rendered layout layouts/application.html.erb (Duration: 1.7ms | GC: 0.0ms)
Completed 200 OK in 8ms (Views: 2.2ms | ActiveRecord: 0.4ms (3 queries, 0 cached) | GC: 0.0ms)


Started GET "/standings?sort=desc" for 127.0.0.1 at 2026-06-02 11:44:13 -0500
Processing by StandingsController#index as HTML
  Parameters: {"sort" => "desc"}
  [1m[36mPlayer Load (0.2ms)[0m  [1m[34mSELECT "players".* FROM "players" WHERE "players"."session_token" = '07f4952d9b5a9f4d172344c2818f5e7f' LIMIT 1 /*action='index',application='Polla',controller='standings'*/[0m
  ↳ app/controllers/application_controller.rb:12:in 'ApplicationController#current_player'
  [1m[36mTournament Load (0.1ms)[0m  [1m[34mSELECT "tournaments".* FROM "tournaments" ORDER BY "tournaments"."id" ASC LIMIT 1 /*action='index',application='Polla',controller='standings'*/[0m
  ↳ app/controllers/standings_controller.rb:5:in 'StandingsController#index'
  [1m[36mMatch Load (0.1ms)[0m  [1m[34mSELECT "matches".* FROM "matches" WHERE "matches"."tournament_id" = 1 AND "matches"."status" = 'finished' /*action='index',application='Polla',controller='standings'*/[0m
  ↳ app/services/scoring_service.rb:24:in 'ScoringService.standings'
  Rendering layout layouts/application.html.erb
  Rendering Views::Standings::Index within layouts/application
  Rendered Views::Standings::Index within layouts/application (Duration: 1.1ms | GC: 0.4ms)
  Rendered layout layouts/application.html.erb (Duration: 1.9ms | GC: 0.4ms)
Completed 200 OK in 7ms (Views: 2.4ms | ActiveRecord: 0.3ms (3 queries, 0 cached) | GC: 0.4ms)


Started GET "/standings" for 127.0.0.1 at 2026-06-02 11:44:14 -0500
Processing by StandingsController#index as HTML
  [1m[36mPlayer Load (0.2ms)[0m  [1m[34mSELECT "players".* FROM "players" WHERE "players"."session_token" = '07f4952d9b5a9f4d172344c2818f5e7f' LIMIT 1 /*action='index',application='Polla',controller='standings'*/[0m
  ↳ app/controllers/application_controller.rb:12:in 'ApplicationController#current_player'
  [1m[36mTournament Load (0.1ms)[0m  [1m[34mSELECT "tournaments".* FROM "tournaments" ORDER BY "tournaments"."id" ASC LIMIT 1 /*action='index',application='Polla',controller='standings'*/[0m
  ↳ app/controllers/standings_controller.rb:5:in 'StandingsController#index'
  [1m[36mMatch Load (0.2ms)[0m  [1m[34mSELECT "matches".* FROM "matches" WHERE "matches"."tournament_id" = 1 AND "matches"."status" = 'finished' /*action='index',application='Polla',controller='standings'*/[0m
  ↳ app/services/scoring_service.rb:24:in 'ScoringService.standings'
  Rendering layout layouts/application.html.erb
  Rendering Views::Standings::Index within layouts/application
  Rendered Views::Standings::Index within layouts/application (Duration: 1.2ms | GC: 0.0ms)
  Rendered layout layouts/application.html.erb (Duration: 2.2ms | GC: 0.0ms)
Completed 200 OK in 11ms (Views: 2.7ms | ActiveRecord: 0.5ms (3 queries, 0 cached) | GC: 0.8ms)


Started GET "/standings" for 127.0.0.1 at 2026-06-02 11:44:15 -0500
Processing by StandingsController#index as HTML
  [1m[36mPlayer Load (0.2ms)[0m  [1m[34mSELECT "players".* FROM "players" WHERE "players"."session_token" = '07f4952d9b5a9f4d172344c2818f5e7f' LIMIT 1 /*action='index',application='Polla',controller='standings'*/[0m
  ↳ app/controllers/application_controller.rb:12:in 'ApplicationController#current_player'
  [1m[36mTournament Load (0.1ms)[0m  [1m[34mSELECT "tournaments".* FROM "tournaments" ORDER BY "tournaments"."id" ASC LIMIT 1 /*action='index',application='Polla',controller='standings'*/[0m
  ↳ app/controllers/standings_controller.rb:5:in 'StandingsController#index'
  [1m[36mMatch Load (0.1ms)[0m  [1m[34mSELECT "matches".* FROM "matches" WHERE "matches"."tournament_id" = 1 AND "matches"."status" = 'finished' /*action='index',application='Polla',controller='standings'*/[0m
  ↳ app/services/scoring_service.rb:24:in 'ScoringService.standings'
  Rendering layout layouts/application.html.erb
  Rendering Views::Standings::Index within layouts/application
  Rendered Views::Standings::Index within layouts/application (Duration: 1.2ms | GC: 0.2ms)
  Rendered layout layouts/application.html.erb (Duration: 2.3ms | GC: 0.2ms)
Completed 200 OK in 9ms (Views: 2.7ms | ActiveRecord: 0.4ms (3 queries, 0 cached) | GC: 0.2ms)


Started GET "/results" for 127.0.0.1 at 2026-06-02 11:44:15 -0500
Processing by ResultsController#index as HTML
  [1m[36mPlayer Load (0.2ms)[0m  [1m[34mSELECT "players".* FROM "players" WHERE "players"."session_token" = '07f4952d9b5a9f4d172344c2818f5e7f' LIMIT 1 /*action='index',application='Polla',controller='results'*/[0m
  ↳ app/controllers/application_controller.rb:12:in 'ApplicationController#current_player'
  [1m[36mTournament Load (0.1ms)[0m  [1m[34mSELECT "tournaments".* FROM "tournaments" ORDER BY "tournaments"."id" ASC LIMIT 1 /*action='index',application='Polla',controller='results'*/[0m
  ↳ app/controllers/results_controller.rb:5:in 'ResultsController#index'
  [1m[36mPrediction Load (0.2ms)[0m  [1m[34mSELECT "predictions".* FROM "predictions" WHERE "predictions"."player_id" = 1 /*action='index',application='Polla',controller='results'*/[0m
  ↳ app/controllers/results_controller.rb:7:in 'ResultsController#index'
  [1m[36mMatch Load (0.1ms)[0m  [1m[34mSELECT "matches".* FROM "matches" WHERE "matches"."tournament_id" = 1 AND "matches"."status" = 'finished' ORDER BY "matches"."kickoff_at" DESC /*action='index',application='Polla',controller='results'*/[0m
  ↳ app/controllers/results_controller.rb:8:in 'Enumerable#map'
  Rendering layout layouts/application.html.erb
  Rendering Views::Results::Index within layouts/application
  Rendered Views::Results::Index within layouts/application (Duration: 0.5ms | GC: 0.0ms)
  Rendered layout layouts/application.html.erb (Duration: 1.4ms | GC: 0.0ms)
Completed 200 OK in 9ms (Views: 2.0ms | ActiveRecord: 0.5ms (4 queries, 0 cached) | GC: 0.1ms)


Started GET "/standings" for 127.0.0.1 at 2026-06-02 11:44:15 -0500
Processing by StandingsController#index as HTML
  [1m[36mPlayer Load (0.2ms)[0m  [1m[34mSELECT "players".* FROM "players" WHERE "players"."session_token" = '07f4952d9b5a9f4d172344c2818f5e7f' LIMIT 1 /*action='index',application='Polla',controller='standings'*/[0m
  ↳ app/controllers/application_controller.rb:12:in 'ApplicationController#current_player'
  [1m[36mTournament Load (0.1ms)[0m  [1m[34mSELECT "tournaments".* FROM "tournaments" ORDER BY "tournaments"."id" ASC LIMIT 1 /*action='index',application='Polla',controller='standings'*/[0m
  ↳ app/controllers/standings_controller.rb:5:in 'StandingsController#index'
  [1m[36mMatch Load (0.1ms)[0m  [1m[34mSELECT "matches".* FROM "matches" WHERE "matches"."tournament_id" = 1 AND "matches"."status" = 'finished' /*action='index',application='Polla',controller='standings'*/[0m
  ↳ app/services/scoring_service.rb:24:in 'ScoringService.standings'
  Rendering layout layouts/application.html.erb
  Rendering Views::Standings::Index within layouts/application
  Rendered Views::Standings::Index within layouts/application (Duration: 0.9ms | GC: 0.0ms)
  Rendered layout layouts/application.html.erb (Duration: 2.0ms | GC: 0.0ms)
Completed 200 OK in 9ms (Views: 2.6ms | ActiveRecord: 0.4ms (3 queries, 0 cached) | GC: 0.2ms)


Started GET "/predictions" for 127.0.0.1 at 2026-06-02 11:44:16 -0500
Processing by PredictionsController#index as HTML
  [1m[36mPlayer Load (0.2ms)[0m  [1m[34mSELECT "players".* FROM "players" WHERE "players"."session_token" = '07f4952d9b5a9f4d172344c2818f5e7f' LIMIT 1 /*action='index',application='Polla',controller='predictions'*/[0m
  ↳ app/controllers/application_controller.rb:12:in 'ApplicationController#current_player'
  [1m[36mTournament Load (0.2ms)[0m  [1m[34mSELECT "tournaments".* FROM "tournaments" ORDER BY "tournaments"."id" ASC LIMIT 1 /*action='index',application='Polla',controller='predictions'*/[0m
  ↳ app/controllers/predictions_controller.rb:5:in 'PredictionsController#index'
  [1m[36mPrediction Load (0.1ms)[0m  [1m[34mSELECT "predictions".* FROM "predictions" WHERE "predictions"."player_id" = 1 /*action='index',application='Polla',controller='predictions'*/[0m
  ↳ app/controllers/predictions_controller.rb:7:in 'PredictionsController#index'
  Rendering layout layouts/application.html.erb
  Rendering Views::Predictions::Index within layouts/application
  [1m[36mMatch Exists? (0.1ms)[0m  [1m[34mSELECT 1 AS one FROM "matches" WHERE "matches"."tournament_id" = 1 LIMIT 1 /*action='index',application='Polla',controller='predictions'*/[0m
  ↳ app/views/predictions/index.rb:13:in 'block in Views::Predictions::Index#view_template'
  [1m[36mMatch Load (0.1ms)[0m  [1m[34mSELECT "matches".* FROM "matches" WHERE "matches"."tournament_id" = 1 ORDER BY "matches"."kickoff_at" ASC /*action='index',application='Polla',controller='predictions'*/[0m
  ↳ app/views/predictions/index.rb:17:in 'block (2 levels) in Views::Predictions::Index#view_template'
  Rendered Views::Predictions::Index within layouts/application (Duration: 4.3ms | GC: 0.5ms)
  Rendered layout layouts/application.html.erb (Duration: 5.0ms | GC: 0.5ms)
Completed 200 OK in 13ms (Views: 5.3ms | ActiveRecord: 0.6ms (5 queries, 0 cached) | GC: 1.0ms)


Started GET "/standings" for 127.0.0.1 at 2026-06-02 11:44:33 -0500
Processing by StandingsController#index as HTML
  [1m[36mPlayer Load (0.1ms)[0m  [1m[34mSELECT "players".* FROM "players" WHERE "players"."session_token" = '07f4952d9b5a9f4d172344c2818f5e7f' LIMIT 1 /*action='index',application='Polla',controller='standings'*/[0m
  ↳ app/controllers/application_controller.rb:12:in 'ApplicationController#current_player'
  [1m[36mTournament Load (0.1ms)[0m  [1m[34mSELECT "tournaments".* FROM "tournaments" ORDER BY "tournaments"."id" ASC LIMIT 1 /*action='index',application='Polla',controller='standings'*/[0m
  ↳ app/controllers/standings_controller.rb:5:in 'StandingsController#index'
  [1m[36mMatch Load (0.1ms)[0m  [1m[34mSELECT "matches".* FROM "matches" WHERE "matches"."tournament_id" = 1 AND "matches"."status" = 'finished' /*action='index',application='Polla',controller='standings'*/[0m
  ↳ app/services/scoring_service.rb:24:in 'ScoringService.standings'
  Rendering layout layouts/application.html.erb
  Rendering Views::Standings::Index within layouts/application
  Rendered Views::Standings::Index within layouts/application (Duration: 0.8ms | GC: 0.0ms)
  Rendered layout layouts/application.html.erb (Duration: 1.8ms | GC: 0.0ms)
Completed 200 OK in 9ms (Views: 2.3ms | ActiveRecord: 0.3ms (3 queries, 0 cached) | GC: 0.0ms)


Started GET "/predictions" for 127.0.0.1 at 2026-06-02 11:44:34 -0500
Processing by PredictionsController#index as HTML
  [1m[36mPlayer Load (0.1ms)[0m  [1m[34mSELECT "players".* FROM "players" WHERE "players"."session_token" = '07f4952d9b5a9f4d172344c2818f5e7f' LIMIT 1 /*action='index',application='Polla',controller='predictions'*/[0m
  ↳ app/controllers/application_controller.rb:12:in 'ApplicationController#current_player'
  [1m[36mTournament Load (0.1ms)[0m  [1m[34mSELECT "tournaments".* FROM "tournaments" ORDER BY "tournaments"."id" ASC LIMIT 1 /*action='index',application='Polla',controller='predictions'*/[0m
  ↳ app/controllers/predictions_controller.rb:5:in 'PredictionsController#index'
  [1m[36mPrediction Load (0.1ms)[0m  [1m[34mSELECT "predictions".* FROM "predictions" WHERE "predictions"."player_id" = 1 /*action='index',application='Polla',controller='predictions'*/[0m
  ↳ app/controllers/predictions_controller.rb:7:in 'PredictionsController#index'
  Rendering layout layouts/application.html.erb
  Rendering Views::Predictions::Index within layouts/application
  [1m[36mMatch Exists? (0.1ms)[0m  [1m[34mSELECT 1 AS one FROM "matches" WHERE "matches"."tournament_id" = 1 LIMIT 1 /*action='index',application='Polla',controller='predictions'*/[0m
  ↳ app/views/predictions/index.rb:13:in 'block in Views::Predictions::Index#view_template'
  [1m[36mMatch Load (0.1ms)[0m  [1m[34mSELECT "matches".* FROM "matches" WHERE "matches"."tournament_id" = 1 ORDER BY "matches"."kickoff_at" ASC /*action='index',application='Polla',controller='predictions'*/[0m
  ↳ app/views/predictions/index.rb:17:in 'block (2 levels) in Views::Predictions::Index#view_template'
  Rendered Views::Predictions::Index within layouts/application (Duration: 3.1ms | GC: 0.0ms)
  Rendered layout layouts/application.html.erb (Duration: 3.8ms | GC: 0.0ms)
Completed 200 OK in 9ms (Views: 4.1ms | ActiveRecord: 0.5ms (5 queries, 0 cached) | GC: 0.0ms)


Started GET "/predictions" for 127.0.0.1 at 2026-06-02 11:44:34 -0500
Processing by PredictionsController#index as HTML
  [1m[36mPlayer Load (0.2ms)[0m  [1m[34mSELECT "players".* FROM "players" WHERE "players"."session_token" = '07f4952d9b5a9f4d172344c2818f5e7f' LIMIT 1 /*action='index',application='Polla',controller='predictions'*/[0m
  ↳ app/controllers/application_controller.rb:12:in 'ApplicationController#current_player'
  [1m[36mTournament Load (0.1ms)[0m  [1m[34mSELECT "tournaments".* FROM "tournaments" ORDER BY "tournaments"."id" ASC LIMIT 1 /*action='index',application='Polla',controller='predictions'*/[0m
  ↳ app/controllers/predictions_controller.rb:5:in 'PredictionsController#index'
  [1m[36mPrediction Load (0.2ms)[0m  [1m[34mSELECT "predictions".* FROM "predictions" WHERE "predictions"."player_id" = 1 /*action='index',application='Polla',controller='predictions'*/[0m
  ↳ app/controllers/predictions_controller.rb:7:in 'PredictionsController#index'
  Rendering layout layouts/application.html.erb
  Rendering Views::Predictions::Index within layouts/application
  [1m[36mMatch Exists? (0.1ms)[0m  [1m[34mSELECT 1 AS one FROM "matches" WHERE "matches"."tournament_id" = 1 LIMIT 1 /*action='index',application='Polla',controller='predictions'*/[0m
  ↳ app/views/predictions/index.rb:13:in 'block in Views::Predictions::Index#view_template'
  [1m[36mMatch Load (0.1ms)[0m  [1m[34mSELECT "matches".* FROM "matches" WHERE "matches"."tournament_id" = 1 ORDER BY "matches"."kickoff_at" ASC /*action='index',application='Polla',controller='predictions'*/[0m
  ↳ app/views/predictions/index.rb:17:in 'block (2 levels) in Views::Predictions::Index#view_template'
  Rendered Views::Predictions::Index within layouts/application (Duration: 5.0ms | GC: 1.4ms)
  Rendered layout layouts/application.html.erb (Duration: 5.7ms | GC: 1.4ms)
Completed 200 OK in 24ms (Views: 6.0ms | ActiveRecord: 0.6ms (5 queries, 0 cached) | GC: 12.9ms)


Started GET "/standings" for 127.0.0.1 at 2026-06-02 11:44:34 -0500
Processing by StandingsController#index as HTML
  [1m[36mPlayer Load (0.2ms)[0m  [1m[34mSELECT "players".* FROM "players" WHERE "players"."session_token" = '07f4952d9b5a9f4d172344c2818f5e7f' LIMIT 1 /*action='index',application='Polla',controller='standings'*/[0m
  ↳ app/controllers/application_controller.rb:12:in 'ApplicationController#current_player'
  [1m[36mTournament Load (0.1ms)[0m  [1m[34mSELECT "tournaments".* FROM "tournaments" ORDER BY "tournaments"."id" ASC LIMIT 1 /*action='index',application='Polla',controller='standings'*/[0m
  ↳ app/controllers/standings_controller.rb:5:in 'StandingsController#index'
  [1m[36mMatch Load (0.1ms)[0m  [1m[34mSELECT "matches".* FROM "matches" WHERE "matches"."tournament_id" = 1 AND "matches"."status" = 'finished' /*action='index',application='Polla',controller='standings'*/[0m
  ↳ app/services/scoring_service.rb:24:in 'ScoringService.standings'
  Rendering layout layouts/application.html.erb
  Rendering Views::Standings::Index within layouts/application
  Rendered Views::Standings::Index within layouts/application (Duration: 1.0ms | GC: 0.0ms)
  Rendered layout layouts/application.html.erb (Duration: 2.0ms | GC: 0.0ms)
Completed 200 OK in 7ms (Views: 2.5ms | ActiveRecord: 0.3ms (3 queries, 0 cached) | GC: 0.2ms)


Started GET "/" for 127.0.0.1 at 2026-06-02 11:57:24 -0500
  [1m[36mActiveRecord::SchemaMigration Load (0.2ms)[0m  [1m[34mSELECT "schema_migrations"."version" FROM "schema_migrations" ORDER BY "schema_migrations"."version" ASC /*application='Golbet'*/[0m
Processing by SessionsController#new as HTML
  [1m[36mPlayer Load (0.2ms)[0m  [1m[34mSELECT "players".* FROM "players" WHERE "players"."session_token" = '07f4952d9b5a9f4d172344c2818f5e7f' LIMIT 1 /*action='new',application='Golbet',controller='sessions'*/[0m
  ↳ app/controllers/application_controller.rb:12:in 'ApplicationController#current_player'
Redirected to http://127.0.0.1:3000/predictions
↳ app/controllers/sessions_controller.rb:3:in 'SessionsController#new'
Completed 302 Found in 11ms (ActiveRecord: 0.9ms (1 query, 0 cached) | GC: 0.0ms)


Started GET "/predictions" for 127.0.0.1 at 2026-06-02 11:57:24 -0500
Processing by PredictionsController#index as HTML
  [1m[36mPlayer Load (0.1ms)[0m  [1m[34mSELECT "players".* FROM "players" WHERE "players"."session_token" = '07f4952d9b5a9f4d172344c2818f5e7f' LIMIT 1 /*action='index',application='Golbet',controller='predictions'*/[0m
  ↳ app/controllers/application_controller.rb:12:in 'ApplicationController#current_player'
  [1m[36mTournament Load (0.0ms)[0m  [1m[34mSELECT "tournaments".* FROM "tournaments" ORDER BY "tournaments"."id" ASC LIMIT 1 /*action='index',application='Golbet',controller='predictions'*/[0m
  ↳ app/controllers/predictions_controller.rb:5:in 'PredictionsController#index'
  [1m[36mPrediction Load (0.0ms)[0m  [1m[34mSELECT "predictions".* FROM "predictions" WHERE "predictions"."player_id" = 1 /*action='index',application='Golbet',controller='predictions'*/[0m
  ↳ app/controllers/predictions_controller.rb:7:in 'PredictionsController#index'
  Rendering layout layouts/application.html.erb
  Rendering Views::Predictions::Index within layouts/application
  [1m[36mMatch Exists? (0.1ms)[0m  [1m[34mSELECT 1 AS one FROM "matches" WHERE "matches"."tournament_id" = 1 LIMIT 1 /*action='index',application='Golbet',controller='predictions'*/[0m
  ↳ app/views/predictions/index.rb:13:in 'block in Views::Predictions::Index#view_template'
  [1m[36mMatch Load (0.0ms)[0m  [1m[34mSELECT "matches".* FROM "matches" WHERE "matches"."tournament_id" = 1 ORDER BY "matches"."kickoff_at" ASC /*action='index',application='Golbet',controller='predictions'*/[0m
  ↳ app/views/predictions/index.rb:17:in 'block (2 levels) in Views::Predictions::Index#view_template'
  Rendered Views::Predictions::Index within layouts/application (Duration: 4.2ms | GC: 0.0ms)
  Rendered layout layouts/application.html.erb (Duration: 18.0ms | GC: 8.9ms)
Completed 200 OK in 29ms (Views: 20.3ms | ActiveRecord: 0.4ms (5 queries, 0 cached) | GC: 8.9ms)


Started GET "/results" for 127.0.0.1 at 2026-06-02 11:57:26 -0500
Processing by ResultsController#index as HTML
  [1m[36mPlayer Load (0.2ms)[0m  [1m[34mSELECT "players".* FROM "players" WHERE "players"."session_token" = '07f4952d9b5a9f4d172344c2818f5e7f' LIMIT 1 /*action='index',application='Golbet',controller='results'*/[0m
  ↳ app/controllers/application_controller.rb:12:in 'ApplicationController#current_player'
  [1m[36mTournament Load (0.4ms)[0m  [1m[34mSELECT "tournaments".* FROM "tournaments" ORDER BY "tournaments"."id" ASC LIMIT 1 /*action='index',application='Golbet',controller='results'*/[0m
  ↳ app/controllers/results_controller.rb:5:in 'ResultsController#index'
  [1m[36mPrediction Load (0.1ms)[0m  [1m[34mSELECT "predictions".* FROM "predictions" WHERE "predictions"."player_id" = 1 /*action='index',application='Golbet',controller='results'*/[0m
  ↳ app/controllers/results_controller.rb:7:in 'ResultsController#index'
  [1m[36mMatch Load (0.1ms)[0m  [1m[34mSELECT "matches".* FROM "matches" WHERE "matches"."tournament_id" = 1 AND "matches"."status" = 'finished' ORDER BY "matches"."kickoff_at" DESC /*action='index',application='Golbet',controller='results'*/[0m
  ↳ app/controllers/results_controller.rb:8:in 'Enumerable#map'
  Rendering layout layouts/application.html.erb
  Rendering Views::Results::Index within layouts/application
  Rendered Views::Results::Index within layouts/application (Duration: 1.5ms | GC: 0.6ms)
  Rendered layout layouts/application.html.erb (Duration: 2.7ms | GC: 0.6ms)
Completed 200 OK in 14ms (Views: 3.8ms | ActiveRecord: 0.8ms (4 queries, 0 cached) | GC: 0.6ms)


Started GET "/standings" for 127.0.0.1 at 2026-06-02 11:57:26 -0500
Processing by StandingsController#index as HTML
  [1m[36mPlayer Load (0.4ms)[0m  [1m[34mSELECT "players".* FROM "players" WHERE "players"."session_token" = '07f4952d9b5a9f4d172344c2818f5e7f' LIMIT 1 /*action='index',application='Golbet',controller='standings'*/[0m
  ↳ app/controllers/application_controller.rb:12:in 'ApplicationController#current_player'
  [1m[36mTournament Load (0.1ms)[0m  [1m[34mSELECT "tournaments".* FROM "tournaments" ORDER BY "tournaments"."id" ASC LIMIT 1 /*action='index',application='Golbet',controller='standings'*/[0m
  ↳ app/controllers/standings_controller.rb:5:in 'StandingsController#index'
  [1m[36mMatch Load (0.1ms)[0m  [1m[34mSELECT "matches".* FROM "matches" WHERE "matches"."tournament_id" = 1 AND "matches"."status" = 'finished' /*action='index',application='Golbet',controller='standings'*/[0m
  ↳ app/services/scoring_service.rb:24:in 'ScoringService.standings'
  Rendering layout layouts/application.html.erb
  Rendering Views::Standings::Index within layouts/application
  Rendered Views::Standings::Index within layouts/application (Duration: 3.1ms | GC: 0.1ms)
  Rendered layout layouts/application.html.erb (Duration: 4.1ms | GC: 0.1ms)
Completed 200 OK in 15ms (Views: 5.3ms | ActiveRecord: 0.6ms (3 queries, 0 cached) | GC: 0.6ms)


Started GET "/predictions" for 127.0.0.1 at 2026-06-02 11:57:26 -0500
Processing by PredictionsController#index as HTML
  [1m[36mPlayer Load (0.2ms)[0m  [1m[34mSELECT "players".* FROM "players" WHERE "players"."session_token" = '07f4952d9b5a9f4d172344c2818f5e7f' LIMIT 1 /*action='index',application='Golbet',controller='predictions'*/[0m
  ↳ app/controllers/application_controller.rb:12:in 'ApplicationController#current_player'
  [1m[36mTournament Load (0.1ms)[0m  [1m[34mSELECT "tournaments".* FROM "tournaments" ORDER BY "tournaments"."id" ASC LIMIT 1 /*action='index',application='Golbet',controller='predictions'*/[0m
  ↳ app/controllers/predictions_controller.rb:5:in 'PredictionsController#index'
  [1m[36mPrediction Load (0.1ms)[0m  [1m[34mSELECT "predictions".* FROM "predictions" WHERE "predictions"."player_id" = 1 /*action='index',application='Golbet',controller='predictions'*/[0m
  ↳ app/controllers/predictions_controller.rb:7:in 'PredictionsController#index'
  Rendering layout layouts/application.html.erb
  Rendering Views::Predictions::Index within layouts/application
  [1m[36mMatch Exists? (0.1ms)[0m  [1m[34mSELECT 1 AS one FROM "matches" WHERE "matches"."tournament_id" = 1 LIMIT 1 /*action='index',application='Golbet',controller='predictions'*/[0m
  ↳ app/views/predictions/index.rb:13:in 'block in Views::Predictions::Index#view_template'
  [1m[36mMatch Load (0.1ms)[0m  [1m[34mSELECT "matches".* FROM "matches" WHERE "matches"."tournament_id" = 1 ORDER BY "matches"."kickoff_at" ASC /*action='index',application='Golbet',controller='predictions'*/[0m
  ↳ app/views/predictions/index.rb:17:in 'block (2 levels) in Views::Predictions::Index#view_template'
  Rendered Views::Predictions::Index within layouts/application (Duration: 4.9ms | GC: 0.8ms)
  Rendered layout layouts/application.html.erb (Duration: 5.7ms | GC: 0.8ms)
Completed 200 OK in 12ms (Views: 6.0ms | ActiveRecord: 0.5ms (5 queries, 0 cached) | GC: 0.9ms)


Started GET "/results" for 127.0.0.1 at 2026-06-02 11:57:27 -0500
Processing by ResultsController#index as HTML
  [1m[36mPlayer Load (0.2ms)[0m  [1m[34mSELECT "players".* FROM "players" WHERE "players"."session_token" = '07f4952d9b5a9f4d172344c2818f5e7f' LIMIT 1 /*action='index',application='Golbet',controller='results'*/[0m
  ↳ app/controllers/application_controller.rb:12:in 'ApplicationController#current_player'
  [1m[36mTournament Load (0.1ms)[0m  [1m[34mSELECT "tournaments".* FROM "tournaments" ORDER BY "tournaments"."id" ASC LIMIT 1 /*action='index',application='Golbet',controller='results'*/[0m
  ↳ app/controllers/results_controller.rb:5:in 'ResultsController#index'
  [1m[36mPrediction Load (0.1ms)[0m  [1m[34mSELECT "predictions".* FROM "predictions" WHERE "predictions"."player_id" = 1 /*action='index',application='Golbet',controller='results'*/[0m
  ↳ app/controllers/results_controller.rb:7:in 'ResultsController#index'
  [1m[36mMatch Load (0.1ms)[0m  [1m[34mSELECT "matches".* FROM "matches" WHERE "matches"."tournament_id" = 1 AND "matches"."status" = 'finished' ORDER BY "matches"."kickoff_at" DESC /*action='index',application='Golbet',controller='results'*/[0m
  ↳ app/controllers/results_controller.rb:8:in 'Enumerable#map'
  Rendering layout layouts/application.html.erb
  Rendering Views::Results::Index within layouts/application
  Rendered Views::Results::Index within layouts/application (Duration: 2.1ms | GC: 1.4ms)
  Rendered layout layouts/application.html.erb (Duration: 4.9ms | GC: 2.9ms)
Completed 200 OK in 16ms (Views: 5.4ms | ActiveRecord: 0.5ms (4 queries, 0 cached) | GC: 5.0ms)


Started GET "/predictions" for 127.0.0.1 at 2026-06-02 11:57:28 -0500
Processing by PredictionsController#index as HTML
  [1m[36mPlayer Load (0.1ms)[0m  [1m[34mSELECT "players".* FROM "players" WHERE "players"."session_token" = '07f4952d9b5a9f4d172344c2818f5e7f' LIMIT 1 /*action='index',application='Golbet',controller='predictions'*/[0m
  ↳ app/controllers/application_controller.rb:12:in 'ApplicationController#current_player'
  [1m[36mTournament Load (0.1ms)[0m  [1m[34mSELECT "tournaments".* FROM "tournaments" ORDER BY "tournaments"."id" ASC LIMIT 1 /*action='index',application='Golbet',controller='predictions'*/[0m
  ↳ app/controllers/predictions_controller.rb:5:in 'PredictionsController#index'
  [1m[36mPrediction Load (0.1ms)[0m  [1m[34mSELECT "predictions".* FROM "predictions" WHERE "predictions"."player_id" = 1 /*action='index',application='Golbet',controller='predictions'*/[0m
  ↳ app/controllers/predictions_controller.rb:7:in 'PredictionsController#index'
  Rendering layout layouts/application.html.erb
  Rendering Views::Predictions::Index within layouts/application
  [1m[36mMatch Exists? (0.1ms)[0m  [1m[34mSELECT 1 AS one FROM "matches" WHERE "matches"."tournament_id" = 1 LIMIT 1 /*action='index',application='Golbet',controller='predictions'*/[0m
  ↳ app/views/predictions/index.rb:13:in 'block in Views::Predictions::Index#view_template'
  [1m[36mMatch Load (0.1ms)[0m  [1m[34mSELECT "matches".* FROM "matches" WHERE "matches"."tournament_id" = 1 ORDER BY "matches"."kickoff_at" ASC /*action='index',application='Golbet',controller='predictions'*/[0m
  ↳ app/views/predictions/index.rb:17:in 'block (2 levels) in Views::Predictions::Index#view_template'
  Rendered Views::Predictions::Index within layouts/application (Duration: 14.3ms | GC: 10.5ms)
  Rendered layout layouts/application.html.erb (Duration: 15.8ms | GC: 11.1ms)
Completed 200 OK in 24ms (Views: 16.0ms | ActiveRecord: 0.3ms (5 queries, 0 cached) | GC: 15.4ms)


Started GET "/standings" for 127.0.0.1 at 2026-06-02 11:57:28 -0500
Processing by StandingsController#index as HTML
  [1m[36mPlayer Load (0.2ms)[0m  [1m[34mSELECT "players".* FROM "players" WHERE "players"."session_token" = '07f4952d9b5a9f4d172344c2818f5e7f' LIMIT 1 /*action='index',application='Golbet',controller='standings'*/[0m
  ↳ app/controllers/application_controller.rb:12:in 'ApplicationController#current_player'
  [1m[36mTournament Load (0.1ms)[0m  [1m[34mSELECT "tournaments".* FROM "tournaments" ORDER BY "tournaments"."id" ASC LIMIT 1 /*action='index',application='Golbet',controller='standings'*/[0m
  ↳ app/controllers/standings_controller.rb:5:in 'StandingsController#index'
  [1m[36mMatch Load (0.1ms)[0m  [1m[34mSELECT "matches".* FROM "matches" WHERE "matches"."tournament_id" = 1 AND "matches"."status" = 'finished' /*action='index',application='Golbet',controller='standings'*/[0m
  ↳ app/services/scoring_service.rb:24:in 'ScoringService.standings'
  Rendering layout layouts/application.html.erb
  Rendering Views::Standings::Index within layouts/application
  Rendered Views::Standings::Index within layouts/application (Duration: 6.0ms | GC: 3.5ms)
  Rendered layout layouts/application.html.erb (Duration: 8.9ms | GC: 5.1ms)
Completed 200 OK in 21ms (Views: 10.0ms | ActiveRecord: 0.3ms (3 queries, 0 cached) | GC: 11.5ms)


Started GET "/" for ::1 at 2026-06-02 15:26:43 -0500
  [1m[36mActiveRecord::SchemaMigration Load (0.1ms)[0m  [1m[34mSELECT "schema_migrations"."version" FROM "schema_migrations" ORDER BY "schema_migrations"."version" ASC /*application='Golbet'*/[0m
Processing by SessionsController#new as */*
  [1m[36mPlayer Load (0.1ms)[0m  [1m[34mSELECT "players".* FROM "players" WHERE "players"."session_token" IS NULL LIMIT 1 /*action='new',application='Golbet',controller='sessions'*/[0m
  ↳ app/controllers/application_controller.rb:12:in 'ApplicationController#current_player'
  Rendering layout layouts/application.html.erb
  Rendering Views::Sessions::New within layouts/application
  Rendered Views::Sessions::New within layouts/application (Duration: 1.0ms | GC: 0.0ms)
  Rendered layout layouts/application.html.erb (Duration: 6.3ms | GC: 0.0ms)
Completed 200 OK in 24ms (Views: 10.0ms | ActiveRecord: 0.8ms (1 query, 0 cached) | GC: 0.0ms)


Started GET "/" for ::1 at 2026-06-02 15:26:43 -0500
Processing by SessionsController#new as */*
  [1m[36mPlayer Load (0.1ms)[0m  [1m[34mSELECT "players".* FROM "players" WHERE "players"."session_token" IS NULL LIMIT 1 /*action='new',application='Golbet',controller='sessions'*/[0m
  ↳ app/controllers/application_controller.rb:12:in 'ApplicationController#current_player'
  Rendering layout layouts/application.html.erb
  Rendering Views::Sessions::New within layouts/application
  Rendered Views::Sessions::New within layouts/application (Duration: 0.2ms | GC: 0.0ms)
  Rendered layout layouts/application.html.erb (Duration: 0.4ms | GC: 0.0ms)
Completed 200 OK in 1ms (Views: 0.5ms | ActiveRecord: 0.1ms (1 query, 0 cached) | GC: 0.0ms)


Started GET "/" for ::1 at 2026-06-02 17:22:06 -0500
  [1m[36mActiveRecord::SchemaMigration Load (0.0ms)[0m  [1m[34mSELECT "schema_migrations"."version" FROM "schema_migrations" ORDER BY "schema_migrations"."version" ASC /*application='Golbet'*/[0m
Processing by SessionsController#new as */*
  [1m[36mPlayer Load (0.0ms)[0m  [1m[34mSELECT "players".* FROM "players" WHERE "players"."session_token" IS NULL LIMIT 1 /*action='new',application='Golbet',controller='sessions'*/[0m
  ↳ app/controllers/application_controller.rb:12:in 'ApplicationController#current_player'
  Rendering layout layouts/application.html.erb
  Rendering Views::Sessions::New within layouts/application
  Rendered Views::Sessions::New within layouts/application (Duration: 1.0ms | GC: 0.0ms)
  Rendered layout layouts/application.html.erb (Duration: 6.4ms | GC: 0.0ms)
Completed 200 OK in 25ms (Views: 11.0ms | ActiveRecord: 0.7ms (1 query, 0 cached) | GC: 0.0ms)


Started POST "/session" for ::1 at 2026-06-02 17:22:07 -0500
Processing by SessionsController#create as */*
  Parameters: {"name" => "Oscar"}
Can't verify CSRF token authenticity.
Completed 422 Unprocessable Content in 0ms (ActiveRecord: 0.0ms (0 queries, 0 cached) | GC: 0.0ms)


  
ActionController::InvalidAuthenticityToken (Can't verify CSRF token authenticity.):
  
actionpack (8.1.3) lib/action_controller/metal/request_forgery_protection.rb:321:in 'ActionController::RequestForgeryProtection::ProtectionMethods::Exception#handle_unverified_request'
actionpack (8.1.3) lib/action_controller/metal/request_forgery_protection.rb:415:in 'ActionController::RequestForgeryProtection#handle_unverified_request'
actionpack (8.1.3) lib/action_controller/metal/request_forgery_protection.rb:404:in 'ActionController::RequestForgeryProtection#verify_authenticity_token'
activesupport (8.1.3) lib/active_support/callbacks.rb:362:in 'block in ActiveSupport::Callbacks::CallTemplate::MethodCall#make_lambda'
activesupport (8.1.3) lib/active_support/callbacks.rb:179:in 'block in ActiveSupport::Callbacks::Filters::Before#call'
actionpack (8.1.3) lib/abstract_controller/callbacks.rb:36:in 'block (2 levels) in <module:Callbacks>'
activesupport (8.1.3) lib/active_support/callbacks.rb:180:in 'ActiveSupport::Callbacks::Filters::Before#call'
activesupport (8.1.3) lib/active_support/callbacks.rb:560:in 'block in ActiveSupport::Callbacks::CallbackSequence#invoke_before'
activesupport (8.1.3) lib/active_support/callbacks.rb:560:in 'Array#each'
activesupport (8.1.3) lib/active_support/callbacks.rb:560:in 'ActiveSupport::Callbacks::CallbackSequence#invoke_before'
activesupport (8.1.3) lib/active_support/callbacks.rb:119:in 'block in ActiveSupport::Callbacks#run_callbacks'
activesupport (8.1.3) lib/active_support/callbacks.rb:141:in 'ActiveSupport::Callbacks#run_callbacks'
actionpack (8.1.3) lib/abstract_controller/callbacks.rb:266:in 'AbstractController::Callbacks#process_action'
actionpack (8.1.3) lib/action_controller/metal/rescue.rb:36:in 'ActionController::Rescue#process_action'
actionpack (8.1.3) lib/action_controller/metal/instrumentation.rb:76:in 'block in ActionController::Instrumentation#process_action'
activesupport (8.1.3) lib/active_support/notifications.rb:210:in 'block in ActiveSupport::Notifications.instrument'
activesupport (8.1.3) lib/active_support/notifications/instrumenter.rb:58:in 'ActiveSupport::Notifications::Instrumenter#instrument'
activesupport (8.1.3) lib/active_support/notifications.rb:210:in 'ActiveSupport::Notifications.instrument'
actionpack (8.1.3) lib/action_controller/metal/instrumentation.rb:75:in 'ActionController::Instrumentation#process_action'
actionpack (8.1.3) lib/action_controller/metal/params_wrapper.rb:259:in 'ActionController::ParamsWrapper#process_action'
activerecord (8.1.3) lib/active_record/railties/controller_runtime.rb:39:in 'ActiveRecord::Railties::ControllerRuntime#process_action'
actionpack (8.1.3) lib/abstract_controller/base.rb:154:in 'AbstractController::Base#process'
actionview (8.1.3) lib/action_view/rendering.rb:40:in 'ActionView::Rendering#process'
actionpack (8.1.3) lib/action_controller/metal.rb:252:in 'ActionController::Metal#dispatch'
actionpack (8.1.3) lib/action_controller/metal.rb:335:in 'ActionController::Metal.dispatch'
actionpack (8.1.3) lib/action_dispatch/routing/route_set.rb:65:in 'ActionDispatch::Routing::RouteSet::Dispatcher#dispatch'
actionpack (8.1.3) lib/action_dispatch/routing/route_set.rb:50:in 'ActionDispatch::Routing::RouteSet::Dispatcher#serve'
actionpack (8.1.3) lib/action_dispatch/journey/router.rb:35:in 'block in ActionDispatch::Journey::Router#serve'
actionpack (8.1.3) lib/action_dispatch/journey/router.rb:86:in 'block in ActionDispatch::Journey::Router#recognize'
actionpack (8.1.3) lib/action_dispatch/journey/router.rb:66:in 'Array#each'
actionpack (8.1.3) lib/action_dispatch/journey/router.rb:66:in 'ActionDispatch::Journey::Router#recognize'
actionpack (8.1.3) lib/action_dispatch/journey/router.rb:31:in 'ActionDispatch::Journey::Router#serve'
actionpack (8.1.3) lib/action_dispatch/routing/route_set.rb:906:in 'ActionDispatch::Routing::RouteSet#call'
railties (8.1.3) lib/rails/engine/lazy_route_set.rb:60:in 'Rails::Engine::LazyRouteSet#call'
rack (3.2.6) lib/rack/tempfile_reaper.rb:20:in 'Rack::TempfileReaper#call'
rack (3.2.6) lib/rack/etag.rb:29:in 'Rack::ETag#call'
rack (3.2.6) lib/rack/conditional_get.rb:44:in 'Rack::ConditionalGet#call'
rack (3.2.6) lib/rack/head.rb:15:in 'Rack::Head#call'
actionpack (8.1.3) lib/action_dispatch/http/content_security_policy.rb:38:in 'ActionDispatch::ContentSecurityPolicy::Middleware#call'
rack-session (2.1.2) lib/rack/session/abstract/id.rb:274:in 'Rack::Session::Abstract::Persisted#context'
rack-session (2.1.2) lib/rack/session/abstract/id.rb:268:in 'Rack::Session::Abstract::Persisted#call'
actionpack (8.1.3) lib/action_dispatch/middleware/cookies.rb:708:in 'ActionDispatch::Cookies#call'
activerecord (8.1.3) lib/active_record/migration.rb:671:in 'ActiveRecord::Migration::CheckPending#call'
actionpack (8.1.3) lib/action_dispatch/middleware/callbacks.rb:31:in 'block in ActionDispatch::Callbacks#call'
activesupport (8.1.3) lib/active_support/callbacks.rb:101:in 'ActiveSupport::Callbacks#run_callbacks'
actionpack (8.1.3) lib/action_dispatch/middleware/callbacks.rb:30:in 'ActionDispatch::Callbacks#call'
actionpack (8.1.3) lib/action_dispatch/middleware/executor.rb:20:in 'ActionDispatch::Executor#call'
actionpack (8.1.3) lib/action_dispatch/middleware/actionable_exceptions.rb:18:in 'ActionDispatch::ActionableExceptions#call'
actionpack (8.1.3) lib/action_dispatch/middleware/debug_exceptions.rb:31:in 'ActionDispatch::DebugExceptions#call'
web-console (4.3.0) lib/web_console/middleware.rb:132:in 'WebConsole::Middleware#call_app'
web-console (4.3.0) lib/web_console/middleware.rb:28:in 'block in WebConsole::Middleware#call'
web-console (4.3.0) lib/web_console/middleware.rb:17:in 'Kernel#catch'
web-console (4.3.0) lib/web_console/middleware.rb:17:in 'WebConsole::Middleware#call'
actionpack (8.1.3) lib/action_dispatch/middleware/show_exceptions.rb:32:in 'ActionDispatch::ShowExceptions#call'
railties (8.1.3) lib/rails/rack/logger.rb:41:in 'Rails::Rack::Logger#call_app'
railties (8.1.3) lib/rails/rack/logger.rb:29:in 'Rails::Rack::Logger#call'
propshaft (1.3.2) lib/propshaft/quiet_assets.rb:11:in 'Propshaft::QuietAssets#call'
actionpack (8.1.3) lib/action_dispatch/middleware/remote_ip.rb:98:in 'ActionDispatch::RemoteIp#call'
actionpack (8.1.3) lib/action_dispatch/middleware/request_id.rb:34:in 'ActionDispatch::RequestId#call'
rack (3.2.6) lib/rack/method_override.rb:28:in 'Rack::MethodOverride#call'
rack (3.2.6) lib/rack/runtime.rb:24:in 'Rack::Runtime#call'
activesupport (8.1.3) lib/active_support/cache/strategy/local_cache_middleware.rb:30:in 'ActiveSupport::Cache::Strategy::LocalCache::Middleware#call'
actionpack (8.1.3) lib/action_dispatch/middleware/server_timing.rb:61:in 'block in ActionDispatch::ServerTiming#call'
actionpack (8.1.3) lib/action_dispatch/middleware/server_timing.rb:26:in 'ActionDispatch::ServerTiming::Subscriber#collect_events'
actionpack (8.1.3) lib/action_dispatch/middleware/server_timing.rb:60:in 'ActionDispatch::ServerTiming#call'
actionpack (8.1.3) lib/action_dispatch/middleware/executor.rb:20:in 'ActionDispatch::Executor#call'
propshaft (1.3.2) lib/propshaft/server.rb:37:in 'Propshaft::Server#call'
actionpack (8.1.3) lib/action_dispatch/middleware/static.rb:27:in 'ActionDispatch::Static#call'
rack (3.2.6) lib/rack/sendfile.rb:131:in 'Rack::Sendfile#call'
actionpack (8.1.3) lib/action_dispatch/middleware/host_authorization.rb:143:in 'ActionDispatch::HostAuthorization#call'
railties (8.1.3) lib/rails/engine.rb:534:in 'Rails::Engine#call'
puma (8.0.2) lib/puma/configuration.rb:305:in 'Puma::Configuration::ConfigMiddleware#call'
puma (8.0.2) lib/puma/response.rb:79:in 'block in Puma::Response#handle_request'
puma (8.0.2) lib/puma/thread_pool.rb:434:in 'Puma::ThreadPool#with_force_shutdown'
puma (8.0.2) lib/puma/response.rb:78:in 'Puma::Response#handle_request'
puma (8.0.2) lib/puma/server.rb:508:in 'Puma::Server#process_client'
puma (8.0.2) lib/puma/server.rb:263:in 'block in Puma::Server#run'
puma (8.0.2) lib/puma/thread_pool.rb:246:in 'block in Puma::ThreadPool#spawn_thread'
Started GET "/predictions" for ::1 at 2026-06-02 17:22:07 -0500
Processing by PredictionsController#index as */*
  [1m[36mPlayer Load (0.1ms)[0m  [1m[34mSELECT "players".* FROM "players" WHERE "players"."session_token" IS NULL LIMIT 1 /*action='index',application='Golbet',controller='predictions'*/[0m
  ↳ app/controllers/application_controller.rb:12:in 'ApplicationController#current_player'
Redirected to http://localhost:3027/
↳ app/controllers/application_controller.rb:16:in 'ApplicationController#require_player'
Filter chain halted as :require_player rendered or redirected
Completed 302 Found in 1ms (ActiveRecord: 0.1ms (1 query, 0 cached) | GC: 0.0ms)


Started GET "/" for 127.0.0.1 at 2026-06-02 17:23:20 -0500
  [1m[36mActiveRecord::SchemaMigration Load (0.1ms)[0m  [1m[34mSELECT "schema_migrations"."version" FROM "schema_migrations" ORDER BY "schema_migrations"."version" ASC /*application='Golbet'*/[0m
Processing by SessionsController#new as HTML
  [1m[36mPlayer Load (0.1ms)[0m  [1m[34mSELECT "players".* FROM "players" WHERE "players"."session_token" = '07f4952d9b5a9f4d172344c2818f5e7f' LIMIT 1 /*action='new',application='Golbet',controller='sessions'*/[0m
  ↳ app/controllers/application_controller.rb:12:in 'ApplicationController#current_player'
Redirected to http://127.0.0.1:3000/predictions
↳ app/controllers/sessions_controller.rb:3:in 'SessionsController#new'
Completed 302 Found in 10ms (ActiveRecord: 0.8ms (1 query, 0 cached) | GC: 0.0ms)


Started GET "/predictions" for 127.0.0.1 at 2026-06-02 17:23:20 -0500
Processing by PredictionsController#index as HTML
  [1m[36mPlayer Load (0.1ms)[0m  [1m[34mSELECT "players".* FROM "players" WHERE "players"."session_token" = '07f4952d9b5a9f4d172344c2818f5e7f' LIMIT 1 /*action='index',application='Golbet',controller='predictions'*/[0m
  ↳ app/controllers/application_controller.rb:12:in 'ApplicationController#current_player'
  [1m[36mTournament Load (0.0ms)[0m  [1m[34mSELECT "tournaments".* FROM "tournaments" ORDER BY "tournaments"."id" ASC LIMIT 1 /*action='index',application='Golbet',controller='predictions'*/[0m
  ↳ app/controllers/predictions_controller.rb:5:in 'PredictionsController#index'
  [1m[36mPrediction Load (0.0ms)[0m  [1m[34mSELECT "predictions".* FROM "predictions" WHERE "predictions"."player_id" = 1 /*action='index',application='Golbet',controller='predictions'*/[0m
  ↳ app/controllers/predictions_controller.rb:7:in 'PredictionsController#index'
  Rendering layout layouts/application.html.erb
  Rendering Views::Predictions::Index within layouts/application
  [1m[36mMatch Exists? (0.1ms)[0m  [1m[34mSELECT 1 AS one FROM "matches" WHERE "matches"."tournament_id" = 1 LIMIT 1 /*action='index',application='Golbet',controller='predictions'*/[0m
  ↳ app/views/predictions/index.rb:14:in 'block in Views::Predictions::Index#view_template'
  [1m[36mMatch Load (0.1ms)[0m  [1m[34mSELECT "matches".* FROM "matches" WHERE "matches"."tournament_id" = 1 ORDER BY "matches"."kickoff_at" ASC /*action='index',application='Golbet',controller='predictions'*/[0m
  ↳ app/views/predictions/index.rb:18:in 'block (2 levels) in Views::Predictions::Index#view_template'
  Rendered Views::Predictions::Index within layouts/application (Duration: 4.9ms | GC: 0.0ms)
  Rendered layout layouts/application.html.erb (Duration: 20.2ms | GC: 10.6ms)
Completed 200 OK in 33ms (Views: 22.7ms | ActiveRecord: 0.5ms (5 queries, 0 cached) | GC: 10.6ms)


Started GET "/standings" for 127.0.0.1 at 2026-06-02 17:23:22 -0500
Processing by StandingsController#index as HTML
  [1m[36mPlayer Load (0.2ms)[0m  [1m[34mSELECT "players".* FROM "players" WHERE "players"."session_token" = '07f4952d9b5a9f4d172344c2818f5e7f' LIMIT 1 /*action='index',application='Golbet',controller='standings'*/[0m
  ↳ app/controllers/application_controller.rb:12:in 'ApplicationController#current_player'
  [1m[36mTournament Load (0.1ms)[0m  [1m[34mSELECT "tournaments".* FROM "tournaments" ORDER BY "tournaments"."id" ASC LIMIT 1 /*action='index',application='Golbet',controller='standings'*/[0m
  ↳ app/controllers/standings_controller.rb:5:in 'StandingsController#index'
  [1m[36mMatch Load (0.1ms)[0m  [1m[34mSELECT "matches".* FROM "matches" WHERE "matches"."tournament_id" = 1 AND "matches"."status" = 'finished' /*action='index',application='Golbet',controller='standings'*/[0m
  ↳ app/services/scoring_service.rb:24:in 'ScoringService.standings'
  Rendering layout layouts/application.html.erb
  Rendering Views::Standings::Index within layouts/application
  Rendered Views::Standings::Index within layouts/application (Duration: 4.0ms | GC: 0.5ms)
  Rendered layout layouts/application.html.erb (Duration: 5.5ms | GC: 0.5ms)
Completed 200 OK in 18ms (Views: 6.8ms | ActiveRecord: 0.5ms (3 queries, 0 cached) | GC: 1.5ms)


Started GET "/results" for 127.0.0.1 at 2026-06-02 17:23:23 -0500
Processing by ResultsController#index as HTML
  [1m[36mPlayer Load (0.1ms)[0m  [1m[34mSELECT "players".* FROM "players" WHERE "players"."session_token" = '07f4952d9b5a9f4d172344c2818f5e7f' LIMIT 1 /*action='index',application='Golbet',controller='results'*/[0m
  ↳ app/controllers/application_controller.rb:12:in 'ApplicationController#current_player'
  [1m[36mTournament Load (0.1ms)[0m  [1m[34mSELECT "tournaments".* FROM "tournaments" ORDER BY "tournaments"."id" ASC LIMIT 1 /*action='index',application='Golbet',controller='results'*/[0m
  ↳ app/controllers/results_controller.rb:5:in 'ResultsController#index'
  [1m[36mPrediction Load (0.1ms)[0m  [1m[34mSELECT "predictions".* FROM "predictions" WHERE "predictions"."player_id" = 1 /*action='index',application='Golbet',controller='results'*/[0m
  ↳ app/controllers/results_controller.rb:7:in 'ResultsController#index'
  [1m[36mMatch Load (0.1ms)[0m  [1m[34mSELECT "matches".* FROM "matches" WHERE "matches"."tournament_id" = 1 AND "matches"."status" = 'finished' ORDER BY "matches"."kickoff_at" DESC /*action='index',application='Golbet',controller='results'*/[0m
  ↳ app/controllers/results_controller.rb:8:in 'Enumerable#map'
  Rendering layout layouts/application.html.erb
  Rendering Views::Results::Index within layouts/application
  Rendered Views::Results::Index within layouts/application (Duration: 1.0ms | GC: 0.1ms)
  Rendered layout layouts/application.html.erb (Duration: 1.8ms | GC: 0.1ms)
Completed 200 OK in 11ms (Views: 2.9ms | ActiveRecord: 0.4ms (4 queries, 0 cached) | GC: 0.1ms)


Started GET "/standings" for 127.0.0.1 at 2026-06-02 17:23:24 -0500
Processing by StandingsController#index as HTML
  [1m[36mPlayer Load (0.2ms)[0m  [1m[34mSELECT "players".* FROM "players" WHERE "players"."session_token" = '07f4952d9b5a9f4d172344c2818f5e7f' LIMIT 1 /*action='index',application='Golbet',controller='standings'*/[0m
  ↳ app/controllers/application_controller.rb:12:in 'ApplicationController#current_player'
  [1m[36mTournament Load (0.1ms)[0m  [1m[34mSELECT "tournaments".* FROM "tournaments" ORDER BY "tournaments"."id" ASC LIMIT 1 /*action='index',application='Golbet',controller='standings'*/[0m
  ↳ app/controllers/standings_controller.rb:5:in 'StandingsController#index'
  [1m[36mMatch Load (0.1ms)[0m  [1m[34mSELECT "matches".* FROM "matches" WHERE "matches"."tournament_id" = 1 AND "matches"."status" = 'finished' /*action='index',application='Golbet',controller='standings'*/[0m
  ↳ app/services/scoring_service.rb:24:in 'ScoringService.standings'
  Rendering layout layouts/application.html.erb
  Rendering Views::Standings::Index within layouts/application
  Rendered Views::Standings::Index within layouts/application (Duration: 1.2ms | GC: 0.1ms)
  Rendered layout layouts/application.html.erb (Duration: 2.4ms | GC: 0.1ms)
Completed 200 OK in 9ms (Views: 2.9ms | ActiveRecord: 0.4ms (3 queries, 0 cached) | GC: 0.1ms)


Started GET "/predictions" for 127.0.0.1 at 2026-06-02 17:23:25 -0500
Processing by PredictionsController#index as HTML
  [1m[36mPlayer Load (0.2ms)[0m  [1m[34mSELECT "players".* FROM "players" WHERE "players"."session_token" = '07f4952d9b5a9f4d172344c2818f5e7f' LIMIT 1 /*action='index',application='Golbet',controller='predictions'*/[0m
  ↳ app/controllers/application_controller.rb:12:in 'ApplicationController#current_player'
  [1m[36mTournament Load (0.1ms)[0m  [1m[34mSELECT "tournaments".* FROM "tournaments" ORDER BY "tournaments"."id" ASC LIMIT 1 /*action='index',application='Golbet',controller='predictions'*/[0m
  ↳ app/controllers/predictions_controller.rb:5:in 'PredictionsController#index'
  [1m[36mPrediction Load (0.2ms)[0m  [1m[34mSELECT "predictions".* FROM "predictions" WHERE "predictions"."player_id" = 1 /*action='index',application='Golbet',controller='predictions'*/[0m
  ↳ app/controllers/predictions_controller.rb:7:in 'PredictionsController#index'
  Rendering layout layouts/application.html.erb
  Rendering Views::Predictions::Index within layouts/application
  [1m[36mMatch Exists? (0.2ms)[0m  [1m[34mSELECT 1 AS one FROM "matches" WHERE "matches"."tournament_id" = 1 LIMIT 1 /*action='index',application='Golbet',controller='predictions'*/[0m
  ↳ app/views/predictions/index.rb:14:in 'block in Views::Predictions::Index#view_template'
  [1m[36mMatch Load (0.3ms)[0m  [1m[34mSELECT "matches".* FROM "matches" WHERE "matches"."tournament_id" = 1 ORDER BY "matches"."kickoff_at" ASC /*action='index',application='Golbet',controller='predictions'*/[0m
  ↳ app/views/predictions/index.rb:18:in 'block (2 levels) in Views::Predictions::Index#view_template'
  Rendered Views::Predictions::Index within layouts/application (Duration: 21.5ms | GC: 14.7ms)
  Rendered layout layouts/application.html.erb (Duration: 22.7ms | GC: 15.1ms)
Completed 200 OK in 33ms (Views: 23.1ms | ActiveRecord: 1.0ms (5 queries, 0 cached) | GC: 17.4ms)


Started GET "/standings" for 127.0.0.1 at 2026-06-02 17:23:30 -0500
Processing by StandingsController#index as HTML
  [1m[36mPlayer Load (0.1ms)[0m  [1m[34mSELECT "players".* FROM "players" WHERE "players"."session_token" = '07f4952d9b5a9f4d172344c2818f5e7f' LIMIT 1 /*action='index',application='Golbet',controller='standings'*/[0m
  ↳ app/controllers/application_controller.rb:12:in 'ApplicationController#current_player'
  [1m[36mTournament Load (0.1ms)[0m  [1m[34mSELECT "tournaments".* FROM "tournaments" ORDER BY "tournaments"."id" ASC LIMIT 1 /*action='index',application='Golbet',controller='standings'*/[0m
  ↳ app/controllers/standings_controller.rb:5:in 'StandingsController#index'
  [1m[36mMatch Load (0.1ms)[0m  [1m[34mSELECT "matches".* FROM "matches" WHERE "matches"."tournament_id" = 1 AND "matches"."status" = 'finished' /*action='index',application='Golbet',controller='standings'*/[0m
  ↳ app/services/scoring_service.rb:24:in 'ScoringService.standings'
  Rendering layout layouts/application.html.erb
  Rendering Views::Standings::Index within layouts/application
  Rendered Views::Standings::Index within layouts/application (Duration: 3.8ms | GC: 2.9ms)
  Rendered layout layouts/application.html.erb (Duration: 5.8ms | GC: 3.9ms)
Completed 200 OK in 14ms (Views: 6.7ms | ActiveRecord: 0.3ms (3 queries, 0 cached) | GC: 7.3ms)


Started GET "/results" for 127.0.0.1 at 2026-06-02 17:23:31 -0500
Processing by ResultsController#index as HTML
  [1m[36mPlayer Load (0.2ms)[0m  [1m[34mSELECT "players".* FROM "players" WHERE "players"."session_token" = '07f4952d9b5a9f4d172344c2818f5e7f' LIMIT 1 /*action='index',application='Golbet',controller='results'*/[0m
  ↳ app/controllers/application_controller.rb:12:in 'ApplicationController#current_player'
  [1m[36mTournament Load (0.2ms)[0m  [1m[34mSELECT "tournaments".* FROM "tournaments" ORDER BY "tournaments"."id" ASC LIMIT 1 /*action='index',application='Golbet',controller='results'*/[0m
  ↳ app/controllers/results_controller.rb:5:in 'ResultsController#index'
  [1m[36mPrediction Load (0.3ms)[0m  [1m[34mSELECT "predictions".* FROM "predictions" WHERE "predictions"."player_id" = 1 /*action='index',application='Golbet',controller='results'*/[0m
  ↳ app/controllers/results_controller.rb:7:in 'ResultsController#index'
  [1m[36mMatch Load (0.2ms)[0m  [1m[34mSELECT "matches".* FROM "matches" WHERE "matches"."tournament_id" = 1 AND "matches"."status" = 'finished' ORDER BY "matches"."kickoff_at" DESC /*action='index',application='Golbet',controller='results'*/[0m
  ↳ app/controllers/results_controller.rb:8:in 'Enumerable#map'
  Rendering layout layouts/application.html.erb
  Rendering Views::Results::Index within layouts/application
  Rendered Views::Results::Index within layouts/application (Duration: 1.4ms | GC: 0.9ms)
  Rendered layout layouts/application.html.erb (Duration: 4.0ms | GC: 2.2ms)
Completed 200 OK in 23ms (Views: 6.2ms | ActiveRecord: 0.8ms (4 queries, 0 cached) | GC: 12.1ms)


Started GET "/results" for 127.0.0.1 at 2026-06-02 17:23:32 -0500
Processing by ResultsController#index as HTML
  [1m[36mPlayer Load (0.4ms)[0m  [1m[34mSELECT "players".* FROM "players" WHERE "players"."session_token" = '07f4952d9b5a9f4d172344c2818f5e7f' LIMIT 1 /*action='index',application='Golbet',controller='results'*/[0m
  ↳ app/controllers/application_controller.rb:12:in 'ApplicationController#current_player'
  [1m[36mTournament Load (0.2ms)[0m  [1m[34mSELECT "tournaments".* FROM "tournaments" ORDER BY "tournaments"."id" ASC LIMIT 1 /*action='index',application='Golbet',controller='results'*/[0m
  ↳ app/controllers/results_controller.rb:5:in 'ResultsController#index'
  [1m[36mPrediction Load (0.1ms)[0m  [1m[34mSELECT "predictions".* FROM "predictions" WHERE "predictions"."player_id" = 1 /*action='index',application='Golbet',controller='results'*/[0m
  ↳ app/controllers/results_controller.rb:7:in 'ResultsController#index'
  [1m[36mMatch Load (0.1ms)[0m  [1m[34mSELECT "matches".* FROM "matches" WHERE "matches"."tournament_id" = 1 AND "matches"."status" = 'finished' ORDER BY "matches"."kickoff_at" DESC /*action='index',application='Golbet',controller='results'*/[0m
  ↳ app/controllers/results_controller.rb:8:in 'Enumerable#map'
  Rendering layout layouts/application.html.erb
  Rendering Views::Results::Index within layouts/application
  Rendered Views::Results::Index within layouts/application (Duration: 1.1ms | GC: 0.0ms)
  Rendered layout layouts/application.html.erb (Duration: 2.6ms | GC: 0.0ms)
Completed 200 OK in 15ms (Views: 3.6ms | ActiveRecord: 0.9ms (4 queries, 0 cached) | GC: 2.9ms)


Started GET "/standings" for 127.0.0.1 at 2026-06-02 17:23:34 -0500
Processing by StandingsController#index as HTML
  [1m[36mPlayer Load (0.2ms)[0m  [1m[34mSELECT "players".* FROM "players" WHERE "players"."session_token" = '07f4952d9b5a9f4d172344c2818f5e7f' LIMIT 1 /*action='index',application='Golbet',controller='standings'*/[0m
  ↳ app/controllers/application_controller.rb:12:in 'ApplicationController#current_player'
  [1m[36mTournament Load (0.1ms)[0m  [1m[34mSELECT "tournaments".* FROM "tournaments" ORDER BY "tournaments"."id" ASC LIMIT 1 /*action='index',application='Golbet',controller='standings'*/[0m
  ↳ app/controllers/standings_controller.rb:5:in 'StandingsController#index'
  [1m[36mMatch Load (0.1ms)[0m  [1m[34mSELECT "matches".* FROM "matches" WHERE "matches"."tournament_id" = 1 AND "matches"."status" = 'finished' /*action='index',application='Golbet',controller='standings'*/[0m
  ↳ app/services/scoring_service.rb:24:in 'ScoringService.standings'
  Rendering layout layouts/application.html.erb
  Rendering Views::Standings::Index within layouts/application
  Rendered Views::Standings::Index within layouts/application (Duration: 1.5ms | GC: 0.6ms)
  Rendered layout layouts/application.html.erb (Duration: 2.6ms | GC: 0.6ms)
Completed 200 OK in 8ms (Views: 3.2ms | ActiveRecord: 0.3ms (3 queries, 0 cached) | GC: 0.6ms)


Started GET "/predictions" for 127.0.0.1 at 2026-06-02 17:23:34 -0500
Processing by PredictionsController#index as HTML
  [1m[36mPlayer Load (0.2ms)[0m  [1m[34mSELECT "players".* FROM "players" WHERE "players"."session_token" = '07f4952d9b5a9f4d172344c2818f5e7f' LIMIT 1 /*action='index',application='Golbet',controller='predictions'*/[0m
  ↳ app/controllers/application_controller.rb:12:in 'ApplicationController#current_player'
  [1m[36mTournament Load (0.1ms)[0m  [1m[34mSELECT "tournaments".* FROM "tournaments" ORDER BY "tournaments"."id" ASC LIMIT 1 /*action='index',application='Golbet',controller='predictions'*/[0m
  ↳ app/controllers/predictions_controller.rb:5:in 'PredictionsController#index'
  [1m[36mPrediction Load (0.1ms)[0m  [1m[34mSELECT "predictions".* FROM "predictions" WHERE "predictions"."player_id" = 1 /*action='index',application='Golbet',controller='predictions'*/[0m
  ↳ app/controllers/predictions_controller.rb:7:in 'PredictionsController#index'
  Rendering layout layouts/application.html.erb
  Rendering Views::Predictions::Index within layouts/application
  [1m[36mMatch Exists? (0.2ms)[0m  [1m[34mSELECT 1 AS one FROM "matches" WHERE "matches"."tournament_id" = 1 LIMIT 1 /*action='index',application='Golbet',controller='predictions'*/[0m
  ↳ app/views/predictions/index.rb:14:in 'block in Views::Predictions::Index#view_template'
  [1m[36mMatch Load (0.1ms)[0m  [1m[34mSELECT "matches".* FROM "matches" WHERE "matches"."tournament_id" = 1 ORDER BY "matches"."kickoff_at" ASC /*action='index',application='Golbet',controller='predictions'*/[0m
  ↳ app/views/predictions/index.rb:18:in 'block (2 levels) in Views::Predictions::Index#view_template'
  Rendered Views::Predictions::Index within layouts/application (Duration: 3.8ms | GC: 0.3ms)
  Rendered layout layouts/application.html.erb (Duration: 4.6ms | GC: 0.5ms)
Completed 200 OK in 10ms (Views: 4.8ms | ActiveRecord: 0.6ms (5 queries, 0 cached) | GC: 0.7ms)


Started GET "/standings" for 127.0.0.1 at 2026-06-02 17:26:01 -0500
Processing by StandingsController#index as HTML
  [1m[36mPlayer Load (0.1ms)[0m  [1m[34mSELECT "players".* FROM "players" WHERE "players"."session_token" = '07f4952d9b5a9f4d172344c2818f5e7f' LIMIT 1 /*action='index',application='Golbet',controller='standings'*/[0m
  ↳ app/controllers/application_controller.rb:12:in 'ApplicationController#current_player'
  [1m[36mTournament Load (0.1ms)[0m  [1m[34mSELECT "tournaments".* FROM "tournaments" ORDER BY "tournaments"."id" ASC LIMIT 1 /*action='index',application='Golbet',controller='standings'*/[0m
  ↳ app/controllers/standings_controller.rb:5:in 'StandingsController#index'
  [1m[36mMatch Load (0.2ms)[0m  [1m[34mSELECT "matches".* FROM "matches" WHERE "matches"."tournament_id" = 1 AND "matches"."status" = 'finished' /*action='index',application='Golbet',controller='standings'*/[0m
  ↳ app/services/scoring_service.rb:24:in 'ScoringService.standings'
  Rendering layout layouts/application.html.erb
  Rendering Views::Standings::Index within layouts/application
  Rendered Views::Standings::Index within layouts/application (Duration: 0.9ms | GC: 0.0ms)
  Rendered layout layouts/application.html.erb (Duration: 2.1ms | GC: 0.1ms)
Completed 200 OK in 8ms (Views: 2.9ms | ActiveRecord: 0.4ms (3 queries, 0 cached) | GC: 0.2ms)


Started GET "/results" for 127.0.0.1 at 2026-06-02 17:26:01 -0500
Processing by ResultsController#index as HTML
  [1m[36mPlayer Load (0.2ms)[0m  [1m[34mSELECT "players".* FROM "players" WHERE "players"."session_token" = '07f4952d9b5a9f4d172344c2818f5e7f' LIMIT 1 /*action='index',application='Golbet',controller='results'*/[0m
  ↳ app/controllers/application_controller.rb:12:in 'ApplicationController#current_player'
  [1m[36mTournament Load (0.1ms)[0m  [1m[34mSELECT "tournaments".* FROM "tournaments" ORDER BY "tournaments"."id" ASC LIMIT 1 /*action='index',application='Golbet',controller='results'*/[0m
  ↳ app/controllers/results_controller.rb:5:in 'ResultsController#index'
  [1m[36mPrediction Load (0.1ms)[0m  [1m[34mSELECT "predictions".* FROM "predictions" WHERE "predictions"."player_id" = 1 /*action='index',application='Golbet',controller='results'*/[0m
  ↳ app/controllers/results_controller.rb:7:in 'ResultsController#index'
  [1m[36mMatch Load (0.1ms)[0m  [1m[34mSELECT "matches".* FROM "matches" WHERE "matches"."tournament_id" = 1 AND "matches"."status" = 'finished' ORDER BY "matches"."kickoff_at" DESC /*action='index',application='Golbet',controller='results'*/[0m
  ↳ app/controllers/results_controller.rb:8:in 'Enumerable#map'
  Rendering layout layouts/application.html.erb
  Rendering Views::Results::Index within layouts/application
  Rendered Views::Results::Index within layouts/application (Duration: 0.7ms | GC: 0.1ms)
  Rendered layout layouts/application.html.erb (Duration: 2.2ms | GC: 0.6ms)
Completed 200 OK in 9ms (Views: 2.7ms | ActiveRecord: 0.5ms (4 queries, 0 cached) | GC: 0.6ms)


Started GET "/standings" for 127.0.0.1 at 2026-06-02 17:26:02 -0500
Processing by StandingsController#index as HTML
  [1m[36mPlayer Load (0.2ms)[0m  [1m[34mSELECT "players".* FROM "players" WHERE "players"."session_token" = '07f4952d9b5a9f4d172344c2818f5e7f' LIMIT 1 /*action='index',application='Golbet',controller='standings'*/[0m
  ↳ app/controllers/application_controller.rb:12:in 'ApplicationController#current_player'
  [1m[36mTournament Load (0.1ms)[0m  [1m[34mSELECT "tournaments".* FROM "tournaments" ORDER BY "tournaments"."id" ASC LIMIT 1 /*action='index',application='Golbet',controller='standings'*/[0m
  ↳ app/controllers/standings_controller.rb:5:in 'StandingsController#index'
  [1m[36mMatch Load (0.1ms)[0m  [1m[34mSELECT "matches".* FROM "matches" WHERE "matches"."tournament_id" = 1 AND "matches"."status" = 'finished' /*action='index',application='Golbet',controller='standings'*/[0m
  ↳ app/services/scoring_service.rb:24:in 'ScoringService.standings'
  Rendering layout layouts/application.html.erb
  Rendering Views::Standings::Index within layouts/application
  Rendered Views::Standings::Index within layouts/application (Duration: 0.9ms | GC: 0.0ms)
  Rendered layout layouts/application.html.erb (Duration: 2.0ms | GC: 0.0ms)
Completed 200 OK in 8ms (Views: 2.5ms | ActiveRecord: 0.4ms (3 queries, 0 cached) | GC: 0.0ms)


Started GET "/predictions" for 127.0.0.1 at 2026-06-02 17:26:03 -0500
Processing by PredictionsController#index as HTML
  [1m[36mPlayer Load (0.1ms)[0m  [1m[34mSELECT "players".* FROM "players" WHERE "players"."session_token" = '07f4952d9b5a9f4d172344c2818f5e7f' LIMIT 1 /*action='index',application='Golbet',controller='predictions'*/[0m
  ↳ app/controllers/application_controller.rb:12:in 'ApplicationController#current_player'
  [1m[36mTournament Load (0.1ms)[0m  [1m[34mSELECT "tournaments".* FROM "tournaments" ORDER BY "tournaments"."id" ASC LIMIT 1 /*action='index',application='Golbet',controller='predictions'*/[0m
  ↳ app/controllers/predictions_controller.rb:5:in 'PredictionsController#index'
  [1m[36mPrediction Load (0.1ms)[0m  [1m[34mSELECT "predictions".* FROM "predictions" WHERE "predictions"."player_id" = 1 /*action='index',application='Golbet',controller='predictions'*/[0m
  ↳ app/controllers/predictions_controller.rb:7:in 'PredictionsController#index'
  Rendering layout layouts/application.html.erb
  Rendering Views::Predictions::Index within layouts/application
  [1m[36mMatch Exists? (0.1ms)[0m  [1m[34mSELECT 1 AS one FROM "matches" WHERE "matches"."tournament_id" = 1 LIMIT 1 /*action='index',application='Golbet',controller='predictions'*/[0m
  ↳ app/views/predictions/index.rb:14:in 'block in Views::Predictions::Index#view_template'
  [1m[36mMatch Load (0.1ms)[0m  [1m[34mSELECT "matches".* FROM "matches" WHERE "matches"."tournament_id" = 1 ORDER BY "matches"."kickoff_at" ASC /*action='index',application='Golbet',controller='predictions'*/[0m
  ↳ app/views/predictions/index.rb:18:in 'block (2 levels) in Views::Predictions::Index#view_template'
  Rendered Views::Predictions::Index within layouts/application (Duration: 4.4ms | GC: 0.0ms)
  Rendered layout layouts/application.html.erb (Duration: 5.1ms | GC: 0.0ms)
Completed 200 OK in 11ms (Views: 5.4ms | ActiveRecord: 0.5ms (5 queries, 0 cached) | GC: 0.0ms)


Started GET "/standings" for 127.0.0.1 at 2026-06-02 17:26:04 -0500
Processing by StandingsController#index as HTML
  [1m[36mPlayer Load (0.2ms)[0m  [1m[34mSELECT "players".* FROM "players" WHERE "players"."session_token" = '07f4952d9b5a9f4d172344c2818f5e7f' LIMIT 1 /*action='index',application='Golbet',controller='standings'*/[0m
  ↳ app/controllers/application_controller.rb:12:in 'ApplicationController#current_player'
  [1m[36mTournament Load (0.1ms)[0m  [1m[34mSELECT "tournaments".* FROM "tournaments" ORDER BY "tournaments"."id" ASC LIMIT 1 /*action='index',application='Golbet',controller='standings'*/[0m
  ↳ app/controllers/standings_controller.rb:5:in 'StandingsController#index'
  [1m[36mMatch Load (0.1ms)[0m  [1m[34mSELECT "matches".* FROM "matches" WHERE "matches"."tournament_id" = 1 AND "matches"."status" = 'finished' /*action='index',application='Golbet',controller='standings'*/[0m
  ↳ app/services/scoring_service.rb:24:in 'ScoringService.standings'
  Rendering layout layouts/application.html.erb
  Rendering Views::Standings::Index within layouts/application
  Rendered Views::Standings::Index within layouts/application (Duration: 0.6ms | GC: 0.0ms)
  Rendered layout layouts/application.html.erb (Duration: 1.5ms | GC: 0.0ms)
Completed 200 OK in 25ms (Views: 1.9ms | ActiveRecord: 0.3ms (3 queries, 0 cached) | GC: 17.4ms)


Started GET "/results" for 127.0.0.1 at 2026-06-02 17:26:05 -0500
Processing by ResultsController#index as HTML
  [1m[36mPlayer Load (0.3ms)[0m  [1m[34mSELECT "players".* FROM "players" WHERE "players"."session_token" = '07f4952d9b5a9f4d172344c2818f5e7f' LIMIT 1 /*action='index',application='Golbet',controller='results'*/[0m
  ↳ app/controllers/application_controller.rb:12:in 'ApplicationController#current_player'
  [1m[36mTournament Load (0.1ms)[0m  [1m[34mSELECT "tournaments".* FROM "tournaments" ORDER BY "tournaments"."id" ASC LIMIT 1 /*action='index',application='Golbet',controller='results'*/[0m
  ↳ app/controllers/results_controller.rb:5:in 'ResultsController#index'
  [1m[36mPrediction Load (0.2ms)[0m  [1m[34mSELECT "predictions".* FROM "predictions" WHERE "predictions"."player_id" = 1 /*action='index',application='Golbet',controller='results'*/[0m
  ↳ app/controllers/results_controller.rb:7:in 'ResultsController#index'
  [1m[36mMatch Load (0.1ms)[0m  [1m[34mSELECT "matches".* FROM "matches" WHERE "matches"."tournament_id" = 1 AND "matches"."status" = 'finished' ORDER BY "matches"."kickoff_at" DESC /*action='index',application='Golbet',controller='results'*/[0m
  ↳ app/controllers/results_controller.rb:8:in 'Enumerable#map'
  Rendering layout layouts/application.html.erb
  Rendering Views::Results::Index within layouts/application
  Rendered Views::Results::Index within layouts/application (Duration: 0.7ms | GC: 0.0ms)
  Rendered layout layouts/application.html.erb (Duration: 2.9ms | GC: 0.7ms)
Completed 200 OK in 12ms (Views: 3.6ms | ActiveRecord: 0.7ms (4 queries, 0 cached) | GC: 0.7ms)


Started GET "/predictions" for 127.0.0.1 at 2026-06-02 17:26:06 -0500
Processing by PredictionsController#index as HTML
  [1m[36mPlayer Load (0.1ms)[0m  [1m[34mSELECT "players".* FROM "players" WHERE "players"."session_token" = '07f4952d9b5a9f4d172344c2818f5e7f' LIMIT 1 /*action='index',application='Golbet',controller='predictions'*/[0m
  ↳ app/controllers/application_controller.rb:12:in 'ApplicationController#current_player'
  [1m[36mTournament Load (0.1ms)[0m  [1m[34mSELECT "tournaments".* FROM "tournaments" ORDER BY "tournaments"."id" ASC LIMIT 1 /*action='index',application='Golbet',controller='predictions'*/[0m
  ↳ app/controllers/predictions_controller.rb:5:in 'PredictionsController#index'
  [1m[36mPrediction Load (0.1ms)[0m  [1m[34mSELECT "predictions".* FROM "predictions" WHERE "predictions"."player_id" = 1 /*action='index',application='Golbet',controller='predictions'*/[0m
  ↳ app/controllers/predictions_controller.rb:7:in 'PredictionsController#index'
  Rendering layout layouts/application.html.erb
  Rendering Views::Predictions::Index within layouts/application
  [1m[36mMatch Exists? (0.1ms)[0m  [1m[34mSELECT 1 AS one FROM "matches" WHERE "matches"."tournament_id" = 1 LIMIT 1 /*action='index',application='Golbet',controller='predictions'*/[0m
  ↳ app/views/predictions/index.rb:14:in 'block in Views::Predictions::Index#view_template'
  [1m[36mMatch Load (0.4ms)[0m  [1m[34mSELECT "matches".* FROM "matches" WHERE "matches"."tournament_id" = 1 ORDER BY "matches"."kickoff_at" ASC /*action='index',application='Golbet',controller='predictions'*/[0m
  ↳ app/views/predictions/index.rb:18:in 'block (2 levels) in Views::Predictions::Index#view_template'
  Rendered Views::Predictions::Index within layouts/application (Duration: 4.5ms | GC: 0.5ms)
  Rendered layout layouts/application.html.erb (Duration: 5.2ms | GC: 0.5ms)
Completed 200 OK in 11ms (Views: 5.3ms | ActiveRecord: 0.8ms (5 queries, 0 cached) | GC: 0.5ms)


Started GET "/predictions" for 127.0.0.1 at 2026-06-02 17:33:11 -0500
Processing by PredictionsController#index as HTML
  [1m[36mPlayer Load (1.7ms)[0m  [1m[34mSELECT "players".* FROM "players" WHERE "players"."session_token" = '07f4952d9b5a9f4d172344c2818f5e7f' LIMIT 1 /*action='index',application='Golbet',controller='predictions'*/[0m
  ↳ app/controllers/application_controller.rb:12:in 'ApplicationController#current_player'
  [1m[36mTournament Load (0.4ms)[0m  [1m[34mSELECT "tournaments".* FROM "tournaments" ORDER BY "tournaments"."id" ASC LIMIT 1 /*action='index',application='Golbet',controller='predictions'*/[0m
  ↳ app/controllers/predictions_controller.rb:5:in 'PredictionsController#index'
  [1m[36mPrediction Load (0.2ms)[0m  [1m[34mSELECT "predictions".* FROM "predictions" WHERE "predictions"."player_id" = 1 /*action='index',application='Golbet',controller='predictions'*/[0m
  ↳ app/controllers/predictions_controller.rb:7:in 'PredictionsController#index'
  Rendering layout layouts/application.html.erb
  Rendering Views::Predictions::Index within layouts/application
  [1m[36mMatch Exists? (0.1ms)[0m  [1m[34mSELECT 1 AS one FROM "matches" WHERE "matches"."tournament_id" = 1 LIMIT 1 /*action='index',application='Golbet',controller='predictions'*/[0m
  ↳ app/views/predictions/index.rb:14:in 'block in Views::Predictions::Index#view_template'
  [1m[36mMatch Load (0.1ms)[0m  [1m[34mSELECT "matches".* FROM "matches" WHERE "matches"."tournament_id" = 1 ORDER BY "matches"."kickoff_at" ASC /*action='index',application='Golbet',controller='predictions'*/[0m
  ↳ app/views/predictions/index.rb:18:in 'block (2 levels) in Views::Predictions::Index#view_template'
  Rendered Views::Predictions::Index within layouts/application (Duration: 4.6ms | GC: 0.3ms)
  Rendered layout layouts/application.html.erb (Duration: 11.8ms | GC: 0.6ms)
Completed 200 OK in 26ms (Views: 12.5ms | ActiveRecord: 2.6ms (5 queries, 0 cached) | GC: 0.6ms)


Started GET "/standings" for 127.0.0.1 at 2026-06-02 17:39:07 -0500
Processing by StandingsController#index as HTML
  [1m[36mPlayer Load (1.8ms)[0m  [1m[34mSELECT "players".* FROM "players" WHERE "players"."session_token" = '07f4952d9b5a9f4d172344c2818f5e7f' LIMIT 1 /*action='index',application='Golbet',controller='standings'*/[0m
  ↳ app/controllers/application_controller.rb:12:in 'ApplicationController#current_player'
  [1m[36mTournament Load (0.3ms)[0m  [1m[34mSELECT "tournaments".* FROM "tournaments" ORDER BY "tournaments"."id" ASC LIMIT 1 /*action='index',application='Golbet',controller='standings'*/[0m
  ↳ app/controllers/standings_controller.rb:5:in 'StandingsController#index'
  [1m[36mMatch Load (0.1ms)[0m  [1m[34mSELECT "matches".* FROM "matches" WHERE "matches"."tournament_id" = 1 AND "matches"."status" = 'finished' /*action='index',application='Golbet',controller='standings'*/[0m
  ↳ app/services/scoring_service.rb:24:in 'ScoringService.standings'
  Rendering layout layouts/application.html.erb
  Rendering Views::Standings::Index within layouts/application
  Rendered Views::Standings::Index within layouts/application (Duration: 1.3ms | GC: 0.0ms)
  Rendered layout layouts/application.html.erb (Duration: 2.2ms | GC: 0.0ms)
Completed 200 OK in 10ms (Views: 2.7ms | ActiveRecord: 2.2ms (3 queries, 0 cached) | GC: 0.0ms)


Started GET "/results" for 127.0.0.1 at 2026-06-02 17:39:07 -0500
Processing by ResultsController#index as HTML
  [1m[36mPlayer Load (0.1ms)[0m  [1m[34mSELECT "players".* FROM "players" WHERE "players"."session_token" = '07f4952d9b5a9f4d172344c2818f5e7f' LIMIT 1 /*action='index',application='Golbet',controller='results'*/[0m
  ↳ app/controllers/application_controller.rb:12:in 'ApplicationController#current_player'
  [1m[36mTournament Load (0.1ms)[0m  [1m[34mSELECT "tournaments".* FROM "tournaments" ORDER BY "tournaments"."id" ASC LIMIT 1 /*action='index',application='Golbet',controller='results'*/[0m
  ↳ app/controllers/results_controller.rb:5:in 'ResultsController#index'
  [1m[36mPrediction Load (0.1ms)[0m  [1m[34mSELECT "predictions".* FROM "predictions" WHERE "predictions"."player_id" = 1 /*action='index',application='Golbet',controller='results'*/[0m
  ↳ app/controllers/results_controller.rb:7:in 'ResultsController#index'
  [1m[36mMatch Load (0.1ms)[0m  [1m[34mSELECT "matches".* FROM "matches" WHERE "matches"."tournament_id" = 1 AND "matches"."status" = 'finished' ORDER BY "matches"."kickoff_at" DESC /*action='index',application='Golbet',controller='results'*/[0m
  ↳ app/controllers/results_controller.rb:8:in 'Enumerable#map'
  Rendering layout layouts/application.html.erb
  Rendering Views::Results::Index within layouts/application
  Rendered Views::Results::Index within layouts/application (Duration: 0.7ms | GC: 0.0ms)
  Rendered layout layouts/application.html.erb (Duration: 1.7ms | GC: 0.0ms)
Completed 200 OK in 8ms (Views: 2.2ms | ActiveRecord: 0.4ms (4 queries, 0 cached) | GC: 0.0ms)


Started GET "/predictions" for 127.0.0.1 at 2026-06-02 17:39:08 -0500
Processing by PredictionsController#index as HTML
  [1m[36mPlayer Load (0.1ms)[0m  [1m[34mSELECT "players".* FROM "players" WHERE "players"."session_token" = '07f4952d9b5a9f4d172344c2818f5e7f' LIMIT 1 /*action='index',application='Golbet',controller='predictions'*/[0m
  ↳ app/controllers/application_controller.rb:12:in 'ApplicationController#current_player'
  [1m[36mTournament Load (0.1ms)[0m  [1m[34mSELECT "tournaments".* FROM "tournaments" ORDER BY "tournaments"."id" ASC LIMIT 1 /*action='index',application='Golbet',controller='predictions'*/[0m
  ↳ app/controllers/predictions_controller.rb:5:in 'PredictionsController#index'
  [1m[36mPrediction Load (0.1ms)[0m  [1m[34mSELECT "predictions".* FROM "predictions" WHERE "predictions"."player_id" = 1 /*action='index',application='Golbet',controller='predictions'*/[0m
  ↳ app/controllers/predictions_controller.rb:7:in 'PredictionsController#index'
  Rendering layout layouts/application.html.erb
  Rendering Views::Predictions::Index within layouts/application
  [1m[36mMatch Exists? (0.1ms)[0m  [1m[34mSELECT 1 AS one FROM "matches" WHERE "matches"."tournament_id" = 1 LIMIT 1 /*action='index',application='Golbet',controller='predictions'*/[0m
  ↳ app/views/predictions/index.rb:14:in 'block in Views::Predictions::Index#view_template'
  [1m[36mMatch Load (0.1ms)[0m  [1m[34mSELECT "matches".* FROM "matches" WHERE "matches"."tournament_id" = 1 ORDER BY "matches"."kickoff_at" ASC /*action='index',application='Golbet',controller='predictions'*/[0m
  ↳ app/views/predictions/index.rb:18:in 'block (2 levels) in Views::Predictions::Index#view_template'
  Rendered Views::Predictions::Index within layouts/application (Duration: 5.8ms | GC: 1.6ms)
  Rendered layout layouts/application.html.erb (Duration: 6.6ms | GC: 1.6ms)
Completed 200 OK in 14ms (Views: 7.0ms | ActiveRecord: 0.5ms (5 queries, 0 cached) | GC: 1.6ms)


Started GET "/standings" for 127.0.0.1 at 2026-06-02 17:39:09 -0500
Processing by StandingsController#index as HTML
  [1m[36mPlayer Load (0.2ms)[0m  [1m[34mSELECT "players".* FROM "players" WHERE "players"."session_token" = '07f4952d9b5a9f4d172344c2818f5e7f' LIMIT 1 /*action='index',application='Golbet',controller='standings'*/[0m
  ↳ app/controllers/application_controller.rb:12:in 'ApplicationController#current_player'
  [1m[36mTournament Load (0.1ms)[0m  [1m[34mSELECT "tournaments".* FROM "tournaments" ORDER BY "tournaments"."id" ASC LIMIT 1 /*action='index',application='Golbet',controller='standings'*/[0m
  ↳ app/controllers/standings_controller.rb:5:in 'StandingsController#index'
  [1m[36mMatch Load (0.1ms)[0m  [1m[34mSELECT "matches".* FROM "matches" WHERE "matches"."tournament_id" = 1 AND "matches"."status" = 'finished' /*action='index',application='Golbet',controller='standings'*/[0m
  ↳ app/services/scoring_service.rb:24:in 'ScoringService.standings'
  Rendering layout layouts/application.html.erb
  Rendering Views::Standings::Index within layouts/application
  Rendered Views::Standings::Index within layouts/application (Duration: 1.1ms | GC: 0.1ms)
  Rendered layout layouts/application.html.erb (Duration: 2.0ms | GC: 0.1ms)
Completed 200 OK in 7ms (Views: 2.5ms | ActiveRecord: 0.3ms (3 queries, 0 cached) | GC: 0.3ms)


Started GET "/standings" for 127.0.0.1 at 2026-06-02 17:45:23 -0500
Processing by StandingsController#index as HTML
  [1m[36mPlayer Load (1.2ms)[0m  [1m[34mSELECT "players".* FROM "players" WHERE "players"."session_token" = '07f4952d9b5a9f4d172344c2818f5e7f' LIMIT 1 /*action='index',application='Golbet',controller='standings'*/[0m
  ↳ app/controllers/application_controller.rb:12:in 'ApplicationController#current_player'
  [1m[36mTournament Load (0.0ms)[0m  [1m[34mSELECT "tournaments".* FROM "tournaments" ORDER BY "tournaments"."id" ASC LIMIT 1 /*action='index',application='Golbet',controller='standings'*/[0m
  ↳ app/controllers/standings_controller.rb:5:in 'StandingsController#index'
  [1m[36mMatch Load (0.0ms)[0m  [1m[34mSELECT "matches".* FROM "matches" WHERE "matches"."tournament_id" = 1 AND "matches"."status" = 'finished' /*action='index',application='Golbet',controller='standings'*/[0m
  ↳ app/services/scoring_service.rb:24:in 'ScoringService.standings'
  Rendering layout layouts/application.html.erb
  Rendering Views::Standings::Index within layouts/application
  Rendered Views::Standings::Index within layouts/application (Duration: 3.0ms | GC: 0.0ms)
  Rendered layout layouts/application.html.erb (Duration: 7.2ms | GC: 0.0ms)
Completed 200 OK in 23ms (Views: 8.7ms | ActiveRecord: 1.2ms (3 queries, 0 cached) | GC: 0.0ms)


Started GET "/" for ::1 at 2026-06-02 17:48:58 -0500
  [1m[36mActiveRecord::SchemaMigration Load (0.1ms)[0m  [1m[34mSELECT "schema_migrations"."version" FROM "schema_migrations" ORDER BY "schema_migrations"."version" ASC /*application='Golbet'*/[0m
Processing by SessionsController#new as */*
  [1m[36mPlayer Load (0.0ms)[0m  [1m[34mSELECT "players".* FROM "players" WHERE "players"."session_token" IS NULL LIMIT 1 /*action='new',application='Golbet',controller='sessions'*/[0m
  ↳ app/controllers/application_controller.rb:12:in 'ApplicationController#current_player'
  Rendering layout layouts/application.html.erb
  Rendering Views::Sessions::New within layouts/application
  Rendered Views::Sessions::New within layouts/application (Duration: 1.2ms | GC: 0.0ms)
  Rendered layout layouts/application.html.erb (Duration: 6.6ms | GC: 0.0ms)
Completed 200 OK in 23ms (Views: 10.1ms | ActiveRecord: 0.4ms (1 query, 0 cached) | GC: 0.0ms)


Started GET "/" for ::1 at 2026-06-02 17:48:58 -0500
Processing by SessionsController#new as */*
  [1m[36mPlayer Load (0.1ms)[0m  [1m[34mSELECT "players".* FROM "players" WHERE "players"."session_token" IS NULL LIMIT 1 /*action='new',application='Golbet',controller='sessions'*/[0m
  ↳ app/controllers/application_controller.rb:12:in 'ApplicationController#current_player'
  Rendering layout layouts/application.html.erb
  Rendering Views::Sessions::New within layouts/application
  Rendered Views::Sessions::New within layouts/application (Duration: 0.1ms | GC: 0.0ms)
  Rendered layout layouts/application.html.erb (Duration: 0.3ms | GC: 0.0ms)
Completed 200 OK in 1ms (Views: 0.5ms | ActiveRecord: 0.1ms (1 query, 0 cached) | GC: 0.0ms)


Started GET "/standings" for 127.0.0.1 at 2026-06-02 17:58:28 -0500
Processing by StandingsController#index as HTML
  [1m[36mPlayer Load (2.1ms)[0m  [1m[34mSELECT "players".* FROM "players" WHERE "players"."session_token" = '07f4952d9b5a9f4d172344c2818f5e7f' LIMIT 1 /*action='index',application='Golbet',controller='standings'*/[0m
  ↳ app/controllers/application_controller.rb:12:in 'ApplicationController#current_player'
  [1m[36mTournament Load (0.3ms)[0m  [1m[34mSELECT "tournaments".* FROM "tournaments" ORDER BY "tournaments"."id" ASC LIMIT 1 /*action='index',application='Golbet',controller='standings'*/[0m
  ↳ app/controllers/standings_controller.rb:5:in 'StandingsController#index'
  [1m[36mMatch Load (0.1ms)[0m  [1m[34mSELECT "matches".* FROM "matches" WHERE "matches"."tournament_id" = 1 AND "matches"."status" = 'finished' /*action='index',application='Golbet',controller='standings'*/[0m
  ↳ app/services/scoring_service.rb:24:in 'ScoringService.standings'
  Rendering layout layouts/application.html.erb
  Rendering Views::Standings::Index within layouts/application
  Rendered Views::Standings::Index within layouts/application (Duration: 1.4ms | GC: 0.6ms)
  Rendered layout layouts/application.html.erb (Duration: 3.0ms | GC: 0.6ms)
Completed 200 OK in 13ms (Views: 3.7ms | ActiveRecord: 2.4ms (3 queries, 0 cached) | GC: 0.6ms)


Started GET "/standings" for 127.0.0.1 at 2026-06-02 17:59:12 -0500
  [1m[36mActiveRecord::SchemaMigration Load (0.1ms)[0m  [1m[34mSELECT "schema_migrations"."version" FROM "schema_migrations" ORDER BY "schema_migrations"."version" ASC /*application='Golbet'*/[0m
Processing by StandingsController#index as HTML
  [1m[36mPlayer Load (0.0ms)[0m  [1m[34mSELECT "players".* FROM "players" WHERE "players"."session_token" = '07f4952d9b5a9f4d172344c2818f5e7f' LIMIT 1 /*action='index',application='Golbet',controller='standings'*/[0m
  ↳ app/controllers/application_controller.rb:12:in 'ApplicationController#current_player'
  [1m[36mTournament Load (0.0ms)[0m  [1m[34mSELECT "tournaments".* FROM "tournaments" ORDER BY "tournaments"."id" ASC LIMIT 1 /*action='index',application='Golbet',controller='standings'*/[0m
  ↳ app/controllers/standings_controller.rb:5:in 'StandingsController#index'
  [1m[36mMatch Load (0.0ms)[0m  [1m[34mSELECT "matches".* FROM "matches" WHERE "matches"."tournament_id" = 1 AND "matches"."status" = 'finished' /*action='index',application='Golbet',controller='standings'*/[0m
  ↳ app/services/scoring_service.rb:24:in 'ScoringService.standings'
  Rendering layout layouts/application.html.erb
  Rendering Views::Standings::Index within layouts/application
  Rendered Views::Standings::Index within layouts/application (Duration: 1.6ms | GC: 0.0ms)
  Rendered layout layouts/application.html.erb (Duration: 6.0ms | GC: 0.0ms)
Completed 200 OK in 26ms (Views: 9.1ms | ActiveRecord: 1.1ms (3 queries, 0 cached) | GC: 0.0ms)


Started GET "/results" for 127.0.0.1 at 2026-06-02 17:59:14 -0500
Processing by ResultsController#index as HTML
  [1m[36mPlayer Load (0.1ms)[0m  [1m[34mSELECT "players".* FROM "players" WHERE "players"."session_token" = '07f4952d9b5a9f4d172344c2818f5e7f' LIMIT 1 /*action='index',application='Golbet',controller='results'*/[0m
  ↳ app/controllers/application_controller.rb:12:in 'ApplicationController#current_player'
  [1m[36mTournament Load (0.1ms)[0m  [1m[34mSELECT "tournaments".* FROM "tournaments" ORDER BY "tournaments"."id" ASC LIMIT 1 /*action='index',application='Golbet',controller='results'*/[0m
  ↳ app/controllers/results_controller.rb:5:in 'ResultsController#index'
  [1m[36mPrediction Load (0.0ms)[0m  [1m[34mSELECT "predictions".* FROM "predictions" WHERE "predictions"."player_id" = 1 /*action='index',application='Golbet',controller='results'*/[0m
  ↳ app/controllers/results_controller.rb:7:in 'ResultsController#index'
  [1m[36mMatch Load (0.1ms)[0m  [1m[34mSELECT "matches".* FROM "matches" WHERE "matches"."tournament_id" = 1 AND "matches"."status" = 'finished' ORDER BY "matches"."kickoff_at" DESC /*action='index',application='Golbet',controller='results'*/[0m
  ↳ app/controllers/results_controller.rb:8:in 'Enumerable#map'
  Rendering layout layouts/application.html.erb
  Rendering Views::Results::Index within layouts/application
  Rendered Views::Results::Index within layouts/application (Duration: 1.2ms | GC: 0.4ms)
  Rendered layout layouts/application.html.erb (Duration: 2.3ms | GC: 0.4ms)
Completed 200 OK in 35ms (Views: 3.1ms | ActiveRecord: 0.5ms (4 queries, 0 cached) | GC: 24.5ms)


Started GET "/results" for 127.0.0.1 at 2026-06-02 18:06:28 -0500
Processing by ResultsController#index as HTML
  [1m[36mPlayer Load (2.1ms)[0m  [1m[34mSELECT "players".* FROM "players" WHERE "players"."session_token" = '07f4952d9b5a9f4d172344c2818f5e7f' LIMIT 1 /*action='index',application='Golbet',controller='results'*/[0m
  ↳ app/controllers/application_controller.rb:12:in 'ApplicationController#current_player'
  [1m[36mTournament Load (0.1ms)[0m  [1m[34mSELECT "tournaments".* FROM "tournaments" ORDER BY "tournaments"."id" ASC LIMIT 1 /*action='index',application='Golbet',controller='results'*/[0m
  ↳ app/controllers/results_controller.rb:5:in 'ResultsController#index'
  [1m[36mPrediction Load (0.1ms)[0m  [1m[34mSELECT "predictions".* FROM "predictions" WHERE "predictions"."player_id" = 1 /*action='index',application='Golbet',controller='results'*/[0m
  ↳ app/controllers/results_controller.rb:7:in 'ResultsController#index'
  [1m[36mMatch Load (0.1ms)[0m  [1m[34mSELECT "matches".* FROM "matches" WHERE "matches"."tournament_id" = 1 AND "matches"."status" = 'finished' ORDER BY "matches"."kickoff_at" DESC /*action='index',application='Golbet',controller='results'*/[0m
  ↳ app/controllers/results_controller.rb:8:in 'Enumerable#map'
  Rendering layout layouts/application.html.erb
  Rendering Views::Results::Index within layouts/application
  Rendered Views::Results::Index within layouts/application (Duration: 1.4ms | GC: 0.8ms)
  Rendered layout layouts/application.html.erb (Duration: 2.8ms | GC: 0.8ms)
Completed 200 OK in 12ms (Views: 3.4ms | ActiveRecord: 2.3ms (4 queries, 0 cached) | GC: 0.8ms)


Started GET "/results" for 127.0.0.1 at 2026-06-02 18:06:38 -0500
Processing by ResultsController#index as */*
  [1m[36mPlayer Load (0.2ms)[0m  [1m[34mSELECT "players".* FROM "players" WHERE "players"."session_token" IS NULL LIMIT 1 /*action='index',application='Golbet',controller='results'*/[0m
  ↳ app/controllers/application_controller.rb:12:in 'ApplicationController#current_player'
Redirected to http://127.0.0.1:3000/
↳ app/controllers/application_controller.rb:16:in 'ApplicationController#require_player'
Filter chain halted as :require_player rendered or redirected
Completed 302 Found in 4ms (ActiveRecord: 0.2ms (1 query, 0 cached) | GC: 0.0ms)


Started GET "/results" for 127.0.0.1 at 2026-06-02 18:39:44 -0500
Processing by ResultsController#index as HTML
  [1m[36mPlayer Load (1.5ms)[0m  [1m[34mSELECT "players".* FROM "players" WHERE "players"."session_token" = '07f4952d9b5a9f4d172344c2818f5e7f' LIMIT 1 /*action='index',application='Golbet',controller='results'*/[0m
  ↳ app/controllers/application_controller.rb:12:in 'ApplicationController#current_player'
  [1m[36mTournament Load (0.2ms)[0m  [1m[34mSELECT "tournaments".* FROM "tournaments" ORDER BY "tournaments"."id" ASC LIMIT 1 /*action='index',application='Golbet',controller='results'*/[0m
  ↳ app/controllers/results_controller.rb:5:in 'ResultsController#index'
  [1m[36mPrediction Load (0.1ms)[0m  [1m[34mSELECT "predictions".* FROM "predictions" WHERE "predictions"."player_id" = 1 /*action='index',application='Golbet',controller='results'*/[0m
  ↳ app/controllers/results_controller.rb:7:in 'ResultsController#index'
  [1m[36mMatch Load (0.1ms)[0m  [1m[34mSELECT "matches".* FROM "matches" WHERE "matches"."tournament_id" = 1 AND "matches"."status" = 'finished' ORDER BY "matches"."kickoff_at" DESC /*action='index',application='Golbet',controller='results'*/[0m
  ↳ app/controllers/results_controller.rb:8:in 'Enumerable#map'
  Rendering layout layouts/application.html.erb
  Rendering Views::Results::Index within layouts/application
  Rendered Views::Results::Index within layouts/application (Duration: 1.3ms | GC: 0.5ms)
  Rendered layout layouts/application.html.erb (Duration: 2.8ms | GC: 0.5ms)
Completed 200 OK in 13ms (Views: 3.4ms | ActiveRecord: 1.8ms (4 queries, 0 cached) | GC: 0.5ms)


Started GET "/predictions" for 127.0.0.1 at 2026-06-02 18:53:08 -0500
Processing by PredictionsController#index as HTML
  [1m[36mPlayer Load (1.6ms)[0m  [1m[34mSELECT "players".* FROM "players" WHERE "players"."session_token" = '07f4952d9b5a9f4d172344c2818f5e7f' LIMIT 1 /*action='index',application='Golbet',controller='predictions'*/[0m
  ↳ app/controllers/application_controller.rb:12:in 'ApplicationController#current_player'
  [1m[36mTournament Load (0.1ms)[0m  [1m[34mSELECT "tournaments".* FROM "tournaments" ORDER BY "tournaments"."id" ASC LIMIT 1 /*action='index',application='Golbet',controller='predictions'*/[0m
  ↳ app/controllers/predictions_controller.rb:5:in 'PredictionsController#index'
  [1m[36mPrediction Load (0.1ms)[0m  [1m[34mSELECT "predictions".* FROM "predictions" WHERE "predictions"."player_id" = 1 /*action='index',application='Golbet',controller='predictions'*/[0m
  ↳ app/controllers/predictions_controller.rb:7:in 'PredictionsController#index'
  Rendering layout layouts/application.html.erb
  Rendering Views::Predictions::Index within layouts/application
  [1m[36mMatch Exists? (0.1ms)[0m  [1m[34mSELECT 1 AS one FROM "matches" WHERE "matches"."tournament_id" = 1 LIMIT 1 /*action='index',application='Golbet',controller='predictions'*/[0m
  ↳ app/views/predictions/index.rb:14:in 'block in Views::Predictions::Index#view_template'
  [1m[36mMatch Load (0.1ms)[0m  [1m[34mSELECT "matches".* FROM "matches" WHERE "matches"."tournament_id" = 1 ORDER BY "matches"."kickoff_at" ASC /*action='index',application='Golbet',controller='predictions'*/[0m
  ↳ app/views/predictions/index.rb:18:in 'block (2 levels) in Views::Predictions::Index#view_template'
  Rendered Views::Predictions::Index within layouts/application (Duration: 21.4ms | GC: 14.3ms)
  Rendered layout layouts/application.html.erb (Duration: 26.4ms | GC: 14.8ms)
Completed 200 OK in 42ms (Views: 27.1ms | ActiveRecord: 1.9ms (5 queries, 0 cached) | GC: 22.2ms)


Started GET "/standings" for 127.0.0.1 at 2026-06-02 18:53:10 -0500
Processing by StandingsController#index as HTML
  [1m[36mPlayer Load (0.1ms)[0m  [1m[34mSELECT "players".* FROM "players" WHERE "players"."session_token" = '07f4952d9b5a9f4d172344c2818f5e7f' LIMIT 1 /*action='index',application='Golbet',controller='standings'*/[0m
  ↳ app/controllers/application_controller.rb:12:in 'ApplicationController#current_player'
  [1m[36mTournament Load (0.1ms)[0m  [1m[34mSELECT "tournaments".* FROM "tournaments" ORDER BY "tournaments"."id" ASC LIMIT 1 /*action='index',application='Golbet',controller='standings'*/[0m
  ↳ app/controllers/standings_controller.rb:5:in 'StandingsController#index'
  [1m[36mMatch Load (0.1ms)[0m  [1m[34mSELECT "matches".* FROM "matches" WHERE "matches"."tournament_id" = 1 AND "matches"."status" = 'finished' /*action='index',application='Golbet',controller='standings'*/[0m
  ↳ app/services/scoring_service.rb:24:in 'ScoringService.standings'
  Rendering layout layouts/application.html.erb
  Rendering Views::Standings::Index within layouts/application
  Rendered Views::Standings::Index within layouts/application (Duration: 1.1ms | GC: 0.3ms)
  Rendered layout layouts/application.html.erb (Duration: 2.0ms | GC: 0.3ms)
Completed 200 OK in 7ms (Views: 2.5ms | ActiveRecord: 0.2ms (3 queries, 0 cached) | GC: 0.6ms)


Started GET "/standings" for 127.0.0.1 at 2026-06-02 18:53:14 -0500
Processing by StandingsController#index as HTML
  [1m[36mPlayer Load (0.1ms)[0m  [1m[34mSELECT "players".* FROM "players" WHERE "players"."session_token" = '07f4952d9b5a9f4d172344c2818f5e7f' LIMIT 1 /*action='index',application='Golbet',controller='standings'*/[0m
  ↳ app/controllers/application_controller.rb:12:in 'ApplicationController#current_player'
  [1m[36mTournament Load (0.1ms)[0m  [1m[34mSELECT "tournaments".* FROM "tournaments" ORDER BY "tournaments"."id" ASC LIMIT 1 /*action='index',application='Golbet',controller='standings'*/[0m
  ↳ app/controllers/standings_controller.rb:5:in 'StandingsController#index'
  [1m[36mMatch Load (0.1ms)[0m  [1m[34mSELECT "matches".* FROM "matches" WHERE "matches"."tournament_id" = 1 AND "matches"."status" = 'finished' /*action='index',application='Golbet',controller='standings'*/[0m
  ↳ app/services/scoring_service.rb:24:in 'ScoringService.standings'
  Rendering layout layouts/application.html.erb
  Rendering Views::Standings::Index within layouts/application
  Rendered Views::Standings::Index within layouts/application (Duration: 1.0ms | GC: 0.2ms)
  Rendered layout layouts/application.html.erb (Duration: 1.8ms | GC: 0.2ms)
Completed 200 OK in 7ms (Views: 2.2ms | ActiveRecord: 0.3ms (3 queries, 0 cached) | GC: 0.2ms)


Started GET "/results" for 127.0.0.1 at 2026-06-02 18:53:15 -0500
Processing by ResultsController#index as HTML
  [1m[36mPlayer Load (0.1ms)[0m  [1m[34mSELECT "players".* FROM "players" WHERE "players"."session_token" = '07f4952d9b5a9f4d172344c2818f5e7f' LIMIT 1 /*action='index',application='Golbet',controller='results'*/[0m
  ↳ app/controllers/application_controller.rb:12:in 'ApplicationController#current_player'
  [1m[36mTournament Load (0.1ms)[0m  [1m[34mSELECT "tournaments".* FROM "tournaments" ORDER BY "tournaments"."id" ASC LIMIT 1 /*action='index',application='Golbet',controller='results'*/[0m
  ↳ app/controllers/results_controller.rb:5:in 'ResultsController#index'
  [1m[36mPrediction Load (0.1ms)[0m  [1m[34mSELECT "predictions".* FROM "predictions" WHERE "predictions"."player_id" = 1 /*action='index',application='Golbet',controller='results'*/[0m
  ↳ app/controllers/results_controller.rb:7:in 'ResultsController#index'
  [1m[36mMatch Load (0.1ms)[0m  [1m[34mSELECT "matches".* FROM "matches" WHERE "matches"."tournament_id" = 1 AND "matches"."status" = 'finished' ORDER BY "matches"."kickoff_at" DESC /*action='index',application='Golbet',controller='results'*/[0m
  ↳ app/controllers/results_controller.rb:8:in 'Enumerable#map'
  Rendering layout layouts/application.html.erb
  Rendering Views::Results::Index within layouts/application
  Rendered Views::Results::Index within layouts/application (Duration: 0.5ms | GC: 0.0ms)
  Rendered layout layouts/application.html.erb (Duration: 1.4ms | GC: 0.0ms)
Completed 200 OK in 8ms (Views: 1.9ms | ActiveRecord: 0.5ms (4 queries, 0 cached) | GC: 0.1ms)


Started GET "/predictions" for 127.0.0.1 at 2026-06-02 18:53:18 -0500
Processing by PredictionsController#index as HTML
  [1m[36mPlayer Load (0.1ms)[0m  [1m[34mSELECT "players".* FROM "players" WHERE "players"."session_token" = '07f4952d9b5a9f4d172344c2818f5e7f' LIMIT 1 /*action='index',application='Golbet',controller='predictions'*/[0m
  ↳ app/controllers/application_controller.rb:12:in 'ApplicationController#current_player'
  [1m[36mTournament Load (0.0ms)[0m  [1m[34mSELECT "tournaments".* FROM "tournaments" ORDER BY "tournaments"."id" ASC LIMIT 1 /*action='index',application='Golbet',controller='predictions'*/[0m
  ↳ app/controllers/predictions_controller.rb:5:in 'PredictionsController#index'
  [1m[36mPrediction Load (0.1ms)[0m  [1m[34mSELECT "predictions".* FROM "predictions" WHERE "predictions"."player_id" = 1 /*action='index',application='Golbet',controller='predictions'*/[0m
  ↳ app/controllers/predictions_controller.rb:7:in 'PredictionsController#index'
  Rendering layout layouts/application.html.erb
  Rendering Views::Predictions::Index within layouts/application
  [1m[36mMatch Exists? (0.1ms)[0m  [1m[34mSELECT 1 AS one FROM "matches" WHERE "matches"."tournament_id" = 1 LIMIT 1 /*action='index',application='Golbet',controller='predictions'*/[0m
  ↳ app/views/predictions/index.rb:14:in 'block in Views::Predictions::Index#view_template'
  [1m[36mMatch Load (0.1ms)[0m  [1m[34mSELECT "matches".* FROM "matches" WHERE "matches"."tournament_id" = 1 ORDER BY "matches"."kickoff_at" ASC /*action='index',application='Golbet',controller='predictions'*/[0m
  ↳ app/views/predictions/index.rb:18:in 'block (2 levels) in Views::Predictions::Index#view_template'
  Rendered Views::Predictions::Index within layouts/application (Duration: 3.7ms | GC: 0.3ms)
  Rendered layout layouts/application.html.erb (Duration: 4.4ms | GC: 0.3ms)
Completed 200 OK in 9ms (Views: 4.7ms | ActiveRecord: 0.4ms (5 queries, 0 cached) | GC: 0.4ms)


Started GET "/standings" for 127.0.0.1 at 2026-06-02 18:53:19 -0500
Processing by StandingsController#index as HTML
  [1m[36mPlayer Load (0.1ms)[0m  [1m[34mSELECT "players".* FROM "players" WHERE "players"."session_token" = '07f4952d9b5a9f4d172344c2818f5e7f' LIMIT 1 /*action='index',application='Golbet',controller='standings'*/[0m
  ↳ app/controllers/application_controller.rb:12:in 'ApplicationController#current_player'
  [1m[36mTournament Load (0.1ms)[0m  [1m[34mSELECT "tournaments".* FROM "tournaments" ORDER BY "tournaments"."id" ASC LIMIT 1 /*action='index',application='Golbet',controller='standings'*/[0m
  ↳ app/controllers/standings_controller.rb:5:in 'StandingsController#index'
  [1m[36mMatch Load (0.1ms)[0m  [1m[34mSELECT "matches".* FROM "matches" WHERE "matches"."tournament_id" = 1 AND "matches"."status" = 'finished' /*action='index',application='Golbet',controller='standings'*/[0m
  ↳ app/services/scoring_service.rb:24:in 'ScoringService.standings'
  Rendering layout layouts/application.html.erb
  Rendering Views::Standings::Index within layouts/application
  Rendered Views::Standings::Index within layouts/application (Duration: 0.6ms | GC: 0.0ms)
  Rendered layout layouts/application.html.erb (Duration: 1.6ms | GC: 0.0ms)
Completed 200 OK in 7ms (Views: 2.0ms | ActiveRecord: 0.3ms (3 queries, 0 cached) | GC: 0.6ms)


Started GET "/results" for 127.0.0.1 at 2026-06-02 18:53:20 -0500
Processing by ResultsController#index as HTML
  [1m[36mPlayer Load (0.1ms)[0m  [1m[34mSELECT "players".* FROM "players" WHERE "players"."session_token" = '07f4952d9b5a9f4d172344c2818f5e7f' LIMIT 1 /*action='index',application='Golbet',controller='results'*/[0m
  ↳ app/controllers/application_controller.rb:12:in 'ApplicationController#current_player'
  [1m[36mTournament Load (0.1ms)[0m  [1m[34mSELECT "tournaments".* FROM "tournaments" ORDER BY "tournaments"."id" ASC LIMIT 1 /*action='index',application='Golbet',controller='results'*/[0m
  ↳ app/controllers/results_controller.rb:5:in 'ResultsController#index'
  [1m[36mPrediction Load (0.1ms)[0m  [1m[34mSELECT "predictions".* FROM "predictions" WHERE "predictions"."player_id" = 1 /*action='index',application='Golbet',controller='results'*/[0m
  ↳ app/controllers/results_controller.rb:7:in 'ResultsController#index'
  [1m[36mMatch Load (0.1ms)[0m  [1m[34mSELECT "matches".* FROM "matches" WHERE "matches"."tournament_id" = 1 AND "matches"."status" = 'finished' ORDER BY "matches"."kickoff_at" DESC /*action='index',application='Golbet',controller='results'*/[0m
  ↳ app/controllers/results_controller.rb:8:in 'Enumerable#map'
  Rendering layout layouts/application.html.erb
  Rendering Views::Results::Index within layouts/application
  Rendered Views::Results::Index within layouts/application (Duration: 0.4ms | GC: 0.0ms)
  Rendered layout layouts/application.html.erb (Duration: 1.3ms | GC: 0.0ms)
Completed 200 OK in 8ms (Views: 1.9ms | ActiveRecord: 0.5ms (4 queries, 0 cached) | GC: 0.0ms)


Started GET "/standings" for 127.0.0.1 at 2026-06-02 18:53:20 -0500
Processing by StandingsController#index as HTML
  [1m[36mPlayer Load (0.2ms)[0m  [1m[34mSELECT "players".* FROM "players" WHERE "players"."session_token" = '07f4952d9b5a9f4d172344c2818f5e7f' LIMIT 1 /*action='index',application='Golbet',controller='standings'*/[0m
  ↳ app/controllers/application_controller.rb:12:in 'ApplicationController#current_player'
  [1m[36mTournament Load (0.2ms)[0m  [1m[34mSELECT "tournaments".* FROM "tournaments" ORDER BY "tournaments"."id" ASC LIMIT 1 /*action='index',application='Golbet',controller='standings'*/[0m
  ↳ app/controllers/standings_controller.rb:5:in 'StandingsController#index'
  [1m[36mMatch Load (0.1ms)[0m  [1m[34mSELECT "matches".* FROM "matches" WHERE "matches"."tournament_id" = 1 AND "matches"."status" = 'finished' /*action='index',application='Golbet',controller='standings'*/[0m
  ↳ app/services/scoring_service.rb:24:in 'ScoringService.standings'
  Rendering layout layouts/application.html.erb
  Rendering Views::Standings::Index within layouts/application
  Rendered Views::Standings::Index within layouts/application (Duration: 1.1ms | GC: 0.0ms)
  Rendered layout layouts/application.html.erb (Duration: 2.2ms | GC: 0.0ms)
Completed 200 OK in 9ms (Views: 3.0ms | ActiveRecord: 0.4ms (3 queries, 0 cached) | GC: 0.0ms)


Started GET "/predictions" for 127.0.0.1 at 2026-06-02 18:53:21 -0500
Processing by PredictionsController#index as HTML
  [1m[36mPlayer Load (0.1ms)[0m  [1m[34mSELECT "players".* FROM "players" WHERE "players"."session_token" = '07f4952d9b5a9f4d172344c2818f5e7f' LIMIT 1 /*action='index',application='Golbet',controller='predictions'*/[0m
  ↳ app/controllers/application_controller.rb:12:in 'ApplicationController#current_player'
  [1m[36mTournament Load (0.1ms)[0m  [1m[34mSELECT "tournaments".* FROM "tournaments" ORDER BY "tournaments"."id" ASC LIMIT 1 /*action='index',application='Golbet',controller='predictions'*/[0m
  ↳ app/controllers/predictions_controller.rb:5:in 'PredictionsController#index'
  [1m[36mPrediction Load (0.1ms)[0m  [1m[34mSELECT "predictions".* FROM "predictions" WHERE "predictions"."player_id" = 1 /*action='index',application='Golbet',controller='predictions'*/[0m
  ↳ app/controllers/predictions_controller.rb:7:in 'PredictionsController#index'
  Rendering layout layouts/application.html.erb
  Rendering Views::Predictions::Index within layouts/application
  [1m[36mMatch Exists? (0.1ms)[0m  [1m[34mSELECT 1 AS one FROM "matches" WHERE "matches"."tournament_id" = 1 LIMIT 1 /*action='index',application='Golbet',controller='predictions'*/[0m
  ↳ app/views/predictions/index.rb:14:in 'block in Views::Predictions::Index#view_template'
  [1m[36mMatch Load (0.2ms)[0m  [1m[34mSELECT "matches".* FROM "matches" WHERE "matches"."tournament_id" = 1 ORDER BY "matches"."kickoff_at" ASC /*action='index',application='Golbet',controller='predictions'*/[0m
  ↳ app/views/predictions/index.rb:18:in 'block (2 levels) in Views::Predictions::Index#view_template'
  Rendered Views::Predictions::Index within layouts/application (Duration: 5.0ms | GC: 0.8ms)
  Rendered layout layouts/application.html.erb (Duration: 5.5ms | GC: 0.8ms)
Completed 200 OK in 11ms (Views: 5.7ms | ActiveRecord: 0.6ms (5 queries, 0 cached) | GC: 0.8ms)


Started GET "/predictions" for 127.0.0.1 at 2026-06-02 19:19:43 -0500
  [1m[36mActiveRecord::SchemaMigration Load (0.1ms)[0m  [1m[34mSELECT "schema_migrations"."version" FROM "schema_migrations" ORDER BY "schema_migrations"."version" ASC /*application='Golbet'*/[0m
Processing by PredictionsController#index as HTML
  [1m[36mPlayer Load (0.0ms)[0m  [1m[34mSELECT "players".* FROM "players" WHERE "players"."session_token" = '07f4952d9b5a9f4d172344c2818f5e7f' LIMIT 1 /*action='index',application='Golbet',controller='predictions'*/[0m
  ↳ app/controllers/application_controller.rb:12:in 'ApplicationController#current_player'
  [1m[36mTournament Load (0.0ms)[0m  [1m[34mSELECT "tournaments".* FROM "tournaments" ORDER BY "tournaments"."id" ASC LIMIT 1 /*action='index',application='Golbet',controller='predictions'*/[0m
  ↳ app/controllers/predictions_controller.rb:5:in 'PredictionsController#index'
  [1m[36mPrediction Load (0.0ms)[0m  [1m[34mSELECT "predictions".* FROM "predictions" WHERE "predictions"."player_id" = 1 /*action='index',application='Golbet',controller='predictions'*/[0m
  ↳ app/controllers/predictions_controller.rb:7:in 'PredictionsController#index'
  Rendering layout layouts/application.html.erb
  Rendering Views::Predictions::Index within layouts/application
  [1m[36mMatch Exists? (0.1ms)[0m  [1m[34mSELECT 1 AS one FROM "matches" WHERE "matches"."tournament_id" = 1 LIMIT 1 /*action='index',application='Golbet',controller='predictions'*/[0m
  ↳ app/views/predictions/index.rb:14:in 'block in Views::Predictions::Index#view_template'
  [1m[36mMatch Load (0.1ms)[0m  [1m[34mSELECT "matches".* FROM "matches" WHERE "matches"."tournament_id" = 1 ORDER BY "matches"."kickoff_at" ASC /*action='index',application='Golbet',controller='predictions'*/[0m
  ↳ app/views/predictions/index.rb:18:in 'block (2 levels) in Views::Predictions::Index#view_template'
  Rendered Views::Predictions::Index within layouts/application (Duration: 4.8ms | GC: 0.0ms)
  Rendered layout layouts/application.html.erb (Duration: 20.3ms | GC: 10.3ms)
Completed 200 OK in 42ms (Views: 23.9ms | ActiveRecord: 1.2ms (5 queries, 0 cached) | GC: 10.3ms)


Started GET "/predictions" for 127.0.0.1 at 2026-06-02 19:19:44 -0500
Processing by PredictionsController#index as HTML
  [1m[36mPlayer Load (1.2ms)[0m  [1m[34mSELECT "players".* FROM "players" WHERE "players"."session_token" = '07f4952d9b5a9f4d172344c2818f5e7f' LIMIT 1 /*action='index',application='Golbet',controller='predictions'*/[0m
  ↳ app/controllers/application_controller.rb:12:in 'ApplicationController#current_player'
  [1m[36mTournament Load (0.1ms)[0m  [1m[34mSELECT "tournaments".* FROM "tournaments" ORDER BY "tournaments"."id" ASC LIMIT 1 /*action='index',application='Golbet',controller='predictions'*/[0m
  ↳ app/controllers/predictions_controller.rb:5:in 'PredictionsController#index'
  [1m[36mPrediction Load (0.1ms)[0m  [1m[34mSELECT "predictions".* FROM "predictions" WHERE "predictions"."player_id" = 1 /*action='index',application='Golbet',controller='predictions'*/[0m
  ↳ app/controllers/predictions_controller.rb:7:in 'PredictionsController#index'
  Rendering layout layouts/application.html.erb
  Rendering Views::Predictions::Index within layouts/application
  [1m[36mMatch Exists? (0.2ms)[0m  [1m[34mSELECT 1 AS one FROM "matches" WHERE "matches"."tournament_id" = 1 LIMIT 1 /*action='index',application='Golbet',controller='predictions'*/[0m
  ↳ app/views/predictions/index.rb:14:in 'block in Views::Predictions::Index#view_template'
  [1m[36mMatch Load (0.2ms)[0m  [1m[34mSELECT "matches".* FROM "matches" WHERE "matches"."tournament_id" = 1 ORDER BY "matches"."kickoff_at" ASC /*action='index',application='Golbet',controller='predictions'*/[0m
  ↳ app/views/predictions/index.rb:18:in 'block (2 levels) in Views::Predictions::Index#view_template'
  Rendered Views::Predictions::Index within layouts/application (Duration: 7.5ms | GC: 2.3ms)
  Rendered layout layouts/application.html.erb (Duration: 8.5ms | GC: 2.3ms)
Completed 200 OK in 18ms (Views: 9.0ms | ActiveRecord: 1.9ms (5 queries, 0 cached) | GC: 3.2ms)


Started GET "/predictions" for 127.0.0.1 at 2026-06-02 19:19:44 -0500
Processing by PredictionsController#index as HTML
  [1m[36mPlayer Load (0.1ms)[0m  [1m[34mSELECT "players".* FROM "players" WHERE "players"."session_token" = '07f4952d9b5a9f4d172344c2818f5e7f' LIMIT 1 /*action='index',application='Golbet',controller='predictions'*/[0m
  ↳ app/controllers/application_controller.rb:12:in 'ApplicationController#current_player'
  [1m[36mTournament Load (0.1ms)[0m  [1m[34mSELECT "tournaments".* FROM "tournaments" ORDER BY "tournaments"."id" ASC LIMIT 1 /*action='index',application='Golbet',controller='predictions'*/[0m
  ↳ app/controllers/predictions_controller.rb:5:in 'PredictionsController#index'
  [1m[36mPrediction Load (0.1ms)[0m  [1m[34mSELECT "predictions".* FROM "predictions" WHERE "predictions"."player_id" = 1 /*action='index',application='Golbet',controller='predictions'*/[0m
  ↳ app/controllers/predictions_controller.rb:7:in 'PredictionsController#index'
  Rendering layout layouts/application.html.erb
  Rendering Views::Predictions::Index within layouts/application
  [1m[36mMatch Exists? (0.1ms)[0m  [1m[34mSELECT 1 AS one FROM "matches" WHERE "matches"."tournament_id" = 1 LIMIT 1 /*action='index',application='Golbet',controller='predictions'*/[0m
  ↳ app/views/predictions/index.rb:14:in 'block in Views::Predictions::Index#view_template'
  [1m[36mMatch Load (0.1ms)[0m  [1m[34mSELECT "matches".* FROM "matches" WHERE "matches"."tournament_id" = 1 ORDER BY "matches"."kickoff_at" ASC /*action='index',application='Golbet',controller='predictions'*/[0m
  ↳ app/views/predictions/index.rb:18:in 'block (2 levels) in Views::Predictions::Index#view_template'
  Rendered Views::Predictions::Index within layouts/application (Duration: 3.9ms | GC: 0.7ms)
  Rendered layout layouts/application.html.erb (Duration: 4.6ms | GC: 0.7ms)
Completed 200 OK in 10ms (Views: 5.0ms | ActiveRecord: 0.4ms (5 queries, 0 cached) | GC: 0.7ms)


Started GET "/results" for 127.0.0.1 at 2026-06-02 19:19:47 -0500
Processing by ResultsController#index as HTML
  [1m[36mPlayer Load (0.2ms)[0m  [1m[34mSELECT "players".* FROM "players" WHERE "players"."session_token" = '07f4952d9b5a9f4d172344c2818f5e7f' LIMIT 1 /*action='index',application='Golbet',controller='results'*/[0m
  ↳ app/controllers/application_controller.rb:12:in 'ApplicationController#current_player'
  [1m[36mTournament Load (0.1ms)[0m  [1m[34mSELECT "tournaments".* FROM "tournaments" ORDER BY "tournaments"."id" ASC LIMIT 1 /*action='index',application='Golbet',controller='results'*/[0m
  ↳ app/controllers/results_controller.rb:5:in 'ResultsController#index'
  [1m[36mPrediction Load (0.1ms)[0m  [1m[34mSELECT "predictions".* FROM "predictions" WHERE "predictions"."player_id" = 1 /*action='index',application='Golbet',controller='results'*/[0m
  ↳ app/controllers/results_controller.rb:7:in 'ResultsController#index'
  [1m[36mMatch Load (0.1ms)[0m  [1m[34mSELECT "matches".* FROM "matches" WHERE "matches"."tournament_id" = 1 AND "matches"."status" = 'finished' ORDER BY "matches"."kickoff_at" DESC /*action='index',application='Golbet',controller='results'*/[0m
  ↳ app/controllers/results_controller.rb:8:in 'Enumerable#map'
  Rendering layout layouts/application.html.erb
  Rendering Views::Results::Index within layouts/application
  Rendered Views::Results::Index within layouts/application (Duration: 0.8ms | GC: 0.0ms)
  Rendered layout layouts/application.html.erb (Duration: 1.6ms | GC: 0.0ms)
Completed 200 OK in 9ms (Views: 2.7ms | ActiveRecord: 0.4ms (4 queries, 0 cached) | GC: 0.3ms)


Started GET "/predictions" for 127.0.0.1 at 2026-06-02 19:19:48 -0500
Processing by PredictionsController#index as HTML
  [1m[36mPlayer Load (0.2ms)[0m  [1m[34mSELECT "players".* FROM "players" WHERE "players"."session_token" = '07f4952d9b5a9f4d172344c2818f5e7f' LIMIT 1 /*action='index',application='Golbet',controller='predictions'*/[0m
  ↳ app/controllers/application_controller.rb:12:in 'ApplicationController#current_player'
  [1m[36mTournament Load (0.1ms)[0m  [1m[34mSELECT "tournaments".* FROM "tournaments" ORDER BY "tournaments"."id" ASC LIMIT 1 /*action='index',application='Golbet',controller='predictions'*/[0m
  ↳ app/controllers/predictions_controller.rb:5:in 'PredictionsController#index'
  [1m[36mPrediction Load (0.1ms)[0m  [1m[34mSELECT "predictions".* FROM "predictions" WHERE "predictions"."player_id" = 1 /*action='index',application='Golbet',controller='predictions'*/[0m
  ↳ app/controllers/predictions_controller.rb:7:in 'PredictionsController#index'
  Rendering layout layouts/application.html.erb
  Rendering Views::Predictions::Index within layouts/application
  [1m[36mMatch Exists? (0.1ms)[0m  [1m[34mSELECT 1 AS one FROM "matches" WHERE "matches"."tournament_id" = 1 LIMIT 1 /*action='index',application='Golbet',controller='predictions'*/[0m
  ↳ app/views/predictions/index.rb:14:in 'block in Views::Predictions::Index#view_template'
  [1m[36mMatch Load (0.1ms)[0m  [1m[34mSELECT "matches".* FROM "matches" WHERE "matches"."tournament_id" = 1 ORDER BY "matches"."kickoff_at" ASC /*action='index',application='Golbet',controller='predictions'*/[0m
  ↳ app/views/predictions/index.rb:18:in 'block (2 levels) in Views::Predictions::Index#view_template'
  Rendered Views::Predictions::Index within layouts/application (Duration: 6.3ms | GC: 3.0ms)
  Rendered layout layouts/application.html.erb (Duration: 8.3ms | GC: 4.0ms)
Completed 200 OK in 17ms (Views: 9.6ms | ActiveRecord: 0.6ms (5 queries, 0 cached) | GC: 5.1ms)


Started GET "/predictions" for 127.0.0.1 at 2026-06-02 19:21:09 -0500
Processing by PredictionsController#index as */*
  [1m[36mPlayer Load (0.2ms)[0m  [1m[34mSELECT "players".* FROM "players" WHERE "players"."session_token" IS NULL LIMIT 1 /*action='index',application='Golbet',controller='predictions'*/[0m
  ↳ app/controllers/application_controller.rb:12:in 'ApplicationController#current_player'
Redirected to http://127.0.0.1:3000/
↳ app/controllers/application_controller.rb:16:in 'ApplicationController#require_player'
Filter chain halted as :require_player rendered or redirected
Completed 302 Found in 6ms (ActiveRecord: 0.1ms (1 query, 0 cached) | GC: 2.8ms)


Started GET "/" for 127.0.0.1 at 2026-06-02 19:24:02 -0500
Processing by SessionsController#new as HTML
  [1m[36mPlayer Load (0.6ms)[0m  [1m[34mSELECT "players".* FROM "players" WHERE "players"."session_token" IS NULL LIMIT 1 /*action='new',application='Golbet',controller='sessions'*/[0m
  ↳ app/controllers/application_controller.rb:12:in 'ApplicationController#current_player'
  Rendering layout layouts/application.html.erb
  Rendering Views::Sessions::New within layouts/application
  Rendered Views::Sessions::New within layouts/application (Duration: 0.8ms | GC: 0.3ms)
  Rendered layout layouts/application.html.erb (Duration: 2.2ms | GC: 1.2ms)
Completed 200 OK in 10ms (Views: 4.2ms | ActiveRecord: 0.6ms (1 query, 0 cached) | GC: 3.8ms)


Started POST "/session" for 127.0.0.1 at 2026-06-02 19:24:09 -0500
Processing by SessionsController#create as TURBO_STREAM
  Parameters: {"authenticity_token" => "[FILTERED]", "name" => "oscar ortega"}
  [1m[36mTRANSACTION (0.1ms)[0m  [1m[35mBEGIN immediate TRANSACTION /*action='create',application='Golbet',controller='sessions'*/[0m
  ↳ app/controllers/sessions_controller.rb:9:in 'SessionsController#create'
  [1m[36mPlayer Exists? (2.8ms)[0m  [1m[34mSELECT 1 AS one FROM "players" WHERE "players"."session_token" = 'bfdb713938de545bc755ecb37746a7b0' LIMIT 1 /*action='create',application='Golbet',controller='sessions'*/[0m
  ↳ app/controllers/sessions_controller.rb:9:in 'SessionsController#create'
  [1m[36mPlayer Create (0.1ms)[0m  [1m[32mINSERT INTO "players" ("created_at", "name", "session_token", "updated_at") VALUES ('2026-06-03 00:24:09.540320', 'oscar ortega', 'bfdb713938de545bc755ecb37746a7b0', '2026-06-03 00:24:09.540320') RETURNING "id" /*action='create',application='Golbet',controller='sessions'*/[0m
  ↳ app/controllers/sessions_controller.rb:9:in 'SessionsController#create'
  [1m[36mTRANSACTION (0.4ms)[0m  [1m[35mCOMMIT TRANSACTION /*action='create',application='Golbet',controller='sessions'*/[0m
  ↳ app/controllers/sessions_controller.rb:9:in 'SessionsController#create'
Redirected to http://localhost:3000/predictions
↳ app/controllers/sessions_controller.rb:11:in 'SessionsController#create'
Completed 302 Found in 10ms (ActiveRecord: 3.4ms (2 queries, 0 cached) | GC: 3.8ms)


Started GET "/predictions" for 127.0.0.1 at 2026-06-02 19:24:09 -0500
Processing by PredictionsController#index as TURBO_STREAM
  [1m[36mPlayer Load (0.0ms)[0m  [1m[34mSELECT "players".* FROM "players" WHERE "players"."session_token" = 'bfdb713938de545bc755ecb37746a7b0' LIMIT 1 /*action='index',application='Golbet',controller='predictions'*/[0m
  ↳ app/controllers/application_controller.rb:12:in 'ApplicationController#current_player'
  [1m[36mTournament Load (0.0ms)[0m  [1m[34mSELECT "tournaments".* FROM "tournaments" ORDER BY "tournaments"."id" ASC LIMIT 1 /*action='index',application='Golbet',controller='predictions'*/[0m
  ↳ app/controllers/predictions_controller.rb:5:in 'PredictionsController#index'
  [1m[36mPrediction Load (0.0ms)[0m  [1m[34mSELECT "predictions".* FROM "predictions" WHERE "predictions"."player_id" = 2 /*action='index',application='Golbet',controller='predictions'*/[0m
  ↳ app/controllers/predictions_controller.rb:7:in 'PredictionsController#index'
  Rendering layout layouts/application.html.erb
  Rendering Views::Predictions::Index within layouts/application
  [1m[36mMatch Exists? (0.0ms)[0m  [1m[34mSELECT 1 AS one FROM "matches" WHERE "matches"."tournament_id" = 1 LIMIT 1 /*action='index',application='Golbet',controller='predictions'*/[0m
  ↳ app/views/predictions/index.rb:14:in 'block in Views::Predictions::Index#view_template'
  [1m[36mMatch Load (0.0ms)[0m  [1m[34mSELECT "matches".* FROM "matches" WHERE "matches"."tournament_id" = 1 ORDER BY "matches"."kickoff_at" ASC /*action='index',application='Golbet',controller='predictions'*/[0m
  ↳ app/views/predictions/index.rb:18:in 'block (2 levels) in Views::Predictions::Index#view_template'
  Rendered Views::Predictions::Index within layouts/application (Duration: 1.9ms | GC: 0.4ms)
  Rendered layout layouts/application.html.erb (Duration: 2.1ms | GC: 0.4ms)
Completed 200 OK in 4ms (Views: 2.2ms | ActiveRecord: 0.1ms (5 queries, 0 cached) | GC: 0.6ms)


Started GET "/predictions" for 127.0.0.1 at 2026-06-02 21:40:18 -0500
Processing by PredictionsController#index as HTML
  [1m[36mPlayer Load (2.2ms)[0m  [1m[34mSELECT "players".* FROM "players" WHERE "players"."session_token" = '07f4952d9b5a9f4d172344c2818f5e7f' LIMIT 1 /*action='index',application='Golbet',controller='predictions'*/[0m
  ↳ app/controllers/application_controller.rb:12:in 'ApplicationController#current_player'
  [1m[36mTournament Load (0.1ms)[0m  [1m[34mSELECT "tournaments".* FROM "tournaments" ORDER BY "tournaments"."id" ASC LIMIT 1 /*action='index',application='Golbet',controller='predictions'*/[0m
  ↳ app/controllers/predictions_controller.rb:5:in 'PredictionsController#index'
  [1m[36mPrediction Load (0.1ms)[0m  [1m[34mSELECT "predictions".* FROM "predictions" WHERE "predictions"."player_id" = 1 /*action='index',application='Golbet',controller='predictions'*/[0m
  ↳ app/controllers/predictions_controller.rb:7:in 'PredictionsController#index'
  Rendering layout layouts/application.html.erb
  Rendering Views::Predictions::Index within layouts/application
  [1m[36mMatch Exists? (0.1ms)[0m  [1m[34mSELECT 1 AS one FROM "matches" WHERE "matches"."tournament_id" = 1 LIMIT 1 /*action='index',application='Golbet',controller='predictions'*/[0m
  ↳ app/views/predictions/index.rb:14:in 'block in Views::Predictions::Index#view_template'
  [1m[36mMatch Load (0.1ms)[0m  [1m[34mSELECT "matches".* FROM "matches" WHERE "matches"."tournament_id" = 1 ORDER BY "matches"."kickoff_at" ASC /*action='index',application='Golbet',controller='predictions'*/[0m
  ↳ app/views/predictions/index.rb:18:in 'block (2 levels) in Views::Predictions::Index#view_template'
  Rendered Views::Predictions::Index within layouts/application (Duration: 4.5ms | GC: 0.6ms)
  Rendered layout layouts/application.html.erb (Duration: 5.4ms | GC: 0.6ms)
Completed 200 OK in 19ms (Views: 6.2ms | ActiveRecord: 2.6ms (5 queries, 0 cached) | GC: 0.6ms)


Started GET "/" for ::1 at 2026-06-02 21:41:23 -0500
Processing by SessionsController#new as */*
  [1m[36mPlayer Load (0.1ms)[0m  [1m[34mSELECT "players".* FROM "players" WHERE "players"."session_token" IS NULL LIMIT 1 /*action='new',application='Golbet',controller='sessions'*/[0m
  ↳ app/controllers/application_controller.rb:12:in 'ApplicationController#current_player'
  Rendering layout layouts/application.html.erb
  Rendering Views::Sessions::New within layouts/application
  Rendered Views::Sessions::New within layouts/application (Duration: 0.3ms | GC: 0.0ms)
  Rendered layout layouts/application.html.erb (Duration: 0.5ms | GC: 0.0ms)
Completed 200 OK in 2ms (Views: 0.8ms | ActiveRecord: 0.1ms (1 query, 0 cached) | GC: 0.0ms)


Started GET "/" for ::1 at 2026-06-02 21:41:50 -0500
  [1m[36mActiveRecord::SchemaMigration Load (0.1ms)[0m  [1m[34mSELECT "schema_migrations"."version" FROM "schema_migrations" ORDER BY "schema_migrations"."version" ASC /*application='Golbet'*/[0m
Processing by SessionsController#new as */*
  [1m[36mPlayer Load (0.0ms)[0m  [1m[34mSELECT "players".* FROM "players" WHERE "players"."session_token" IS NULL LIMIT 1 /*action='new',application='Golbet',controller='sessions'*/[0m
  ↳ app/controllers/application_controller.rb:12:in 'ApplicationController#current_player'
  Rendering layout layouts/application.html.erb
  Rendering Views::Sessions::New within layouts/application
  Rendered Views::Sessions::New within layouts/application (Duration: 1.1ms | GC: 0.0ms)
  Rendered layout layouts/application.html.erb (Duration: 6.9ms | GC: 0.0ms)
Completed 200 OK in 24ms (Views: 10.3ms | ActiveRecord: 0.6ms (1 query, 0 cached) | GC: 0.0ms)


Started GET "/" for ::1 at 2026-06-02 21:41:50 -0500
Processing by SessionsController#new as */*
  [1m[36mPlayer Load (0.1ms)[0m  [1m[34mSELECT "players".* FROM "players" WHERE "players"."session_token" IS NULL LIMIT 1 /*action='new',application='Golbet',controller='sessions'*/[0m
  ↳ app/controllers/application_controller.rb:12:in 'ApplicationController#current_player'
  Rendering layout layouts/application.html.erb
  Rendering Views::Sessions::New within layouts/application
  Rendered Views::Sessions::New within layouts/application (Duration: 0.2ms | GC: 0.0ms)
  Rendered layout layouts/application.html.erb (Duration: 0.4ms | GC: 0.0ms)
Completed 200 OK in 1ms (Views: 0.5ms | ActiveRecord: 0.1ms (1 query, 0 cached) | GC: 0.0ms)


Started GET "/" for 127.0.0.1 at 2026-06-02 21:42:58 -0500
  [1m[36mActiveRecord::SchemaMigration Load (0.1ms)[0m  [1m[34mSELECT "schema_migrations"."version" FROM "schema_migrations" ORDER BY "schema_migrations"."version" ASC /*application='Golbet'*/[0m
Processing by SessionsController#new as HTML
  [1m[36mPlayer Load (0.1ms)[0m  [1m[34mSELECT "players".* FROM "players" WHERE "players"."session_token" = '07f4952d9b5a9f4d172344c2818f5e7f' LIMIT 1 /*action='new',application='Golbet',controller='sessions'*/[0m
  ↳ app/controllers/application_controller.rb:12:in 'ApplicationController#current_player'
Redirected to http://127.0.0.1:3000/predictions
↳ app/controllers/sessions_controller.rb:3:in 'SessionsController#new'
Completed 302 Found in 11ms (ActiveRecord: 0.8ms (1 query, 0 cached) | GC: 0.0ms)


Started GET "/predictions" for 127.0.0.1 at 2026-06-02 21:42:58 -0500
Processing by PredictionsController#index as HTML
  [1m[36mPlayer Load (0.1ms)[0m  [1m[34mSELECT "players".* FROM "players" WHERE "players"."session_token" = '07f4952d9b5a9f4d172344c2818f5e7f' LIMIT 1 /*action='index',application='Golbet',controller='predictions'*/[0m
  ↳ app/controllers/application_controller.rb:12:in 'ApplicationController#current_player'
  [1m[36mTournament Load (0.0ms)[0m  [1m[34mSELECT "tournaments".* FROM "tournaments" ORDER BY "tournaments"."id" ASC LIMIT 1 /*action='index',application='Golbet',controller='predictions'*/[0m
  ↳ app/controllers/predictions_controller.rb:5:in 'PredictionsController#index'
  [1m[36mPrediction Load (0.0ms)[0m  [1m[34mSELECT "predictions".* FROM "predictions" WHERE "predictions"."player_id" = 1 /*action='index',application='Golbet',controller='predictions'*/[0m
  ↳ app/controllers/predictions_controller.rb:7:in 'PredictionsController#index'
  Rendering layout layouts/application.html.erb
  Rendering Views::Predictions::Index within layouts/application
  [1m[36mMatch Exists? (0.0ms)[0m  [1m[34mSELECT 1 AS one FROM "matches" WHERE "matches"."tournament_id" = 1 LIMIT 1 /*action='index',application='Golbet',controller='predictions'*/[0m
  ↳ app/views/predictions/index.rb:14:in 'block in Views::Predictions::Index#view_template'
  [1m[36mMatch Load (0.3ms)[0m  [1m[34mSELECT "matches".* FROM "matches" WHERE "matches"."tournament_id" = 1 ORDER BY "matches"."kickoff_at" ASC /*action='index',application='Golbet',controller='predictions'*/[0m
  ↳ app/views/predictions/index.rb:18:in 'block (2 levels) in Views::Predictions::Index#view_template'
  Rendered Views::Predictions::Index within layouts/application (Duration: 3.9ms | GC: 0.0ms)
  Rendered layout layouts/application.html.erb (Duration: 17.4ms | GC: 8.8ms)
Completed 200 OK in 29ms (Views: 19.7ms | ActiveRecord: 0.7ms (5 queries, 0 cached) | GC: 8.8ms)


Started GET "/results" for 127.0.0.1 at 2026-06-02 21:43:04 -0500
Processing by ResultsController#index as HTML
  [1m[36mPlayer Load (0.2ms)[0m  [1m[34mSELECT "players".* FROM "players" WHERE "players"."session_token" = '07f4952d9b5a9f4d172344c2818f5e7f' LIMIT 1 /*action='index',application='Golbet',controller='results'*/[0m
  ↳ app/controllers/application_controller.rb:12:in 'ApplicationController#current_player'
  [1m[36mTournament Load (0.1ms)[0m  [1m[34mSELECT "tournaments".* FROM "tournaments" ORDER BY "tournaments"."id" ASC LIMIT 1 /*action='index',application='Golbet',controller='results'*/[0m
  ↳ app/controllers/results_controller.rb:5:in 'ResultsController#index'
  [1m[36mPrediction Load (0.2ms)[0m  [1m[34mSELECT "predictions".* FROM "predictions" WHERE "predictions"."player_id" = 1 /*action='index',application='Golbet',controller='results'*/[0m
  ↳ app/controllers/results_controller.rb:7:in 'ResultsController#index'
  [1m[36mMatch Load (0.1ms)[0m  [1m[34mSELECT "matches".* FROM "matches" WHERE "matches"."tournament_id" = 1 AND "matches"."status" = 'finished' ORDER BY "matches"."kickoff_at" DESC /*action='index',application='Golbet',controller='results'*/[0m
  ↳ app/controllers/results_controller.rb:8:in 'Enumerable#map'
  Rendering layout layouts/application.html.erb
  Rendering Views::Results::Index within layouts/application
  Rendered Views::Results::Index within layouts/application (Duration: 1.3ms | GC: 0.4ms)
  Rendered layout layouts/application.html.erb (Duration: 2.5ms | GC: 0.4ms)
Completed 200 OK in 12ms (Views: 3.7ms | ActiveRecord: 0.6ms (4 queries, 0 cached) | GC: 0.4ms)


Started GET "/standings" for 127.0.0.1 at 2026-06-02 21:43:05 -0500
Processing by StandingsController#index as HTML
  [1m[36mPlayer Load (0.1ms)[0m  [1m[34mSELECT "players".* FROM "players" WHERE "players"."session_token" = '07f4952d9b5a9f4d172344c2818f5e7f' LIMIT 1 /*action='index',application='Golbet',controller='standings'*/[0m
  ↳ app/controllers/application_controller.rb:12:in 'ApplicationController#current_player'
  [1m[36mTournament Load (0.1ms)[0m  [1m[34mSELECT "tournaments".* FROM "tournaments" ORDER BY "tournaments"."id" ASC LIMIT 1 /*action='index',application='Golbet',controller='standings'*/[0m
  ↳ app/controllers/standings_controller.rb:5:in 'StandingsController#index'
  [1m[36mMatch Load (0.1ms)[0m  [1m[34mSELECT "matches".* FROM "matches" WHERE "matches"."tournament_id" = 1 AND "matches"."status" = 'finished' /*action='index',application='Golbet',controller='standings'*/[0m
  ↳ app/services/scoring_service.rb:24:in 'ScoringService.standings'
  Rendering layout layouts/application.html.erb
  Rendering Views::Standings::Index within layouts/application
  Rendered Views::Standings::Index within layouts/application (Duration: 2.6ms | GC: 0.1ms)
  Rendered layout layouts/application.html.erb (Duration: 3.7ms | GC: 0.1ms)
Completed 200 OK in 11ms (Views: 4.5ms | ActiveRecord: 0.3ms (3 queries, 0 cached) | GC: 0.7ms)


Started GET "/predictions" for 127.0.0.1 at 2026-06-02 21:43:07 -0500
Processing by PredictionsController#index as HTML
  [1m[36mPlayer Load (0.1ms)[0m  [1m[34mSELECT "players".* FROM "players" WHERE "players"."session_token" = '07f4952d9b5a9f4d172344c2818f5e7f' LIMIT 1 /*action='index',application='Golbet',controller='predictions'*/[0m
  ↳ app/controllers/application_controller.rb:12:in 'ApplicationController#current_player'
  [1m[36mTournament Load (0.1ms)[0m  [1m[34mSELECT "tournaments".* FROM "tournaments" ORDER BY "tournaments"."id" ASC LIMIT 1 /*action='index',application='Golbet',controller='predictions'*/[0m
  ↳ app/controllers/predictions_controller.rb:5:in 'PredictionsController#index'
  [1m[36mPrediction Load (0.1ms)[0m  [1m[34mSELECT "predictions".* FROM "predictions" WHERE "predictions"."player_id" = 1 /*action='index',application='Golbet',controller='predictions'*/[0m
  ↳ app/controllers/predictions_controller.rb:7:in 'PredictionsController#index'
  Rendering layout layouts/application.html.erb
  Rendering Views::Predictions::Index within layouts/application
  [1m[36mMatch Exists? (0.0ms)[0m  [1m[34mSELECT 1 AS one FROM "matches" WHERE "matches"."tournament_id" = 1 LIMIT 1 /*action='index',application='Golbet',controller='predictions'*/[0m
  ↳ app/views/predictions/index.rb:14:in 'block in Views::Predictions::Index#view_template'
  [1m[36mMatch Load (0.1ms)[0m  [1m[34mSELECT "matches".* FROM "matches" WHERE "matches"."tournament_id" = 1 ORDER BY "matches"."kickoff_at" ASC /*action='index',application='Golbet',controller='predictions'*/[0m
  ↳ app/views/predictions/index.rb:18:in 'block (2 levels) in Views::Predictions::Index#view_template'
  Rendered Views::Predictions::Index within layouts/application (Duration: 4.5ms | GC: 0.8ms)
  Rendered layout layouts/application.html.erb (Duration: 5.5ms | GC: 1.1ms)
Completed 200 OK in 11ms (Views: 5.8ms | ActiveRecord: 0.5ms (5 queries, 0 cached) | GC: 1.2ms)


Started GET "/standings" for 127.0.0.1 at 2026-06-02 21:43:08 -0500
Processing by StandingsController#index as HTML
  [1m[36mPlayer Load (0.1ms)[0m  [1m[34mSELECT "players".* FROM "players" WHERE "players"."session_token" = '07f4952d9b5a9f4d172344c2818f5e7f' LIMIT 1 /*action='index',application='Golbet',controller='standings'*/[0m
  ↳ app/controllers/application_controller.rb:12:in 'ApplicationController#current_player'
  [1m[36mTournament Load (0.1ms)[0m  [1m[34mSELECT "tournaments".* FROM "tournaments" ORDER BY "tournaments"."id" ASC LIMIT 1 /*action='index',application='Golbet',controller='standings'*/[0m
  ↳ app/controllers/standings_controller.rb:5:in 'StandingsController#index'
  [1m[36mMatch Load (0.1ms)[0m  [1m[34mSELECT "matches".* FROM "matches" WHERE "matches"."tournament_id" = 1 AND "matches"."status" = 'finished' /*action='index',application='Golbet',controller='standings'*/[0m
  ↳ app/services/scoring_service.rb:24:in 'ScoringService.standings'
  Rendering layout layouts/application.html.erb
  Rendering Views::Standings::Index within layouts/application
  Rendered Views::Standings::Index within layouts/application (Duration: 2.8ms | GC: 2.1ms)
  Rendered layout layouts/application.html.erb (Duration: 4.9ms | GC: 3.4ms)
Completed 200 OK in 14ms (Views: 5.3ms | ActiveRecord: 0.3ms (3 queries, 0 cached) | GC: 7.4ms)


Started GET "/results" for 127.0.0.1 at 2026-06-02 21:43:09 -0500
Processing by ResultsController#index as HTML
  [1m[36mPlayer Load (0.2ms)[0m  [1m[34mSELECT "players".* FROM "players" WHERE "players"."session_token" = '07f4952d9b5a9f4d172344c2818f5e7f' LIMIT 1 /*action='index',application='Golbet',controller='results'*/[0m
  ↳ app/controllers/application_controller.rb:12:in 'ApplicationController#current_player'
  [1m[36mTournament Load (0.1ms)[0m  [1m[34mSELECT "tournaments".* FROM "tournaments" ORDER BY "tournaments"."id" ASC LIMIT 1 /*action='index',application='Golbet',controller='results'*/[0m
  ↳ app/controllers/results_controller.rb:5:in 'ResultsController#index'
  [1m[36mPrediction Load (0.1ms)[0m  [1m[34mSELECT "predictions".* FROM "predictions" WHERE "predictions"."player_id" = 1 /*action='index',application='Golbet',controller='results'*/[0m
  ↳ app/controllers/results_controller.rb:7:in 'ResultsController#index'
  [1m[36mMatch Load (0.2ms)[0m  [1m[34mSELECT "matches".* FROM "matches" WHERE "matches"."tournament_id" = 1 AND "matches"."status" = 'finished' ORDER BY "matches"."kickoff_at" DESC /*action='index',application='Golbet',controller='results'*/[0m
  ↳ app/controllers/results_controller.rb:8:in 'Enumerable#map'
  Rendering layout layouts/application.html.erb
  Rendering Views::Results::Index within layouts/application
  Rendered Views::Results::Index within layouts/application (Duration: 2.0ms | GC: 1.5ms)
  Rendered layout layouts/application.html.erb (Duration: 4.2ms | GC: 2.6ms)
Completed 200 OK in 21ms (Views: 4.8ms | ActiveRecord: 0.6ms (4 queries, 0 cached) | GC: 11.4ms)


Started GET "/" for ::1 at 2026-06-02 21:46:25 -0500
Processing by SessionsController#new as HTML
  [1m[36mPlayer Load (0.2ms)[0m  [1m[34mSELECT "players".* FROM "players" WHERE "players"."session_token" IS NULL LIMIT 1 /*action='new',application='Golbet',controller='sessions'*/[0m
  ↳ app/controllers/application_controller.rb:12:in 'ApplicationController#current_player'
  Rendering layout layouts/application.html.erb
  Rendering Views::Sessions::New within layouts/application
  Rendered Views::Sessions::New within layouts/application (Duration: 1.2ms | GC: 0.0ms)
  Rendered layout layouts/application.html.erb (Duration: 1.7ms | GC: 0.0ms)
Completed 200 OK in 32ms (Views: 3.4ms | ActiveRecord: 0.2ms (1 query, 0 cached) | GC: 15.9ms)


Started POST "/session" for ::1 at 2026-06-02 21:46:37 -0500
Processing by SessionsController#create as TURBO_STREAM
  Parameters: {"authenticity_token" => "[FILTERED]", "name" => "Oscar"}
  [1m[36mTRANSACTION (0.1ms)[0m  [1m[35mBEGIN immediate TRANSACTION /*action='create',application='Golbet',controller='sessions'*/[0m
  ↳ app/controllers/sessions_controller.rb:9:in 'SessionsController#create'
  [1m[36mPlayer Exists? (1.3ms)[0m  [1m[34mSELECT 1 AS one FROM "players" WHERE "players"."session_token" = 'fffd8c53ca19fe3b69e252e4b4f0b990' LIMIT 1 /*action='create',application='Golbet',controller='sessions'*/[0m
  ↳ app/controllers/sessions_controller.rb:9:in 'SessionsController#create'
  [1m[36mPlayer Create (1.0ms)[0m  [1m[32mINSERT INTO "players" ("created_at", "name", "session_token", "updated_at") VALUES ('2026-06-03 02:46:37.259069', 'Oscar', 'fffd8c53ca19fe3b69e252e4b4f0b990', '2026-06-03 02:46:37.259069') RETURNING "id" /*action='create',application='Golbet',controller='sessions'*/[0m
  ↳ app/controllers/sessions_controller.rb:9:in 'SessionsController#create'
  [1m[36mTRANSACTION (0.6ms)[0m  [1m[35mCOMMIT TRANSACTION /*action='create',application='Golbet',controller='sessions'*/[0m
  ↳ app/controllers/sessions_controller.rb:9:in 'SessionsController#create'
Redirected to http://localhost:3000/predictions
↳ app/controllers/sessions_controller.rb:11:in 'SessionsController#create'
Completed 302 Found in 12ms (ActiveRecord: 3.0ms (2 queries, 0 cached) | GC: 0.6ms)


Started GET "/predictions" for ::1 at 2026-06-02 21:46:37 -0500
Processing by PredictionsController#index as TURBO_STREAM
  [1m[36mPlayer Load (0.2ms)[0m  [1m[34mSELECT "players".* FROM "players" WHERE "players"."session_token" = 'fffd8c53ca19fe3b69e252e4b4f0b990' LIMIT 1 /*action='index',application='Golbet',controller='predictions'*/[0m
  ↳ app/controllers/application_controller.rb:12:in 'ApplicationController#current_player'
  [1m[36mTournament Load (0.1ms)[0m  [1m[34mSELECT "tournaments".* FROM "tournaments" ORDER BY "tournaments"."id" ASC LIMIT 1 /*action='index',application='Golbet',controller='predictions'*/[0m
  ↳ app/controllers/predictions_controller.rb:5:in 'PredictionsController#index'
  [1m[36mPrediction Load (0.1ms)[0m  [1m[34mSELECT "predictions".* FROM "predictions" WHERE "predictions"."player_id" = 3 /*action='index',application='Golbet',controller='predictions'*/[0m
  ↳ app/controllers/predictions_controller.rb:7:in 'PredictionsController#index'
  Rendering layout layouts/application.html.erb
  Rendering Views::Predictions::Index within layouts/application
  [1m[36mMatch Exists? (0.1ms)[0m  [1m[34mSELECT 1 AS one FROM "matches" WHERE "matches"."tournament_id" = 1 LIMIT 1 /*action='index',application='Golbet',controller='predictions'*/[0m
  ↳ app/views/predictions/index.rb:14:in 'block in Views::Predictions::Index#view_template'
  [1m[36mMatch Load (0.1ms)[0m  [1m[34mSELECT "matches".* FROM "matches" WHERE "matches"."tournament_id" = 1 ORDER BY "matches"."kickoff_at" ASC /*action='index',application='Golbet',controller='predictions'*/[0m
  ↳ app/views/predictions/index.rb:18:in 'block (2 levels) in Views::Predictions::Index#view_template'
  Rendered Views::Predictions::Index within layouts/application (Duration: 4.5ms | GC: 1.1ms)
  Rendered layout layouts/application.html.erb (Duration: 5.1ms | GC: 1.1ms)
Completed 200 OK in 10ms (Views: 5.5ms | ActiveRecord: 0.4ms (5 queries, 0 cached) | GC: 1.1ms)


Started GET "/" for 127.0.0.1 at 2026-06-02 21:46:56 -0500
Processing by SessionsController#new as HTML
  [1m[36mPlayer Load (0.2ms)[0m  [1m[34mSELECT "players".* FROM "players" WHERE "players"."session_token" = 'bfdb713938de545bc755ecb37746a7b0' LIMIT 1 /*action='new',application='Golbet',controller='sessions'*/[0m
  ↳ app/controllers/application_controller.rb:12:in 'ApplicationController#current_player'
Redirected to http://localhost:3000/predictions
↳ app/controllers/sessions_controller.rb:3:in 'SessionsController#new'
Completed 302 Found in 4ms (ActiveRecord: 0.2ms (1 query, 0 cached) | GC: 0.2ms)


Started GET "/predictions" for 127.0.0.1 at 2026-06-02 21:46:56 -0500
Processing by PredictionsController#index as HTML
  [1m[36mPlayer Load (0.2ms)[0m  [1m[34mSELECT "players".* FROM "players" WHERE "players"."session_token" = 'bfdb713938de545bc755ecb37746a7b0' LIMIT 1 /*action='index',application='Golbet',controller='predictions'*/[0m
  ↳ app/controllers/application_controller.rb:12:in 'ApplicationController#current_player'
  [1m[36mTournament Load (0.1ms)[0m  [1m[34mSELECT "tournaments".* FROM "tournaments" ORDER BY "tournaments"."id" ASC LIMIT 1 /*action='index',application='Golbet',controller='predictions'*/[0m
  ↳ app/controllers/predictions_controller.rb:5:in 'PredictionsController#index'
  [1m[36mPrediction Load (0.1ms)[0m  [1m[34mSELECT "predictions".* FROM "predictions" WHERE "predictions"."player_id" = 2 /*action='index',application='Golbet',controller='predictions'*/[0m
  ↳ app/controllers/predictions_controller.rb:7:in 'PredictionsController#index'
  Rendering layout layouts/application.html.erb
  Rendering Views::Predictions::Index within layouts/application
  [1m[36mMatch Exists? (0.1ms)[0m  [1m[34mSELECT 1 AS one FROM "matches" WHERE "matches"."tournament_id" = 1 LIMIT 1 /*action='index',application='Golbet',controller='predictions'*/[0m
  ↳ app/views/predictions/index.rb:14:in 'block in Views::Predictions::Index#view_template'
  [1m[36mMatch Load (0.1ms)[0m  [1m[34mSELECT "matches".* FROM "matches" WHERE "matches"."tournament_id" = 1 ORDER BY "matches"."kickoff_at" ASC /*action='index',application='Golbet',controller='predictions'*/[0m
  ↳ app/views/predictions/index.rb:18:in 'block (2 levels) in Views::Predictions::Index#view_template'
  Rendered Views::Predictions::Index within layouts/application (Duration: 4.2ms | GC: 0.4ms)
  Rendered layout layouts/application.html.erb (Duration: 4.9ms | GC: 0.4ms)
Completed 200 OK in 13ms (Views: 5.2ms | ActiveRecord: 0.5ms (5 queries, 0 cached) | GC: 0.4ms)


Started GET "/predictions" for 127.0.0.1 at 2026-06-02 21:47:02 -0500
Processing by PredictionsController#index as HTML
  [1m[36mPlayer Load (0.2ms)[0m  [1m[34mSELECT "players".* FROM "players" WHERE "players"."session_token" = 'bfdb713938de545bc755ecb37746a7b0' LIMIT 1 /*action='index',application='Golbet',controller='predictions'*/[0m
  ↳ app/controllers/application_controller.rb:12:in 'ApplicationController#current_player'
  [1m[36mTournament Load (0.1ms)[0m  [1m[34mSELECT "tournaments".* FROM "tournaments" ORDER BY "tournaments"."id" ASC LIMIT 1 /*action='index',application='Golbet',controller='predictions'*/[0m
  ↳ app/controllers/predictions_controller.rb:5:in 'PredictionsController#index'
  [1m[36mPrediction Load (0.1ms)[0m  [1m[34mSELECT "predictions".* FROM "predictions" WHERE "predictions"."player_id" = 2 /*action='index',application='Golbet',controller='predictions'*/[0m
  ↳ app/controllers/predictions_controller.rb:7:in 'PredictionsController#index'
  Rendering layout layouts/application.html.erb
  Rendering Views::Predictions::Index within layouts/application
  [1m[36mMatch Exists? (0.1ms)[0m  [1m[34mSELECT 1 AS one FROM "matches" WHERE "matches"."tournament_id" = 1 LIMIT 1 /*action='index',application='Golbet',controller='predictions'*/[0m
  ↳ app/views/predictions/index.rb:14:in 'block in Views::Predictions::Index#view_template'
  [1m[36mMatch Load (0.1ms)[0m  [1m[34mSELECT "matches".* FROM "matches" WHERE "matches"."tournament_id" = 1 ORDER BY "matches"."kickoff_at" ASC /*action='index',application='Golbet',controller='predictions'*/[0m
  ↳ app/views/predictions/index.rb:18:in 'block (2 levels) in Views::Predictions::Index#view_template'
  Rendered Views::Predictions::Index within layouts/application (Duration: 4.2ms | GC: 0.0ms)
  Rendered layout layouts/application.html.erb (Duration: 5.0ms | GC: 0.0ms)
Completed 200 OK in 12ms (Views: 5.3ms | ActiveRecord: 0.5ms (5 queries, 0 cached) | GC: 0.0ms)


Started GET "/" for 127.0.0.1 at 2026-06-02 21:48:32 -0500
  [1m[36mActiveRecord::SchemaMigration Load (0.3ms)[0m  [1m[34mSELECT "schema_migrations"."version" FROM "schema_migrations" ORDER BY "schema_migrations"."version" ASC /*application='Golbet'*/[0m
Processing by SessionsController#new as HTML
  [1m[36mPlayer Load (0.2ms)[0m  [1m[34mSELECT "players".* FROM "players" WHERE "players"."session_token" = 'bfdb713938de545bc755ecb37746a7b0' LIMIT 1 /*action='new',application='Golbet',controller='sessions'*/[0m
  ↳ app/controllers/application_controller.rb:12:in 'ApplicationController#current_player'
Redirected to http://localhost:3000/predictions
↳ app/controllers/sessions_controller.rb:3:in 'SessionsController#new'
Completed 302 Found in 15ms (ActiveRecord: 1.0ms (1 query, 0 cached) | GC: 0.0ms)


Started GET "/predictions" for 127.0.0.1 at 2026-06-02 21:48:32 -0500
Processing by PredictionsController#index as HTML
  [1m[36mPlayer Load (0.1ms)[0m  [1m[34mSELECT "players".* FROM "players" WHERE "players"."session_token" = 'bfdb713938de545bc755ecb37746a7b0' LIMIT 1 /*action='index',application='Golbet',controller='predictions'*/[0m
  ↳ app/controllers/application_controller.rb:12:in 'ApplicationController#current_player'
  [1m[36mTournament Load (0.0ms)[0m  [1m[34mSELECT "tournaments".* FROM "tournaments" ORDER BY "tournaments"."id" ASC LIMIT 1 /*action='index',application='Golbet',controller='predictions'*/[0m
  ↳ app/controllers/predictions_controller.rb:5:in 'PredictionsController#index'
  [1m[36mPrediction Load (0.0ms)[0m  [1m[34mSELECT "predictions".* FROM "predictions" WHERE "predictions"."player_id" = 2 /*action='index',application='Golbet',controller='predictions'*/[0m
  ↳ app/controllers/predictions_controller.rb:7:in 'PredictionsController#index'
  Rendering layout layouts/application.html.erb
  Rendering Views::Predictions::Index within layouts/application
  [1m[36mMatch Exists? (0.1ms)[0m  [1m[34mSELECT 1 AS one FROM "matches" WHERE "matches"."tournament_id" = 1 LIMIT 1 /*action='index',application='Golbet',controller='predictions'*/[0m
  ↳ app/views/predictions/index.rb:14:in 'block in Views::Predictions::Index#view_template'
  [1m[36mMatch Load (0.0ms)[0m  [1m[34mSELECT "matches".* FROM "matches" WHERE "matches"."tournament_id" = 1 ORDER BY "matches"."kickoff_at" ASC /*action='index',application='Golbet',controller='predictions'*/[0m
  ↳ app/views/predictions/index.rb:18:in 'block (2 levels) in Views::Predictions::Index#view_template'
  Rendered Views::Predictions::Index within layouts/application (Duration: 6.0ms | GC: 0.0ms)
  Rendered layout layouts/application.html.erb (Duration: 22.4ms | GC: 10.1ms)
Completed 200 OK in 42ms (Views: 27.1ms | ActiveRecord: 0.6ms (5 queries, 0 cached) | GC: 10.1ms)


Started GET "/predictions" for 127.0.0.1 at 2026-06-02 21:48:34 -0500
Processing by PredictionsController#index as HTML
  [1m[36mPlayer Load (0.2ms)[0m  [1m[34mSELECT "players".* FROM "players" WHERE "players"."session_token" = 'bfdb713938de545bc755ecb37746a7b0' LIMIT 1 /*action='index',application='Golbet',controller='predictions'*/[0m
  ↳ app/controllers/application_controller.rb:12:in 'ApplicationController#current_player'
  [1m[36mTournament Load (0.1ms)[0m  [1m[34mSELECT "tournaments".* FROM "tournaments" ORDER BY "tournaments"."id" ASC LIMIT 1 /*action='index',application='Golbet',controller='predictions'*/[0m
  ↳ app/controllers/predictions_controller.rb:5:in 'PredictionsController#index'
  [1m[36mPrediction Load (0.1ms)[0m  [1m[34mSELECT "predictions".* FROM "predictions" WHERE "predictions"."player_id" = 2 /*action='index',application='Golbet',controller='predictions'*/[0m
  ↳ app/controllers/predictions_controller.rb:7:in 'PredictionsController#index'
  Rendering layout layouts/application.html.erb
  Rendering Views::Predictions::Index within layouts/application
  [1m[36mMatch Exists? (0.1ms)[0m  [1m[34mSELECT 1 AS one FROM "matches" WHERE "matches"."tournament_id" = 1 LIMIT 1 /*action='index',application='Golbet',controller='predictions'*/[0m
  ↳ app/views/predictions/index.rb:14:in 'block in Views::Predictions::Index#view_template'
  [1m[36mMatch Load (0.2ms)[0m  [1m[34mSELECT "matches".* FROM "matches" WHERE "matches"."tournament_id" = 1 ORDER BY "matches"."kickoff_at" ASC /*action='index',application='Golbet',controller='predictions'*/[0m
  ↳ app/views/predictions/index.rb:18:in 'block (2 levels) in Views::Predictions::Index#view_template'
  Rendered Views::Predictions::Index within layouts/application (Duration: 5.5ms | GC: 0.9ms)
  Rendered layout layouts/application.html.erb (Duration: 6.2ms | GC: 0.9ms)
Completed 200 OK in 14ms (Views: 6.6ms | ActiveRecord: 0.7ms (5 queries, 0 cached) | GC: 1.7ms)


Started GET "/predictions" for 127.0.0.1 at 2026-06-02 21:48:35 -0500
Processing by PredictionsController#index as HTML
  [1m[36mPlayer Load (0.2ms)[0m  [1m[34mSELECT "players".* FROM "players" WHERE "players"."session_token" = 'bfdb713938de545bc755ecb37746a7b0' LIMIT 1 /*action='index',application='Golbet',controller='predictions'*/[0m
  ↳ app/controllers/application_controller.rb:12:in 'ApplicationController#current_player'
  [1m[36mTournament Load (0.1ms)[0m  [1m[34mSELECT "tournaments".* FROM "tournaments" ORDER BY "tournaments"."id" ASC LIMIT 1 /*action='index',application='Golbet',controller='predictions'*/[0m
  ↳ app/controllers/predictions_controller.rb:5:in 'PredictionsController#index'
  [1m[36mPrediction Load (0.1ms)[0m  [1m[34mSELECT "predictions".* FROM "predictions" WHERE "predictions"."player_id" = 2 /*action='index',application='Golbet',controller='predictions'*/[0m
  ↳ app/controllers/predictions_controller.rb:7:in 'PredictionsController#index'
  Rendering layout layouts/application.html.erb
  Rendering Views::Predictions::Index within layouts/application
  [1m[36mMatch Exists? (0.1ms)[0m  [1m[34mSELECT 1 AS one FROM "matches" WHERE "matches"."tournament_id" = 1 LIMIT 1 /*action='index',application='Golbet',controller='predictions'*/[0m
  ↳ app/views/predictions/index.rb:14:in 'block in Views::Predictions::Index#view_template'
  [1m[36mMatch Load (0.1ms)[0m  [1m[34mSELECT "matches".* FROM "matches" WHERE "matches"."tournament_id" = 1 ORDER BY "matches"."kickoff_at" ASC /*action='index',application='Golbet',controller='predictions'*/[0m
  ↳ app/views/predictions/index.rb:18:in 'block (2 levels) in Views::Predictions::Index#view_template'
  Rendered Views::Predictions::Index within layouts/application (Duration: 4.8ms | GC: 0.7ms)
  Rendered layout layouts/application.html.erb (Duration: 5.6ms | GC: 0.7ms)
Completed 200 OK in 11ms (Views: 5.9ms | ActiveRecord: 0.5ms (5 queries, 0 cached) | GC: 0.8ms)


Started GET "/predictions" for 127.0.0.1 at 2026-06-02 21:48:35 -0500
Processing by PredictionsController#index as HTML
  [1m[36mPlayer Load (0.2ms)[0m  [1m[34mSELECT "players".* FROM "players" WHERE "players"."session_token" = 'bfdb713938de545bc755ecb37746a7b0' LIMIT 1 /*action='index',application='Golbet',controller='predictions'*/[0m
  ↳ app/controllers/application_controller.rb:12:in 'ApplicationController#current_player'
  [1m[36mTournament Load (0.1ms)[0m  [1m[34mSELECT "tournaments".* FROM "tournaments" ORDER BY "tournaments"."id" ASC LIMIT 1 /*action='index',application='Golbet',controller='predictions'*/[0m
  ↳ app/controllers/predictions_controller.rb:5:in 'PredictionsController#index'
  [1m[36mPrediction Load (0.1ms)[0m  [1m[34mSELECT "predictions".* FROM "predictions" WHERE "predictions"."player_id" = 2 /*action='index',application='Golbet',controller='predictions'*/[0m
  ↳ app/controllers/predictions_controller.rb:7:in 'PredictionsController#index'
  Rendering layout layouts/application.html.erb
  Rendering Views::Predictions::Index within layouts/application
  [1m[36mMatch Exists? (0.1ms)[0m  [1m[34mSELECT 1 AS one FROM "matches" WHERE "matches"."tournament_id" = 1 LIMIT 1 /*action='index',application='Golbet',controller='predictions'*/[0m
  ↳ app/views/predictions/index.rb:14:in 'block in Views::Predictions::Index#view_template'
  [1m[36mMatch Load (0.1ms)[0m  [1m[34mSELECT "matches".* FROM "matches" WHERE "matches"."tournament_id" = 1 ORDER BY "matches"."kickoff_at" ASC /*action='index',application='Golbet',controller='predictions'*/[0m
  ↳ app/views/predictions/index.rb:18:in 'block (2 levels) in Views::Predictions::Index#view_template'
  Rendered Views::Predictions::Index within layouts/application (Duration: 5.2ms | GC: 0.5ms)
  Rendered layout layouts/application.html.erb (Duration: 7.2ms | GC: 1.8ms)
Completed 200 OK in 15ms (Views: 7.5ms | ActiveRecord: 0.5ms (5 queries, 0 cached) | GC: 2.0ms)


Started GET "/predictions" for 127.0.0.1 at 2026-06-02 21:48:35 -0500
Processing by PredictionsController#index as HTML
  [1m[36mPlayer Load (0.2ms)[0m  [1m[34mSELECT "players".* FROM "players" WHERE "players"."session_token" = 'bfdb713938de545bc755ecb37746a7b0' LIMIT 1 /*action='index',application='Golbet',controller='predictions'*/[0m
  ↳ app/controllers/application_controller.rb:12:in 'ApplicationController#current_player'
  [1m[36mTournament Load (0.2ms)[0m  [1m[34mSELECT "tournaments".* FROM "tournaments" ORDER BY "tournaments"."id" ASC LIMIT 1 /*action='index',application='Golbet',controller='predictions'*/[0m
  ↳ app/controllers/predictions_controller.rb:5:in 'PredictionsController#index'
  [1m[36mPrediction Load (0.2ms)[0m  [1m[34mSELECT "predictions".* FROM "predictions" WHERE "predictions"."player_id" = 2 /*action='index',application='Golbet',controller='predictions'*/[0m
  ↳ app/controllers/predictions_controller.rb:7:in 'PredictionsController#index'
  Rendering layout layouts/application.html.erb
  Rendering Views::Predictions::Index within layouts/application
  [1m[36mMatch Exists? (0.1ms)[0m  [1m[34mSELECT 1 AS one FROM "matches" WHERE "matches"."tournament_id" = 1 LIMIT 1 /*action='index',application='Golbet',controller='predictions'*/[0m
  ↳ app/views/predictions/index.rb:14:in 'block in Views::Predictions::Index#view_template'
  [1m[36mMatch Load (0.2ms)[0m  [1m[34mSELECT "matches".* FROM "matches" WHERE "matches"."tournament_id" = 1 ORDER BY "matches"."kickoff_at" ASC /*action='index',application='Golbet',controller='predictions'*/[0m
  ↳ app/views/predictions/index.rb:18:in 'block (2 levels) in Views::Predictions::Index#view_template'
  Rendered Views::Predictions::Index within layouts/application (Duration: 16.5ms | GC: 11.5ms)
  Rendered layout layouts/application.html.erb (Duration: 18.6ms | GC: 12.8ms)
Completed 200 OK in 35ms (Views: 20.2ms | ActiveRecord: 0.9ms (5 queries, 0 cached) | GC: 21.3ms)


Started GET "/predictions" for 127.0.0.1 at 2026-06-02 21:48:35 -0500
Processing by PredictionsController#index as HTML
  [1m[36mPlayer Load (0.2ms)[0m  [1m[34mSELECT "players".* FROM "players" WHERE "players"."session_token" = 'bfdb713938de545bc755ecb37746a7b0' LIMIT 1 /*action='index',application='Golbet',controller='predictions'*/[0m
  ↳ app/controllers/application_controller.rb:12:in 'ApplicationController#current_player'
  [1m[36mTournament Load (0.1ms)[0m  [1m[34mSELECT "tournaments".* FROM "tournaments" ORDER BY "tournaments"."id" ASC LIMIT 1 /*action='index',application='Golbet',controller='predictions'*/[0m
  ↳ app/controllers/predictions_controller.rb:5:in 'PredictionsController#index'
  [1m[36mPrediction Load (0.2ms)[0m  [1m[34mSELECT "predictions".* FROM "predictions" WHERE "predictions"."player_id" = 2 /*action='index',application='Golbet',controller='predictions'*/[0m
  ↳ app/controllers/predictions_controller.rb:7:in 'PredictionsController#index'
  Rendering layout layouts/application.html.erb
  Rendering Views::Predictions::Index within layouts/application
  [1m[36mMatch Exists? (0.2ms)[0m  [1m[34mSELECT 1 AS one FROM "matches" WHERE "matches"."tournament_id" = 1 LIMIT 1 /*action='index',application='Golbet',controller='predictions'*/[0m
  ↳ app/views/predictions/index.rb:14:in 'block in Views::Predictions::Index#view_template'
  [1m[36mMatch Load (0.2ms)[0m  [1m[34mSELECT "matches".* FROM "matches" WHERE "matches"."tournament_id" = 1 ORDER BY "matches"."kickoff_at" ASC /*action='index',application='Golbet',controller='predictions'*/[0m
  ↳ app/views/predictions/index.rb:18:in 'block (2 levels) in Views::Predictions::Index#view_template'
  Rendered Views::Predictions::Index within layouts/application (Duration: 10.7ms | GC: 5.1ms)
  Rendered layout layouts/application.html.erb (Duration: 11.3ms | GC: 5.1ms)
Completed 200 OK in 29ms (Views: 11.6ms | ActiveRecord: 0.8ms (5 queries, 0 cached) | GC: 15.2ms)


Started GET "/predictions" for 127.0.0.1 at 2026-06-02 21:48:36 -0500
Processing by PredictionsController#index as HTML
  [1m[36mPlayer Load (0.3ms)[0m  [1m[34mSELECT "players".* FROM "players" WHERE "players"."session_token" = 'bfdb713938de545bc755ecb37746a7b0' LIMIT 1 /*action='index',application='Golbet',controller='predictions'*/[0m
  ↳ app/controllers/application_controller.rb:12:in 'ApplicationController#current_player'
  [1m[36mTournament Load (0.1ms)[0m  [1m[34mSELECT "tournaments".* FROM "tournaments" ORDER BY "tournaments"."id" ASC LIMIT 1 /*action='index',application='Golbet',controller='predictions'*/[0m
  ↳ app/controllers/predictions_controller.rb:5:in 'PredictionsController#index'
  [1m[36mPrediction Load (0.1ms)[0m  [1m[34mSELECT "predictions".* FROM "predictions" WHERE "predictions"."player_id" = 2 /*action='index',application='Golbet',controller='predictions'*/[0m
  ↳ app/controllers/predictions_controller.rb:7:in 'PredictionsController#index'
  Rendering layout layouts/application.html.erb
  Rendering Views::Predictions::Index within layouts/application
  [1m[36mMatch Exists? (0.1ms)[0m  [1m[34mSELECT 1 AS one FROM "matches" WHERE "matches"."tournament_id" = 1 LIMIT 1 /*action='index',application='Golbet',controller='predictions'*/[0m
  ↳ app/views/predictions/index.rb:14:in 'block in Views::Predictions::Index#view_template'
  [1m[36mMatch Load (0.1ms)[0m  [1m[34mSELECT "matches".* FROM "matches" WHERE "matches"."tournament_id" = 1 ORDER BY "matches"."kickoff_at" ASC /*action='index',application='Golbet',controller='predictions'*/[0m
  ↳ app/views/predictions/index.rb:18:in 'block (2 levels) in Views::Predictions::Index#view_template'
  Rendered Views::Predictions::Index within layouts/application (Duration: 3.6ms | GC: 0.3ms)
  Rendered layout layouts/application.html.erb (Duration: 4.2ms | GC: 0.3ms)
Completed 200 OK in 10ms (Views: 4.4ms | ActiveRecord: 0.6ms (5 queries, 0 cached) | GC: 0.6ms)


Started GET "/predictions" for 127.0.0.1 at 2026-06-02 21:48:36 -0500
Processing by PredictionsController#index as HTML
  [1m[36mPlayer Load (0.1ms)[0m  [1m[34mSELECT "players".* FROM "players" WHERE "players"."session_token" = 'bfdb713938de545bc755ecb37746a7b0' LIMIT 1 /*action='index',application='Golbet',controller='predictions'*/[0m
  ↳ app/controllers/application_controller.rb:12:in 'ApplicationController#current_player'
  [1m[36mTournament Load (0.1ms)[0m  [1m[34mSELECT "tournaments".* FROM "tournaments" ORDER BY "tournaments"."id" ASC LIMIT 1 /*action='index',application='Golbet',controller='predictions'*/[0m
  ↳ app/controllers/predictions_controller.rb:5:in 'PredictionsController#index'
  [1m[36mPrediction Load (0.1ms)[0m  [1m[34mSELECT "predictions".* FROM "predictions" WHERE "predictions"."player_id" = 2 /*action='index',application='Golbet',controller='predictions'*/[0m
  ↳ app/controllers/predictions_controller.rb:7:in 'PredictionsController#index'
  Rendering layout layouts/application.html.erb
  Rendering Views::Predictions::Index within layouts/application
  [1m[36mMatch Exists? (0.1ms)[0m  [1m[34mSELECT 1 AS one FROM "matches" WHERE "matches"."tournament_id" = 1 LIMIT 1 /*action='index',application='Golbet',controller='predictions'*/[0m
  ↳ app/views/predictions/index.rb:14:in 'block in Views::Predictions::Index#view_template'
  [1m[36mMatch Load (0.1ms)[0m  [1m[34mSELECT "matches".* FROM "matches" WHERE "matches"."tournament_id" = 1 ORDER BY "matches"."kickoff_at" ASC /*action='index',application='Golbet',controller='predictions'*/[0m
  ↳ app/views/predictions/index.rb:18:in 'block (2 levels) in Views::Predictions::Index#view_template'
  Rendered Views::Predictions::Index within layouts/application (Duration: 4.2ms | GC: 0.2ms)
  Rendered layout layouts/application.html.erb (Duration: 5.0ms | GC: 0.2ms)
Completed 200 OK in 11ms (Views: 5.2ms | ActiveRecord: 0.5ms (5 queries, 0 cached) | GC: 0.3ms)


Started GET "/standings" for 127.0.0.1 at 2026-06-02 21:48:36 -0500
Processing by StandingsController#index as HTML
  [1m[36mPlayer Load (0.2ms)[0m  [1m[34mSELECT "players".* FROM "players" WHERE "players"."session_token" = 'bfdb713938de545bc755ecb37746a7b0' LIMIT 1 /*action='index',application='Golbet',controller='standings'*/[0m
  ↳ app/controllers/application_controller.rb:12:in 'ApplicationController#current_player'
  [1m[36mTournament Load (0.1ms)[0m  [1m[34mSELECT "tournaments".* FROM "tournaments" ORDER BY "tournaments"."id" ASC LIMIT 1 /*action='index',application='Golbet',controller='standings'*/[0m
  ↳ app/controllers/standings_controller.rb:5:in 'StandingsController#index'
  [1m[36mMatch Load (0.1ms)[0m  [1m[34mSELECT "matches".* FROM "matches" WHERE "matches"."tournament_id" = 1 AND "matches"."status" = 'finished' /*action='index',application='Golbet',controller='standings'*/[0m
  ↳ app/services/scoring_service.rb:24:in 'ScoringService.standings'
  Rendering layout layouts/application.html.erb
  Rendering Views::Standings::Index within layouts/application
  Rendered Views::Standings::Index within layouts/application (Duration: 4.3ms | GC: 0.1ms)
  Rendered layout layouts/application.html.erb (Duration: 5.0ms | GC: 0.1ms)
Completed 200 OK in 16ms (Views: 6.3ms | ActiveRecord: 0.5ms (3 queries, 0 cached) | GC: 0.2ms)


Started GET "/standings" for 127.0.0.1 at 2026-06-02 21:48:37 -0500
Processing by StandingsController#index as HTML
  [1m[36mPlayer Load (0.2ms)[0m  [1m[34mSELECT "players".* FROM "players" WHERE "players"."session_token" = 'bfdb713938de545bc755ecb37746a7b0' LIMIT 1 /*action='index',application='Golbet',controller='standings'*/[0m
  ↳ app/controllers/application_controller.rb:12:in 'ApplicationController#current_player'
  [1m[36mTournament Load (0.1ms)[0m  [1m[34mSELECT "tournaments".* FROM "tournaments" ORDER BY "tournaments"."id" ASC LIMIT 1 /*action='index',application='Golbet',controller='standings'*/[0m
  ↳ app/controllers/standings_controller.rb:5:in 'StandingsController#index'
  [1m[36mMatch Load (0.1ms)[0m  [1m[34mSELECT "matches".* FROM "matches" WHERE "matches"."tournament_id" = 1 AND "matches"."status" = 'finished' /*action='index',application='Golbet',controller='standings'*/[0m
  ↳ app/services/scoring_service.rb:24:in 'ScoringService.standings'
  Rendering layout layouts/application.html.erb
  Rendering Views::Standings::Index within layouts/application
  Rendered Views::Standings::Index within layouts/application (Duration: 0.8ms | GC: 0.0ms)
  Rendered layout layouts/application.html.erb (Duration: 1.8ms | GC: 0.0ms)
Completed 200 OK in 10ms (Views: 2.3ms | ActiveRecord: 0.4ms (3 queries, 0 cached) | GC: 0.5ms)


Started GET "/results" for 127.0.0.1 at 2026-06-02 21:48:38 -0500
Processing by ResultsController#index as HTML
  [1m[36mPlayer Load (0.3ms)[0m  [1m[34mSELECT "players".* FROM "players" WHERE "players"."session_token" = 'bfdb713938de545bc755ecb37746a7b0' LIMIT 1 /*action='index',application='Golbet',controller='results'*/[0m
  ↳ app/controllers/application_controller.rb:12:in 'ApplicationController#current_player'
  [1m[36mTournament Load (0.1ms)[0m  [1m[34mSELECT "tournaments".* FROM "tournaments" ORDER BY "tournaments"."id" ASC LIMIT 1 /*action='index',application='Golbet',controller='results'*/[0m
  ↳ app/controllers/results_controller.rb:5:in 'ResultsController#index'
  [1m[36mPrediction Load (0.1ms)[0m  [1m[34mSELECT "predictions".* FROM "predictions" WHERE "predictions"."player_id" = 2 /*action='index',application='Golbet',controller='results'*/[0m
  ↳ app/controllers/results_controller.rb:7:in 'ResultsController#index'
  [1m[36mMatch Load (0.1ms)[0m  [1m[34mSELECT "matches".* FROM "matches" WHERE "matches"."tournament_id" = 1 AND "matches"."status" = 'finished' ORDER BY "matches"."kickoff_at" DESC /*action='index',application='Golbet',controller='results'*/[0m
  ↳ app/controllers/results_controller.rb:8:in 'Enumerable#map'
  Rendering layout layouts/application.html.erb
  Rendering Views::Results::Index within layouts/application
  Rendered Views::Results::Index within layouts/application (Duration: 1.1ms | GC: 0.0ms)
  Rendered layout layouts/application.html.erb (Duration: 2.4ms | GC: 0.0ms)
Completed 200 OK in 12ms (Views: 3.4ms | ActiveRecord: 0.7ms (4 queries, 0 cached) | GC: 0.0ms)


Started GET "/predictions" for 127.0.0.1 at 2026-06-02 21:48:38 -0500
Processing by PredictionsController#index as HTML
  [1m[36mPlayer Load (0.2ms)[0m  [1m[34mSELECT "players".* FROM "players" WHERE "players"."session_token" = 'bfdb713938de545bc755ecb37746a7b0' LIMIT 1 /*action='index',application='Golbet',controller='predictions'*/[0m
  ↳ app/controllers/application_controller.rb:12:in 'ApplicationController#current_player'
  [1m[36mTournament Load (0.1ms)[0m  [1m[34mSELECT "tournaments".* FROM "tournaments" ORDER BY "tournaments"."id" ASC LIMIT 1 /*action='index',application='Golbet',controller='predictions'*/[0m
  ↳ app/controllers/predictions_controller.rb:5:in 'PredictionsController#index'
  [1m[36mPrediction Load (0.1ms)[0m  [1m[34mSELECT "predictions".* FROM "predictions" WHERE "predictions"."player_id" = 2 /*action='index',application='Golbet',controller='predictions'*/[0m
  ↳ app/controllers/predictions_controller.rb:7:in 'PredictionsController#index'
  Rendering layout layouts/application.html.erb
  Rendering Views::Predictions::Index within layouts/application
  [1m[36mMatch Exists? (0.1ms)[0m  [1m[34mSELECT 1 AS one FROM "matches" WHERE "matches"."tournament_id" = 1 LIMIT 1 /*action='index',application='Golbet',controller='predictions'*/[0m
  ↳ app/views/predictions/index.rb:14:in 'block in Views::Predictions::Index#view_template'
  [1m[36mMatch Load (0.2ms)[0m  [1m[34mSELECT "matches".* FROM "matches" WHERE "matches"."tournament_id" = 1 ORDER BY "matches"."kickoff_at" ASC /*action='index',application='Golbet',controller='predictions'*/[0m
  ↳ app/views/predictions/index.rb:18:in 'block (2 levels) in Views::Predictions::Index#view_template'
  Rendered Views::Predictions::Index within layouts/application (Duration: 5.8ms | GC: 0.0ms)
  Rendered layout layouts/application.html.erb (Duration: 6.9ms | GC: 0.0ms)
Completed 200 OK in 13ms (Views: 7.2ms | ActiveRecord: 0.6ms (5 queries, 0 cached) | GC: 0.0ms)


Started GET "/predictions" for 127.0.0.1 at 2026-06-02 21:52:39 -0500
Processing by PredictionsController#index as HTML
  [1m[36mPlayer Load (0.2ms)[0m  [1m[34mSELECT "players".* FROM "players" WHERE "players"."session_token" = 'bfdb713938de545bc755ecb37746a7b0' LIMIT 1 /*action='index',application='Golbet',controller='predictions'*/[0m
  ↳ app/controllers/application_controller.rb:12:in 'ApplicationController#current_player'
  [1m[36mTournament Load (0.1ms)[0m  [1m[34mSELECT "tournaments".* FROM "tournaments" ORDER BY "tournaments"."id" ASC LIMIT 1 /*action='index',application='Golbet',controller='predictions'*/[0m
  ↳ app/controllers/predictions_controller.rb:5:in 'PredictionsController#index'
  [1m[36mPrediction Load (0.1ms)[0m  [1m[34mSELECT "predictions".* FROM "predictions" WHERE "predictions"."player_id" = 2 /*action='index',application='Golbet',controller='predictions'*/[0m
  ↳ app/controllers/predictions_controller.rb:7:in 'PredictionsController#index'
  Rendering layout layouts/application.html.erb
  Rendering Views::Predictions::Index within layouts/application
  [1m[36mMatch Exists? (0.1ms)[0m  [1m[34mSELECT 1 AS one FROM "matches" WHERE "matches"."tournament_id" = 1 LIMIT 1 /*action='index',application='Golbet',controller='predictions'*/[0m
  ↳ app/views/predictions/index.rb:14:in 'block in Views::Predictions::Index#view_template'
  [1m[36mMatch Load (0.1ms)[0m  [1m[34mSELECT "matches".* FROM "matches" WHERE "matches"."tournament_id" = 1 ORDER BY "matches"."kickoff_at" ASC /*action='index',application='Golbet',controller='predictions'*/[0m
  ↳ app/views/predictions/index.rb:18:in 'block (2 levels) in Views::Predictions::Index#view_template'
  Rendered Views::Predictions::Index within layouts/application (Duration: 4.8ms | GC: 1.1ms)
  Rendered layout layouts/application.html.erb (Duration: 5.4ms | GC: 1.1ms)
Completed 200 OK in 11ms (Views: 5.7ms | ActiveRecord: 0.6ms (5 queries, 0 cached) | GC: 1.1ms)


Started GET "/predictions" for 127.0.0.1 at 2026-06-02 21:52:41 -0500
Processing by PredictionsController#index as HTML
  [1m[36mPlayer Load (0.2ms)[0m  [1m[34mSELECT "players".* FROM "players" WHERE "players"."session_token" = 'bfdb713938de545bc755ecb37746a7b0' LIMIT 1 /*action='index',application='Golbet',controller='predictions'*/[0m
  ↳ app/controllers/application_controller.rb:12:in 'ApplicationController#current_player'
  [1m[36mTournament Load (0.2ms)[0m  [1m[34mSELECT "tournaments".* FROM "tournaments" ORDER BY "tournaments"."id" ASC LIMIT 1 /*action='index',application='Golbet',controller='predictions'*/[0m
  ↳ app/controllers/predictions_controller.rb:5:in 'PredictionsController#index'
  [1m[36mPrediction Load (0.1ms)[0m  [1m[34mSELECT "predictions".* FROM "predictions" WHERE "predictions"."player_id" = 2 /*action='index',application='Golbet',controller='predictions'*/[0m
  ↳ app/controllers/predictions_controller.rb:7:in 'PredictionsController#index'
  Rendering layout layouts/application.html.erb
  Rendering Views::Predictions::Index within layouts/application
  [1m[36mMatch Exists? (0.1ms)[0m  [1m[34mSELECT 1 AS one FROM "matches" WHERE "matches"."tournament_id" = 1 LIMIT 1 /*action='index',application='Golbet',controller='predictions'*/[0m
  ↳ app/views/predictions/index.rb:14:in 'block in Views::Predictions::Index#view_template'
  [1m[36mMatch Load (0.1ms)[0m  [1m[34mSELECT "matches".* FROM "matches" WHERE "matches"."tournament_id" = 1 ORDER BY "matches"."kickoff_at" ASC /*action='index',application='Golbet',controller='predictions'*/[0m
  ↳ app/views/predictions/index.rb:18:in 'block (2 levels) in Views::Predictions::Index#view_template'
  Rendered Views::Predictions::Index within layouts/application (Duration: 4.6ms | GC: 0.3ms)
  Rendered layout layouts/application.html.erb (Duration: 5.3ms | GC: 0.3ms)
Completed 200 OK in 12ms (Views: 5.7ms | ActiveRecord: 0.7ms (5 queries, 0 cached) | GC: 0.3ms)


Started GET "/predictions" for 127.0.0.1 at 2026-06-02 21:52:57 -0500
Processing by PredictionsController#index as HTML
  [1m[36mPlayer Load (0.2ms)[0m  [1m[34mSELECT "players".* FROM "players" WHERE "players"."session_token" = 'bfdb713938de545bc755ecb37746a7b0' LIMIT 1 /*action='index',application='Golbet',controller='predictions'*/[0m
  ↳ app/controllers/application_controller.rb:12:in 'ApplicationController#current_player'
  [1m[36mTournament Load (0.1ms)[0m  [1m[34mSELECT "tournaments".* FROM "tournaments" ORDER BY "tournaments"."id" ASC LIMIT 1 /*action='index',application='Golbet',controller='predictions'*/[0m
  ↳ app/controllers/predictions_controller.rb:5:in 'PredictionsController#index'
  [1m[36mPrediction Load (0.2ms)[0m  [1m[34mSELECT "predictions".* FROM "predictions" WHERE "predictions"."player_id" = 2 /*action='index',application='Golbet',controller='predictions'*/[0m
  ↳ app/controllers/predictions_controller.rb:7:in 'PredictionsController#index'
  Rendering layout layouts/application.html.erb
  Rendering Views::Predictions::Index within layouts/application
  [1m[36mMatch Exists? (0.1ms)[0m  [1m[34mSELECT 1 AS one FROM "matches" WHERE "matches"."tournament_id" = 1 LIMIT 1 /*action='index',application='Golbet',controller='predictions'*/[0m
  ↳ app/views/predictions/index.rb:14:in 'block in Views::Predictions::Index#view_template'
  [1m[36mMatch Load (0.2ms)[0m  [1m[34mSELECT "matches".* FROM "matches" WHERE "matches"."tournament_id" = 1 ORDER BY "matches"."kickoff_at" ASC /*action='index',application='Golbet',controller='predictions'*/[0m
  ↳ app/views/predictions/index.rb:18:in 'block (2 levels) in Views::Predictions::Index#view_template'
  Rendered Views::Predictions::Index within layouts/application (Duration: 3.8ms | GC: 0.3ms)
  Rendered layout layouts/application.html.erb (Duration: 4.5ms | GC: 0.4ms)
Completed 200 OK in 11ms (Views: 4.6ms | ActiveRecord: 0.7ms (5 queries, 0 cached) | GC: 0.4ms)


Started GET "/" for ::1 at 2026-06-02 21:54:29 -0500
  [1m[36mActiveRecord::SchemaMigration Load (0.0ms)[0m  [1m[34mSELECT "schema_migrations"."version" FROM "schema_migrations" ORDER BY "schema_migrations"."version" ASC /*application='Golbet'*/[0m
Processing by SessionsController#new as */*
  [1m[36mPlayer Load (0.0ms)[0m  [1m[34mSELECT "players".* FROM "players" WHERE "players"."session_token" IS NULL LIMIT 1 /*action='new',application='Golbet',controller='sessions'*/[0m
  ↳ app/controllers/application_controller.rb:12:in 'ApplicationController#current_player'
  Rendering layout layouts/application.html.erb
  Rendering Views::Sessions::New within layouts/application
  Rendered Views::Sessions::New within layouts/application (Duration: 1.2ms | GC: 0.0ms)
  Rendered layout layouts/application.html.erb (Duration: 6.5ms | GC: 0.0ms)
Completed 200 OK in 23ms (Views: 10.0ms | ActiveRecord: 0.7ms (1 query, 0 cached) | GC: 0.0ms)


Started GET "/" for ::1 at 2026-06-02 21:54:29 -0500
Processing by SessionsController#new as */*
  [1m[36mPlayer Load (0.1ms)[0m  [1m[34mSELECT "players".* FROM "players" WHERE "players"."session_token" IS NULL LIMIT 1 /*action='new',application='Golbet',controller='sessions'*/[0m
  ↳ app/controllers/application_controller.rb:12:in 'ApplicationController#current_player'
  Rendering layout layouts/application.html.erb
  Rendering Views::Sessions::New within layouts/application
  Rendered Views::Sessions::New within layouts/application (Duration: 0.2ms | GC: 0.0ms)
  Rendered layout layouts/application.html.erb (Duration: 0.4ms | GC: 0.0ms)
Completed 200 OK in 2ms (Views: 0.6ms | ActiveRecord: 0.1ms (1 query, 0 cached) | GC: 0.0ms)


Started GET "/predictions" for 127.0.0.1 at 2026-06-02 21:55:39 -0500
  [1m[36mActiveRecord::SchemaMigration Load (0.0ms)[0m  [1m[34mSELECT "schema_migrations"."version" FROM "schema_migrations" ORDER BY "schema_migrations"."version" ASC /*application='Golbet'*/[0m
Processing by PredictionsController#index as HTML
  [1m[36mPlayer Load (0.0ms)[0m  [1m[34mSELECT "players".* FROM "players" WHERE "players"."session_token" = 'bfdb713938de545bc755ecb37746a7b0' LIMIT 1 /*action='index',application='Golbet',controller='predictions'*/[0m
  ↳ app/controllers/application_controller.rb:12:in 'ApplicationController#current_player'
  [1m[36mTournament Load (0.0ms)[0m  [1m[34mSELECT "tournaments".* FROM "tournaments" ORDER BY "tournaments"."id" ASC LIMIT 1 /*action='index',application='Golbet',controller='predictions'*/[0m
  ↳ app/controllers/predictions_controller.rb:5:in 'PredictionsController#index'
  [1m[36mPrediction Load (0.0ms)[0m  [1m[34mSELECT "predictions".* FROM "predictions" WHERE "predictions"."player_id" = 2 /*action='index',application='Golbet',controller='predictions'*/[0m
  ↳ app/controllers/predictions_controller.rb:7:in 'PredictionsController#index'
  Rendering layout layouts/application.html.erb
  Rendering Views::Predictions::Index within layouts/application
  [1m[36mMatch Exists? (0.0ms)[0m  [1m[34mSELECT 1 AS one FROM "matches" WHERE "matches"."tournament_id" = 1 LIMIT 1 /*action='index',application='Golbet',controller='predictions'*/[0m
  ↳ app/views/predictions/index.rb:14:in 'block in Views::Predictions::Index#view_template'
  [1m[36mMatch Load (0.0ms)[0m  [1m[34mSELECT "matches".* FROM "matches" WHERE "matches"."tournament_id" = 1 ORDER BY "matches"."kickoff_at" ASC /*action='index',application='Golbet',controller='predictions'*/[0m
  ↳ app/views/predictions/index.rb:18:in 'block (2 levels) in Views::Predictions::Index#view_template'
  Rendered Views::Predictions::Index within layouts/application (Duration: 4.6ms | GC: 0.0ms)
  Rendered layout layouts/application.html.erb (Duration: 18.7ms | GC: 8.7ms)
Completed 200 OK in 43ms (Views: 22.0ms | ActiveRecord: 0.8ms (5 queries, 0 cached) | GC: 8.7ms)


Started GET "/predictions" for 127.0.0.1 at 2026-06-02 21:55:41 -0500
Processing by PredictionsController#index as HTML
  [1m[36mPlayer Load (0.2ms)[0m  [1m[34mSELECT "players".* FROM "players" WHERE "players"."session_token" = 'bfdb713938de545bc755ecb37746a7b0' LIMIT 1 /*action='index',application='Golbet',controller='predictions'*/[0m
  ↳ app/controllers/application_controller.rb:12:in 'ApplicationController#current_player'
  [1m[36mTournament Load (0.1ms)[0m  [1m[34mSELECT "tournaments".* FROM "tournaments" ORDER BY "tournaments"."id" ASC LIMIT 1 /*action='index',application='Golbet',controller='predictions'*/[0m
  ↳ app/controllers/predictions_controller.rb:5:in 'PredictionsController#index'
  [1m[36mPrediction Load (0.1ms)[0m  [1m[34mSELECT "predictions".* FROM "predictions" WHERE "predictions"."player_id" = 2 /*action='index',application='Golbet',controller='predictions'*/[0m
  ↳ app/controllers/predictions_controller.rb:7:in 'PredictionsController#index'
  Rendering layout layouts/application.html.erb
  Rendering Views::Predictions::Index within layouts/application
  [1m[36mMatch Exists? (0.1ms)[0m  [1m[34mSELECT 1 AS one FROM "matches" WHERE "matches"."tournament_id" = 1 LIMIT 1 /*action='index',application='Golbet',controller='predictions'*/[0m
  ↳ app/views/predictions/index.rb:14:in 'block in Views::Predictions::Index#view_template'
  [1m[36mMatch Load (0.1ms)[0m  [1m[34mSELECT "matches".* FROM "matches" WHERE "matches"."tournament_id" = 1 ORDER BY "matches"."kickoff_at" ASC /*action='index',application='Golbet',controller='predictions'*/[0m
  ↳ app/views/predictions/index.rb:18:in 'block (2 levels) in Views::Predictions::Index#view_template'
  Rendered Views::Predictions::Index within layouts/application (Duration: 5.4ms | GC: 1.4ms)
  Rendered layout layouts/application.html.erb (Duration: 6.3ms | GC: 1.4ms)
Completed 200 OK in 14ms (Views: 6.8ms | ActiveRecord: 0.6ms (5 queries, 0 cached) | GC: 1.4ms)


Started GET "/predictions" for 127.0.0.1 at 2026-06-02 21:55:42 -0500
Processing by PredictionsController#index as HTML
  [1m[36mPlayer Load (0.1ms)[0m  [1m[34mSELECT "players".* FROM "players" WHERE "players"."session_token" = 'bfdb713938de545bc755ecb37746a7b0' LIMIT 1 /*action='index',application='Golbet',controller='predictions'*/[0m
  ↳ app/controllers/application_controller.rb:12:in 'ApplicationController#current_player'
  [1m[36mTournament Load (0.1ms)[0m  [1m[34mSELECT "tournaments".* FROM "tournaments" ORDER BY "tournaments"."id" ASC LIMIT 1 /*action='index',application='Golbet',controller='predictions'*/[0m
  ↳ app/controllers/predictions_controller.rb:5:in 'PredictionsController#index'
  [1m[36mPrediction Load (0.1ms)[0m  [1m[34mSELECT "predictions".* FROM "predictions" WHERE "predictions"."player_id" = 2 /*action='index',application='Golbet',controller='predictions'*/[0m
  ↳ app/controllers/predictions_controller.rb:7:in 'PredictionsController#index'
  Rendering layout layouts/application.html.erb
  Rendering Views::Predictions::Index within layouts/application
  [1m[36mMatch Exists? (0.0ms)[0m  [1m[34mSELECT 1 AS one FROM "matches" WHERE "matches"."tournament_id" = 1 LIMIT 1 /*action='index',application='Golbet',controller='predictions'*/[0m
  ↳ app/views/predictions/index.rb:14:in 'block in Views::Predictions::Index#view_template'
  [1m[36mMatch Load (0.0ms)[0m  [1m[34mSELECT "matches".* FROM "matches" WHERE "matches"."tournament_id" = 1 ORDER BY "matches"."kickoff_at" ASC /*action='index',application='Golbet',controller='predictions'*/[0m
  ↳ app/views/predictions/index.rb:18:in 'block (2 levels) in Views::Predictions::Index#view_template'
  Rendered Views::Predictions::Index within layouts/application (Duration: 2.1ms | GC: 0.3ms)
  Rendered layout layouts/application.html.erb (Duration: 2.4ms | GC: 0.3ms)
Completed 200 OK in 6ms (Views: 2.6ms | ActiveRecord: 0.4ms (5 queries, 0 cached) | GC: 0.5ms)


Started GET "/predictions" for 127.0.0.1 at 2026-06-02 21:55:43 -0500
Processing by PredictionsController#index as HTML
  [1m[36mPlayer Load (0.3ms)[0m  [1m[34mSELECT "players".* FROM "players" WHERE "players"."session_token" = 'bfdb713938de545bc755ecb37746a7b0' LIMIT 1 /*action='index',application='Golbet',controller='predictions'*/[0m
  ↳ app/controllers/application_controller.rb:12:in 'ApplicationController#current_player'
  [1m[36mTournament Load (0.2ms)[0m  [1m[34mSELECT "tournaments".* FROM "tournaments" ORDER BY "tournaments"."id" ASC LIMIT 1 /*action='index',application='Golbet',controller='predictions'*/[0m
  ↳ app/controllers/predictions_controller.rb:5:in 'PredictionsController#index'
  [1m[36mPrediction Load (0.2ms)[0m  [1m[34mSELECT "predictions".* FROM "predictions" WHERE "predictions"."player_id" = 2 /*action='index',application='Golbet',controller='predictions'*/[0m
  ↳ app/controllers/predictions_controller.rb:7:in 'PredictionsController#index'
  Rendering layout layouts/application.html.erb
  Rendering Views::Predictions::Index within layouts/application
  [1m[36mMatch Exists? (0.1ms)[0m  [1m[34mSELECT 1 AS one FROM "matches" WHERE "matches"."tournament_id" = 1 LIMIT 1 /*action='index',application='Golbet',controller='predictions'*/[0m
  ↳ app/views/predictions/index.rb:14:in 'block in Views::Predictions::Index#view_template'
  [1m[36mMatch Load (0.8ms)[0m  [1m[34mSELECT "matches".* FROM "matches" WHERE "matches"."tournament_id" = 1 ORDER BY "matches"."kickoff_at" ASC /*action='index',application='Golbet',controller='predictions'*/[0m
  ↳ app/views/predictions/index.rb:18:in 'block (2 levels) in Views::Predictions::Index#view_template'
  Rendered Views::Predictions::Index within layouts/application (Duration: 14.1ms | GC: 9.6ms)
  Rendered layout layouts/application.html.erb (Duration: 16.0ms | GC: 10.8ms)
Completed 200 OK in 34ms (Views: 16.8ms | ActiveRecord: 1.6ms (5 queries, 0 cached) | GC: 18.1ms)


Started GET "/predictions" for 127.0.0.1 at 2026-06-02 21:55:44 -0500
Processing by PredictionsController#index as HTML
  [1m[36mPlayer Load (0.2ms)[0m  [1m[34mSELECT "players".* FROM "players" WHERE "players"."session_token" = 'bfdb713938de545bc755ecb37746a7b0' LIMIT 1 /*action='index',application='Golbet',controller='predictions'*/[0m
  ↳ app/controllers/application_controller.rb:12:in 'ApplicationController#current_player'
  [1m[36mTournament Load (0.1ms)[0m  [1m[34mSELECT "tournaments".* FROM "tournaments" ORDER BY "tournaments"."id" ASC LIMIT 1 /*action='index',application='Golbet',controller='predictions'*/[0m
  ↳ app/controllers/predictions_controller.rb:5:in 'PredictionsController#index'
  [1m[36mPrediction Load (0.0ms)[0m  [1m[34mSELECT "predictions".* FROM "predictions" WHERE "predictions"."player_id" = 2 /*action='index',application='Golbet',controller='predictions'*/[0m
  ↳ app/controllers/predictions_controller.rb:7:in 'PredictionsController#index'
  Rendering layout layouts/application.html.erb
  Rendering Views::Predictions::Index within layouts/application
  [1m[36mMatch Exists? (0.1ms)[0m  [1m[34mSELECT 1 AS one FROM "matches" WHERE "matches"."tournament_id" = 1 LIMIT 1 /*action='index',application='Golbet',controller='predictions'*/[0m
  ↳ app/views/predictions/index.rb:14:in 'block in Views::Predictions::Index#view_template'
  [1m[36mMatch Load (0.1ms)[0m  [1m[34mSELECT "matches".* FROM "matches" WHERE "matches"."tournament_id" = 1 ORDER BY "matches"."kickoff_at" ASC /*action='index',application='Golbet',controller='predictions'*/[0m
  ↳ app/views/predictions/index.rb:18:in 'block (2 levels) in Views::Predictions::Index#view_template'
  Rendered Views::Predictions::Index within layouts/application (Duration: 5.6ms | GC: 1.4ms)
  Rendered layout layouts/application.html.erb (Duration: 6.3ms | GC: 1.4ms)
Completed 200 OK in 16ms (Views: 6.7ms | ActiveRecord: 0.5ms (5 queries, 0 cached) | GC: 5.2ms)


Started GET "/predictions" for 127.0.0.1 at 2026-06-02 21:55:45 -0500
Processing by PredictionsController#index as HTML
  [1m[36mPlayer Load (0.2ms)[0m  [1m[34mSELECT "players".* FROM "players" WHERE "players"."session_token" = 'bfdb713938de545bc755ecb37746a7b0' LIMIT 1 /*action='index',application='Golbet',controller='predictions'*/[0m
  ↳ app/controllers/application_controller.rb:12:in 'ApplicationController#current_player'
  [1m[36mTournament Load (0.1ms)[0m  [1m[34mSELECT "tournaments".* FROM "tournaments" ORDER BY "tournaments"."id" ASC LIMIT 1 /*action='index',application='Golbet',controller='predictions'*/[0m
  ↳ app/controllers/predictions_controller.rb:5:in 'PredictionsController#index'
  [1m[36mPrediction Load (0.1ms)[0m  [1m[34mSELECT "predictions".* FROM "predictions" WHERE "predictions"."player_id" = 2 /*action='index',application='Golbet',controller='predictions'*/[0m
  ↳ app/controllers/predictions_controller.rb:7:in 'PredictionsController#index'
  Rendering layout layouts/application.html.erb
  Rendering Views::Predictions::Index within layouts/application
  [1m[36mMatch Exists? (0.1ms)[0m  [1m[34mSELECT 1 AS one FROM "matches" WHERE "matches"."tournament_id" = 1 LIMIT 1 /*action='index',application='Golbet',controller='predictions'*/[0m
  ↳ app/views/predictions/index.rb:14:in 'block in Views::Predictions::Index#view_template'
  [1m[36mMatch Load (0.3ms)[0m  [1m[34mSELECT "matches".* FROM "matches" WHERE "matches"."tournament_id" = 1 ORDER BY "matches"."kickoff_at" ASC /*action='index',application='Golbet',controller='predictions'*/[0m
  ↳ app/views/predictions/index.rb:18:in 'block (2 levels) in Views::Predictions::Index#view_template'
  Rendered Views::Predictions::Index within layouts/application (Duration: 6.2ms | GC: 0.3ms)
  Rendered layout layouts/application.html.erb (Duration: 6.9ms | GC: 0.3ms)
Completed 200 OK in 13ms (Views: 7.2ms | ActiveRecord: 0.7ms (5 queries, 0 cached) | GC: 0.3ms)


Started GET "/predictions" for 127.0.0.1 at 2026-06-02 21:55:45 -0500
Processing by PredictionsController#index as HTML
  [1m[36mPlayer Load (0.3ms)[0m  [1m[34mSELECT "players".* FROM "players" WHERE "players"."session_token" = 'bfdb713938de545bc755ecb37746a7b0' LIMIT 1 /*action='index',application='Golbet',controller='predictions'*/[0m
  ↳ app/controllers/application_controller.rb:12:in 'ApplicationController#current_player'
  [1m[36mTournament Load (0.1ms)[0m  [1m[34mSELECT "tournaments".* FROM "tournaments" ORDER BY "tournaments"."id" ASC LIMIT 1 /*action='index',application='Golbet',controller='predictions'*/[0m
  ↳ app/controllers/predictions_controller.rb:5:in 'PredictionsController#index'
  [1m[36mPrediction Load (0.1ms)[0m  [1m[34mSELECT "predictions".* FROM "predictions" WHERE "predictions"."player_id" = 2 /*action='index',application='Golbet',controller='predictions'*/[0m
  ↳ app/controllers/predictions_controller.rb:7:in 'PredictionsController#index'
  Rendering layout layouts/application.html.erb
  Rendering Views::Predictions::Index within layouts/application
  [1m[36mMatch Exists? (0.1ms)[0m  [1m[34mSELECT 1 AS one FROM "matches" WHERE "matches"."tournament_id" = 1 LIMIT 1 /*action='index',application='Golbet',controller='predictions'*/[0m
  ↳ app/views/predictions/index.rb:14:in 'block in Views::Predictions::Index#view_template'
  [1m[36mMatch Load (0.1ms)[0m  [1m[34mSELECT "matches".* FROM "matches" WHERE "matches"."tournament_id" = 1 ORDER BY "matches"."kickoff_at" ASC /*action='index',application='Golbet',controller='predictions'*/[0m
  ↳ app/views/predictions/index.rb:18:in 'block (2 levels) in Views::Predictions::Index#view_template'
  Rendered Views::Predictions::Index within layouts/application (Duration: 4.9ms | GC: 0.6ms)
  Rendered layout layouts/application.html.erb (Duration: 5.8ms | GC: 0.6ms)
Completed 200 OK in 12ms (Views: 6.1ms | ActiveRecord: 0.6ms (5 queries, 0 cached) | GC: 0.6ms)


Started GET "/predictions" for 127.0.0.1 at 2026-06-02 21:58:09 -0500
Processing by PredictionsController#index as HTML
  [1m[36mPlayer Load (0.2ms)[0m  [1m[34mSELECT "players".* FROM "players" WHERE "players"."session_token" = 'bfdb713938de545bc755ecb37746a7b0' LIMIT 1 /*action='index',application='Golbet',controller='predictions'*/[0m
  ↳ app/controllers/application_controller.rb:12:in 'ApplicationController#current_player'
  [1m[36mTournament Load (0.1ms)[0m  [1m[34mSELECT "tournaments".* FROM "tournaments" ORDER BY "tournaments"."id" ASC LIMIT 1 /*action='index',application='Golbet',controller='predictions'*/[0m
  ↳ app/controllers/predictions_controller.rb:5:in 'PredictionsController#index'
  [1m[36mPrediction Load (0.1ms)[0m  [1m[34mSELECT "predictions".* FROM "predictions" WHERE "predictions"."player_id" = 2 /*action='index',application='Golbet',controller='predictions'*/[0m
  ↳ app/controllers/predictions_controller.rb:7:in 'PredictionsController#index'
  Rendering layout layouts/application.html.erb
  Rendering Views::Predictions::Index within layouts/application
  [1m[36mMatch Exists? (0.1ms)[0m  [1m[34mSELECT 1 AS one FROM "matches" WHERE "matches"."tournament_id" = 1 LIMIT 1 /*action='index',application='Golbet',controller='predictions'*/[0m
  ↳ app/views/predictions/index.rb:14:in 'block in Views::Predictions::Index#view_template'
  [1m[36mMatch Load (0.1ms)[0m  [1m[34mSELECT "matches".* FROM "matches" WHERE "matches"."tournament_id" = 1 ORDER BY "matches"."kickoff_at" ASC /*action='index',application='Golbet',controller='predictions'*/[0m
  ↳ app/views/predictions/index.rb:18:in 'block (2 levels) in Views::Predictions::Index#view_template'
  Rendered Views::Predictions::Index within layouts/application (Duration: 3.5ms | GC: 0.0ms)
  Rendered layout layouts/application.html.erb (Duration: 4.2ms | GC: 0.0ms)
Completed 200 OK in 11ms (Views: 4.4ms | ActiveRecord: 0.6ms (5 queries, 0 cached) | GC: 0.0ms)


Started GET "/predictions" for 127.0.0.1 at 2026-06-02 21:58:19 -0500
Processing by PredictionsController#index as HTML
  [1m[36mPlayer Load (0.1ms)[0m  [1m[34mSELECT "players".* FROM "players" WHERE "players"."session_token" = 'bfdb713938de545bc755ecb37746a7b0' LIMIT 1 /*action='index',application='Golbet',controller='predictions'*/[0m
  ↳ app/controllers/application_controller.rb:12:in 'ApplicationController#current_player'
  [1m[36mTournament Load (0.1ms)[0m  [1m[34mSELECT "tournaments".* FROM "tournaments" ORDER BY "tournaments"."id" ASC LIMIT 1 /*action='index',application='Golbet',controller='predictions'*/[0m
  ↳ app/controllers/predictions_controller.rb:5:in 'PredictionsController#index'
  [1m[36mPrediction Load (0.1ms)[0m  [1m[34mSELECT "predictions".* FROM "predictions" WHERE "predictions"."player_id" = 2 /*action='index',application='Golbet',controller='predictions'*/[0m
  ↳ app/controllers/predictions_controller.rb:7:in 'PredictionsController#index'
  Rendering layout layouts/application.html.erb
  Rendering Views::Predictions::Index within layouts/application
  [1m[36mMatch Exists? (0.0ms)[0m  [1m[34mSELECT 1 AS one FROM "matches" WHERE "matches"."tournament_id" = 1 LIMIT 1 /*action='index',application='Golbet',controller='predictions'*/[0m
  ↳ app/views/predictions/index.rb:14:in 'block in Views::Predictions::Index#view_template'
  [1m[36mMatch Load (0.1ms)[0m  [1m[34mSELECT "matches".* FROM "matches" WHERE "matches"."tournament_id" = 1 ORDER BY "matches"."kickoff_at" ASC /*action='index',application='Golbet',controller='predictions'*/[0m
  ↳ app/views/predictions/index.rb:18:in 'block (2 levels) in Views::Predictions::Index#view_template'
  Rendered Views::Predictions::Index within layouts/application (Duration: 4.0ms | GC: 1.0ms)
  Rendered layout layouts/application.html.erb (Duration: 4.6ms | GC: 1.0ms)
Completed 200 OK in 10ms (Views: 4.9ms | ActiveRecord: 0.5ms (5 queries, 0 cached) | GC: 1.0ms)


Started GET "/predictions" for 127.0.0.1 at 2026-06-02 21:58:20 -0500
Processing by PredictionsController#index as HTML
  [1m[36mPlayer Load (0.1ms)[0m  [1m[34mSELECT "players".* FROM "players" WHERE "players"."session_token" = 'bfdb713938de545bc755ecb37746a7b0' LIMIT 1 /*action='index',application='Golbet',controller='predictions'*/[0m
  ↳ app/controllers/application_controller.rb:12:in 'ApplicationController#current_player'
  [1m[36mTournament Load (0.0ms)[0m  [1m[34mSELECT "tournaments".* FROM "tournaments" ORDER BY "tournaments"."id" ASC LIMIT 1 /*action='index',application='Golbet',controller='predictions'*/[0m
  ↳ app/controllers/predictions_controller.rb:5:in 'PredictionsController#index'
  [1m[36mPrediction Load (0.1ms)[0m  [1m[34mSELECT "predictions".* FROM "predictions" WHERE "predictions"."player_id" = 2 /*action='index',application='Golbet',controller='predictions'*/[0m
  ↳ app/controllers/predictions_controller.rb:7:in 'PredictionsController#index'
  Rendering layout layouts/application.html.erb
  Rendering Views::Predictions::Index within layouts/application
  [1m[36mMatch Exists? (0.1ms)[0m  [1m[34mSELECT 1 AS one FROM "matches" WHERE "matches"."tournament_id" = 1 LIMIT 1 /*action='index',application='Golbet',controller='predictions'*/[0m
  ↳ app/views/predictions/index.rb:14:in 'block in Views::Predictions::Index#view_template'
  [1m[36mMatch Load (0.2ms)[0m  [1m[34mSELECT "matches".* FROM "matches" WHERE "matches"."tournament_id" = 1 ORDER BY "matches"."kickoff_at" ASC /*action='index',application='Golbet',controller='predictions'*/[0m
  ↳ app/views/predictions/index.rb:18:in 'block (2 levels) in Views::Predictions::Index#view_template'
  Rendered Views::Predictions::Index within layouts/application (Duration: 5.7ms | GC: 0.3ms)
  Rendered layout layouts/application.html.erb (Duration: 6.4ms | GC: 0.3ms)
Completed 200 OK in 12ms (Views: 6.6ms | ActiveRecord: 0.6ms (5 queries, 0 cached) | GC: 0.3ms)


Started GET "/" for ::1 at 2026-06-02 21:59:29 -0500
  [1m[36mActiveRecord::SchemaMigration Load (0.1ms)[0m  [1m[34mSELECT "schema_migrations"."version" FROM "schema_migrations" ORDER BY "schema_migrations"."version" ASC /*application='Golbet'*/[0m
Processing by SessionsController#new as */*
  [1m[36mPlayer Load (0.0ms)[0m  [1m[34mSELECT "players".* FROM "players" WHERE "players"."session_token" IS NULL LIMIT 1 /*action='new',application='Golbet',controller='sessions'*/[0m
  ↳ app/controllers/application_controller.rb:12:in 'ApplicationController#current_player'
  Rendering layout layouts/application.html.erb
  Rendering Views::Sessions::New within layouts/application
  Rendered Views::Sessions::New within layouts/application (Duration: 1.0ms | GC: 0.0ms)
  Rendered layout layouts/application.html.erb (Duration: 4.3ms | GC: 0.0ms)
Completed 200 OK in 16ms (Views: 6.4ms | ActiveRecord: 0.7ms (1 query, 0 cached) | GC: 0.0ms)


Started GET "/" for ::1 at 2026-06-02 21:59:29 -0500
Processing by SessionsController#new as */*
  [1m[36mPlayer Load (0.1ms)[0m  [1m[34mSELECT "players".* FROM "players" WHERE "players"."session_token" IS NULL LIMIT 1 /*action='new',application='Golbet',controller='sessions'*/[0m
  ↳ app/controllers/application_controller.rb:12:in 'ApplicationController#current_player'
  Rendering layout layouts/application.html.erb
  Rendering Views::Sessions::New within layouts/application
  Rendered Views::Sessions::New within layouts/application (Duration: 0.2ms | GC: 0.0ms)
  Rendered layout layouts/application.html.erb (Duration: 0.4ms | GC: 0.0ms)
Completed 200 OK in 1ms (Views: 0.5ms | ActiveRecord: 0.1ms (1 query, 0 cached) | GC: 0.0ms)


Started GET "/predictions" for 127.0.0.1 at 2026-06-02 22:00:13 -0500
  [1m[36mActiveRecord::SchemaMigration Load (0.1ms)[0m  [1m[34mSELECT "schema_migrations"."version" FROM "schema_migrations" ORDER BY "schema_migrations"."version" ASC /*application='Golbet'*/[0m
Processing by PredictionsController#index as HTML
  [1m[36mPlayer Load (0.1ms)[0m  [1m[34mSELECT "players".* FROM "players" WHERE "players"."session_token" = 'bfdb713938de545bc755ecb37746a7b0' LIMIT 1 /*action='index',application='Golbet',controller='predictions'*/[0m
  ↳ app/controllers/application_controller.rb:12:in 'ApplicationController#current_player'
  [1m[36mTournament Load (0.0ms)[0m  [1m[34mSELECT "tournaments".* FROM "tournaments" ORDER BY "tournaments"."id" ASC LIMIT 1 /*action='index',application='Golbet',controller='predictions'*/[0m
  ↳ app/controllers/predictions_controller.rb:5:in 'PredictionsController#index'
  [1m[36mPrediction Load (0.0ms)[0m  [1m[34mSELECT "predictions".* FROM "predictions" WHERE "predictions"."player_id" = 2 /*action='index',application='Golbet',controller='predictions'*/[0m
  ↳ app/controllers/predictions_controller.rb:7:in 'PredictionsController#index'
  Rendering layout layouts/application.html.erb
  Rendering Views::Predictions::Index within layouts/application
  [1m[36mMatch Exists? (0.1ms)[0m  [1m[34mSELECT 1 AS one FROM "matches" WHERE "matches"."tournament_id" = 1 LIMIT 1 /*action='index',application='Golbet',controller='predictions'*/[0m
  ↳ app/views/predictions/index.rb:14:in 'block in Views::Predictions::Index#view_template'
  [1m[36mMatch Load (0.1ms)[0m  [1m[34mSELECT "matches".* FROM "matches" WHERE "matches"."tournament_id" = 1 ORDER BY "matches"."kickoff_at" ASC /*action='index',application='Golbet',controller='predictions'*/[0m
  ↳ app/views/predictions/index.rb:18:in 'block (2 levels) in Views::Predictions::Index#view_template'
  Rendered Views::Predictions::Index within layouts/application (Duration: 6.3ms | GC: 0.0ms)
  Rendered layout layouts/application.html.erb (Duration: 25.9ms | GC: 14.7ms)
Completed 200 OK in 50ms (Views: 28.5ms | ActiveRecord: 1.4ms (5 queries, 0 cached) | GC: 14.7ms)


Started GET "/predictions" for 127.0.0.1 at 2026-06-02 22:00:14 -0500
Processing by PredictionsController#index as HTML
  [1m[36mPlayer Load (0.3ms)[0m  [1m[34mSELECT "players".* FROM "players" WHERE "players"."session_token" = 'bfdb713938de545bc755ecb37746a7b0' LIMIT 1 /*action='index',application='Golbet',controller='predictions'*/[0m
  ↳ app/controllers/application_controller.rb:12:in 'ApplicationController#current_player'
  [1m[36mTournament Load (1.9ms)[0m  [1m[34mSELECT "tournaments".* FROM "tournaments" ORDER BY "tournaments"."id" ASC LIMIT 1 /*action='index',application='Golbet',controller='predictions'*/[0m
  ↳ app/controllers/predictions_controller.rb:5:in 'PredictionsController#index'
  [1m[36mPrediction Load (0.1ms)[0m  [1m[34mSELECT "predictions".* FROM "predictions" WHERE "predictions"."player_id" = 2 /*action='index',application='Golbet',controller='predictions'*/[0m
  ↳ app/controllers/predictions_controller.rb:7:in 'PredictionsController#index'
  Rendering layout layouts/application.html.erb
  Rendering Views::Predictions::Index within layouts/application
  [1m[36mMatch Exists? (0.1ms)[0m  [1m[34mSELECT 1 AS one FROM "matches" WHERE "matches"."tournament_id" = 1 LIMIT 1 /*action='index',application='Golbet',controller='predictions'*/[0m
  ↳ app/views/predictions/index.rb:14:in 'block in Views::Predictions::Index#view_template'
  [1m[36mMatch Load (0.1ms)[0m  [1m[34mSELECT "matches".* FROM "matches" WHERE "matches"."tournament_id" = 1 ORDER BY "matches"."kickoff_at" ASC /*action='index',application='Golbet',controller='predictions'*/[0m
  ↳ app/views/predictions/index.rb:18:in 'block (2 levels) in Views::Predictions::Index#view_template'
  Rendered Views::Predictions::Index within layouts/application (Duration: 6.1ms | GC: 1.7ms)
  Rendered layout layouts/application.html.erb (Duration: 7.5ms | GC: 2.2ms)
Completed 200 OK in 18ms (Views: 8.0ms | ActiveRecord: 2.5ms (5 queries, 0 cached) | GC: 4.0ms)


Started GET "/predictions" for 127.0.0.1 at 2026-06-02 22:00:30 -0500
Processing by PredictionsController#index as HTML
  [1m[36mPlayer Load (0.1ms)[0m  [1m[34mSELECT "players".* FROM "players" WHERE "players"."session_token" = 'bfdb713938de545bc755ecb37746a7b0' LIMIT 1 /*action='index',application='Golbet',controller='predictions'*/[0m
  ↳ app/controllers/application_controller.rb:12:in 'ApplicationController#current_player'
  [1m[36mTournament Load (0.1ms)[0m  [1m[34mSELECT "tournaments".* FROM "tournaments" ORDER BY "tournaments"."id" ASC LIMIT 1 /*action='index',application='Golbet',controller='predictions'*/[0m
  ↳ app/controllers/predictions_controller.rb:5:in 'PredictionsController#index'
  [1m[36mPrediction Load (0.1ms)[0m  [1m[34mSELECT "predictions".* FROM "predictions" WHERE "predictions"."player_id" = 2 /*action='index',application='Golbet',controller='predictions'*/[0m
  ↳ app/controllers/predictions_controller.rb:7:in 'PredictionsController#index'
  Rendering layout layouts/application.html.erb
  Rendering Views::Predictions::Index within layouts/application
  [1m[36mMatch Exists? (0.1ms)[0m  [1m[34mSELECT 1 AS one FROM "matches" WHERE "matches"."tournament_id" = 1 LIMIT 1 /*action='index',application='Golbet',controller='predictions'*/[0m
  ↳ app/views/predictions/index.rb:14:in 'block in Views::Predictions::Index#view_template'
  [1m[36mMatch Load (0.1ms)[0m  [1m[34mSELECT "matches".* FROM "matches" WHERE "matches"."tournament_id" = 1 ORDER BY "matches"."kickoff_at" ASC /*action='index',application='Golbet',controller='predictions'*/[0m
  ↳ app/views/predictions/index.rb:18:in 'block (2 levels) in Views::Predictions::Index#view_template'
  Rendered Views::Predictions::Index within layouts/application (Duration: 3.9ms | GC: 0.6ms)
  Rendered layout layouts/application.html.erb (Duration: 4.7ms | GC: 0.6ms)
Completed 200 OK in 10ms (Views: 5.0ms | ActiveRecord: 0.4ms (5 queries, 0 cached) | GC: 0.6ms)


Started GET "/standings" for 127.0.0.1 at 2026-06-02 22:02:04 -0500
Processing by StandingsController#index as HTML
  [1m[36mPlayer Load (0.2ms)[0m  [1m[34mSELECT "players".* FROM "players" WHERE "players"."session_token" = 'bfdb713938de545bc755ecb37746a7b0' LIMIT 1 /*action='index',application='Golbet',controller='standings'*/[0m
  ↳ app/controllers/application_controller.rb:12:in 'ApplicationController#current_player'
  [1m[36mTournament Load (0.1ms)[0m  [1m[34mSELECT "tournaments".* FROM "tournaments" ORDER BY "tournaments"."id" ASC LIMIT 1 /*action='index',application='Golbet',controller='standings'*/[0m
  ↳ app/controllers/standings_controller.rb:5:in 'StandingsController#index'
  [1m[36mMatch Load (0.1ms)[0m  [1m[34mSELECT "matches".* FROM "matches" WHERE "matches"."tournament_id" = 1 AND "matches"."status" = 'finished' /*action='index',application='Golbet',controller='standings'*/[0m
  ↳ app/services/scoring_service.rb:24:in 'ScoringService.standings'
  Rendering layout layouts/application.html.erb
  Rendering Views::Standings::Index within layouts/application
  Rendered Views::Standings::Index within layouts/application (Duration: 2.6ms | GC: 0.2ms)
  Rendered layout layouts/application.html.erb (Duration: 3.6ms | GC: 0.2ms)
Completed 200 OK in 12ms (Views: 4.7ms | ActiveRecord: 0.3ms (3 queries, 0 cached) | GC: 0.4ms)


Started GET "/standings" for 127.0.0.1 at 2026-06-02 22:02:05 -0500
Processing by StandingsController#index as HTML
  [1m[36mPlayer Load (0.2ms)[0m  [1m[34mSELECT "players".* FROM "players" WHERE "players"."session_token" = 'bfdb713938de545bc755ecb37746a7b0' LIMIT 1 /*action='index',application='Golbet',controller='standings'*/[0m
  ↳ app/controllers/application_controller.rb:12:in 'ApplicationController#current_player'
  [1m[36mTournament Load (0.1ms)[0m  [1m[34mSELECT "tournaments".* FROM "tournaments" ORDER BY "tournaments"."id" ASC LIMIT 1 /*action='index',application='Golbet',controller='standings'*/[0m
  ↳ app/controllers/standings_controller.rb:5:in 'StandingsController#index'
  [1m[36mMatch Load (0.1ms)[0m  [1m[34mSELECT "matches".* FROM "matches" WHERE "matches"."tournament_id" = 1 AND "matches"."status" = 'finished' /*action='index',application='Golbet',controller='standings'*/[0m
  ↳ app/services/scoring_service.rb:24:in 'ScoringService.standings'
  Rendering layout layouts/application.html.erb
  Rendering Views::Standings::Index within layouts/application
  Rendered Views::Standings::Index within layouts/application (Duration: 2.4ms | GC: 1.8ms)
  Rendered layout layouts/application.html.erb (Duration: 3.9ms | GC: 2.3ms)
Completed 200 OK in 11ms (Views: 4.3ms | ActiveRecord: 0.4ms (3 queries, 0 cached) | GC: 2.6ms)


Started GET "/results" for 127.0.0.1 at 2026-06-02 22:02:06 -0500
Processing by ResultsController#index as HTML
  [1m[36mPlayer Load (0.2ms)[0m  [1m[34mSELECT "players".* FROM "players" WHERE "players"."session_token" = 'bfdb713938de545bc755ecb37746a7b0' LIMIT 1 /*action='index',application='Golbet',controller='results'*/[0m
  ↳ app/controllers/application_controller.rb:12:in 'ApplicationController#current_player'
  [1m[36mTournament Load (0.2ms)[0m  [1m[34mSELECT "tournaments".* FROM "tournaments" ORDER BY "tournaments"."id" ASC LIMIT 1 /*action='index',application='Golbet',controller='results'*/[0m
  ↳ app/controllers/results_controller.rb:5:in 'ResultsController#index'
  [1m[36mPrediction Load (0.2ms)[0m  [1m[34mSELECT "predictions".* FROM "predictions" WHERE "predictions"."player_id" = 2 /*action='index',application='Golbet',controller='results'*/[0m
  ↳ app/controllers/results_controller.rb:7:in 'ResultsController#index'
  [1m[36mMatch Load (0.1ms)[0m  [1m[34mSELECT "matches".* FROM "matches" WHERE "matches"."tournament_id" = 1 AND "matches"."status" = 'finished' ORDER BY "matches"."kickoff_at" DESC /*action='index',application='Golbet',controller='results'*/[0m
  ↳ app/controllers/results_controller.rb:8:in 'Enumerable#map'
  Rendering layout layouts/application.html.erb
  Rendering Views::Results::Index within layouts/application
  Rendered Views::Results::Index within layouts/application (Duration: 1.7ms | GC: 0.8ms)
  Rendered layout layouts/application.html.erb (Duration: 3.6ms | GC: 1.8ms)
Completed 200 OK in 20ms (Views: 5.0ms | ActiveRecord: 0.6ms (4 queries, 0 cached) | GC: 8.5ms)


Started GET "/standings" for 127.0.0.1 at 2026-06-02 22:02:07 -0500
Processing by StandingsController#index as HTML
  [1m[36mPlayer Load (0.2ms)[0m  [1m[34mSELECT "players".* FROM "players" WHERE "players"."session_token" = 'bfdb713938de545bc755ecb37746a7b0' LIMIT 1 /*action='index',application='Golbet',controller='standings'*/[0m
  ↳ app/controllers/application_controller.rb:12:in 'ApplicationController#current_player'
  [1m[36mTournament Load (0.2ms)[0m  [1m[34mSELECT "tournaments".* FROM "tournaments" ORDER BY "tournaments"."id" ASC LIMIT 1 /*action='index',application='Golbet',controller='standings'*/[0m
  ↳ app/controllers/standings_controller.rb:5:in 'StandingsController#index'
  [1m[36mMatch Load (0.2ms)[0m  [1m[34mSELECT "matches".* FROM "matches" WHERE "matches"."tournament_id" = 1 AND "matches"."status" = 'finished' /*action='index',application='Golbet',controller='standings'*/[0m
  ↳ app/services/scoring_service.rb:24:in 'ScoringService.standings'
  Rendering layout layouts/application.html.erb
  Rendering Views::Standings::Index within layouts/application
  Rendered Views::Standings::Index within layouts/application (Duration: 4.9ms | GC: 3.8ms)
  Rendered layout layouts/application.html.erb (Duration: 8.7ms | GC: 6.6ms)
Completed 200 OK in 24ms (Views: 9.4ms | ActiveRecord: 0.5ms (3 queries, 0 cached) | GC: 14.0ms)


Started GET "/predictions" for 127.0.0.1 at 2026-06-02 22:02:11 -0500
Processing by PredictionsController#index as HTML
  [1m[36mPlayer Load (0.2ms)[0m  [1m[34mSELECT "players".* FROM "players" WHERE "players"."session_token" = 'bfdb713938de545bc755ecb37746a7b0' LIMIT 1 /*action='index',application='Golbet',controller='predictions'*/[0m
  ↳ app/controllers/application_controller.rb:12:in 'ApplicationController#current_player'
  [1m[36mTournament Load (0.2ms)[0m  [1m[34mSELECT "tournaments".* FROM "tournaments" ORDER BY "tournaments"."id" ASC LIMIT 1 /*action='index',application='Golbet',controller='predictions'*/[0m
  ↳ app/controllers/predictions_controller.rb:5:in 'PredictionsController#index'
  [1m[36mPrediction Load (0.1ms)[0m  [1m[34mSELECT "predictions".* FROM "predictions" WHERE "predictions"."player_id" = 2 /*action='index',application='Golbet',controller='predictions'*/[0m
  ↳ app/controllers/predictions_controller.rb:7:in 'PredictionsController#index'
  Rendering layout layouts/application.html.erb
  Rendering Views::Predictions::Index within layouts/application
  [1m[36mMatch Exists? (0.1ms)[0m  [1m[34mSELECT 1 AS one FROM "matches" WHERE "matches"."tournament_id" = 1 LIMIT 1 /*action='index',application='Golbet',controller='predictions'*/[0m
  ↳ app/views/predictions/index.rb:14:in 'block in Views::Predictions::Index#view_template'
  [1m[36mMatch Load (0.1ms)[0m  [1m[34mSELECT "matches".* FROM "matches" WHERE "matches"."tournament_id" = 1 ORDER BY "matches"."kickoff_at" ASC /*action='index',application='Golbet',controller='predictions'*/[0m
  ↳ app/views/predictions/index.rb:18:in 'block (2 levels) in Views::Predictions::Index#view_template'
  Rendered Views::Predictions::Index within layouts/application (Duration: 4.6ms | GC: 0.7ms)
  Rendered layout layouts/application.html.erb (Duration: 5.3ms | GC: 0.9ms)
Completed 200 OK in 25ms (Views: 5.5ms | ActiveRecord: 0.7ms (5 queries, 0 cached) | GC: 12.2ms)


Started GET "/predictions" for 127.0.0.1 at 2026-06-02 22:02:15 -0500
Processing by PredictionsController#index as HTML
  [1m[36mPlayer Load (0.2ms)[0m  [1m[34mSELECT "players".* FROM "players" WHERE "players"."session_token" = 'bfdb713938de545bc755ecb37746a7b0' LIMIT 1 /*action='index',application='Golbet',controller='predictions'*/[0m
  ↳ app/controllers/application_controller.rb:12:in 'ApplicationController#current_player'
  [1m[36mTournament Load (0.3ms)[0m  [1m[34mSELECT "tournaments".* FROM "tournaments" ORDER BY "tournaments"."id" ASC LIMIT 1 /*action='index',application='Golbet',controller='predictions'*/[0m
  ↳ app/controllers/predictions_controller.rb:5:in 'PredictionsController#index'
  [1m[36mPrediction Load (0.1ms)[0m  [1m[34mSELECT "predictions".* FROM "predictions" WHERE "predictions"."player_id" = 2 /*action='index',application='Golbet',controller='predictions'*/[0m
  ↳ app/controllers/predictions_controller.rb:7:in 'PredictionsController#index'
  Rendering layout layouts/application.html.erb
  Rendering Views::Predictions::Index within layouts/application
  [1m[36mMatch Exists? (0.1ms)[0m  [1m[34mSELECT 1 AS one FROM "matches" WHERE "matches"."tournament_id" = 1 LIMIT 1 /*action='index',application='Golbet',controller='predictions'*/[0m
  ↳ app/views/predictions/index.rb:14:in 'block in Views::Predictions::Index#view_template'
  [1m[36mMatch Load (0.1ms)[0m  [1m[34mSELECT "matches".* FROM "matches" WHERE "matches"."tournament_id" = 1 ORDER BY "matches"."kickoff_at" ASC /*action='index',application='Golbet',controller='predictions'*/[0m
  ↳ app/views/predictions/index.rb:18:in 'block (2 levels) in Views::Predictions::Index#view_template'
  Rendered Views::Predictions::Index within layouts/application (Duration: 4.4ms | GC: 0.5ms)
  Rendered layout layouts/application.html.erb (Duration: 5.3ms | GC: 0.5ms)
Completed 200 OK in 12ms (Views: 5.7ms | ActiveRecord: 0.7ms (5 queries, 0 cached) | GC: 0.5ms)


Started GET "/predictions" for 127.0.0.1 at 2026-06-02 22:03:42 -0500
Processing by PredictionsController#index as HTML
  [1m[36mPlayer Load (0.1ms)[0m  [1m[34mSELECT "players".* FROM "players" WHERE "players"."session_token" = 'bfdb713938de545bc755ecb37746a7b0' LIMIT 1 /*action='index',application='Golbet',controller='predictions'*/[0m
  ↳ app/controllers/application_controller.rb:12:in 'ApplicationController#current_player'
  [1m[36mTournament Load (0.1ms)[0m  [1m[34mSELECT "tournaments".* FROM "tournaments" ORDER BY "tournaments"."id" ASC LIMIT 1 /*action='index',application='Golbet',controller='predictions'*/[0m
  ↳ app/controllers/predictions_controller.rb:5:in 'PredictionsController#index'
  [1m[36mPrediction Load (0.1ms)[0m  [1m[34mSELECT "predictions".* FROM "predictions" WHERE "predictions"."player_id" = 2 /*action='index',application='Golbet',controller='predictions'*/[0m
  ↳ app/controllers/predictions_controller.rb:7:in 'PredictionsController#index'
  Rendering layout layouts/application.html.erb
  Rendering Views::Predictions::Index within layouts/application
  [1m[36mMatch Exists? (0.0ms)[0m  [1m[34mSELECT 1 AS one FROM "matches" WHERE "matches"."tournament_id" = 1 LIMIT 1 /*action='index',application='Golbet',controller='predictions'*/[0m
  ↳ app/views/predictions/index.rb:14:in 'block in Views::Predictions::Index#view_template'
  [1m[36mMatch Load (0.1ms)[0m  [1m[34mSELECT "matches".* FROM "matches" WHERE "matches"."tournament_id" = 1 ORDER BY "matches"."kickoff_at" ASC /*action='index',application='Golbet',controller='predictions'*/[0m
  ↳ app/views/predictions/index.rb:18:in 'block (2 levels) in Views::Predictions::Index#view_template'
  Rendered Views::Predictions::Index within layouts/application (Duration: 3.0ms | GC: 0.3ms)
  Rendered layout layouts/application.html.erb (Duration: 4.0ms | GC: 0.3ms)
Completed 200 OK in 9ms (Views: 4.2ms | ActiveRecord: 0.3ms (5 queries, 0 cached) | GC: 0.3ms)


Started GET "/predictions" for 127.0.0.1 at 2026-06-02 22:05:04 -0500
Processing by PredictionsController#index as HTML
  [1m[36mPlayer Load (0.2ms)[0m  [1m[34mSELECT "players".* FROM "players" WHERE "players"."session_token" = 'bfdb713938de545bc755ecb37746a7b0' LIMIT 1 /*action='index',application='Golbet',controller='predictions'*/[0m
  ↳ app/controllers/application_controller.rb:12:in 'ApplicationController#current_player'
  [1m[36mTournament Load (0.1ms)[0m  [1m[34mSELECT "tournaments".* FROM "tournaments" ORDER BY "tournaments"."id" ASC LIMIT 1 /*action='index',application='Golbet',controller='predictions'*/[0m
  ↳ app/controllers/predictions_controller.rb:5:in 'PredictionsController#index'
  [1m[36mPrediction Load (0.1ms)[0m  [1m[34mSELECT "predictions".* FROM "predictions" WHERE "predictions"."player_id" = 2 /*action='index',application='Golbet',controller='predictions'*/[0m
  ↳ app/controllers/predictions_controller.rb:7:in 'PredictionsController#index'
  Rendering layout layouts/application.html.erb
  Rendering Views::Predictions::Index within layouts/application
  [1m[36mMatch Exists? (0.2ms)[0m  [1m[34mSELECT 1 AS one FROM "matches" WHERE "matches"."tournament_id" = 1 LIMIT 1 /*action='index',application='Golbet',controller='predictions'*/[0m
  ↳ app/views/predictions/index.rb:14:in 'block in Views::Predictions::Index#view_template'
  [1m[36mMatch Load (0.1ms)[0m  [1m[34mSELECT "matches".* FROM "matches" WHERE "matches"."tournament_id" = 1 ORDER BY "matches"."kickoff_at" ASC /*action='index',application='Golbet',controller='predictions'*/[0m
  ↳ app/views/predictions/index.rb:18:in 'block (2 levels) in Views::Predictions::Index#view_template'
  Rendered Views::Predictions::Index within layouts/application (Duration: 21.2ms | GC: 16.6ms)
  Rendered layout layouts/application.html.erb (Duration: 22.6ms | GC: 16.6ms)
Completed 200 OK in 29ms (Views: 22.9ms | ActiveRecord: 0.6ms (5 queries, 0 cached) | GC: 16.6ms)


Started GET "/predictions" for 127.0.0.1 at 2026-06-02 22:05:53 -0500
Processing by PredictionsController#index as HTML
  [1m[36mPlayer Load (0.2ms)[0m  [1m[34mSELECT "players".* FROM "players" WHERE "players"."session_token" = 'bfdb713938de545bc755ecb37746a7b0' LIMIT 1 /*action='index',application='Golbet',controller='predictions'*/[0m
  ↳ app/controllers/application_controller.rb:12:in 'ApplicationController#current_player'
  [1m[36mTournament Load (0.1ms)[0m  [1m[34mSELECT "tournaments".* FROM "tournaments" ORDER BY "tournaments"."id" ASC LIMIT 1 /*action='index',application='Golbet',controller='predictions'*/[0m
  ↳ app/controllers/predictions_controller.rb:5:in 'PredictionsController#index'
  [1m[36mPrediction Load (0.2ms)[0m  [1m[34mSELECT "predictions".* FROM "predictions" WHERE "predictions"."player_id" = 2 /*action='index',application='Golbet',controller='predictions'*/[0m
  ↳ app/controllers/predictions_controller.rb:7:in 'PredictionsController#index'
  Rendering layout layouts/application.html.erb
  Rendering Views::Predictions::Index within layouts/application
  [1m[36mMatch Exists? (0.2ms)[0m  [1m[34mSELECT 1 AS one FROM "matches" WHERE "matches"."tournament_id" = 1 LIMIT 1 /*action='index',application='Golbet',controller='predictions'*/[0m
  ↳ app/views/predictions/index.rb:14:in 'block in Views::Predictions::Index#view_template'
  [1m[36mMatch Load (0.1ms)[0m  [1m[34mSELECT "matches".* FROM "matches" WHERE "matches"."tournament_id" = 1 ORDER BY "matches"."kickoff_at" ASC /*action='index',application='Golbet',controller='predictions'*/[0m
  ↳ app/views/predictions/index.rb:18:in 'block (2 levels) in Views::Predictions::Index#view_template'
  Rendered Views::Predictions::Index within layouts/application (Duration: 4.4ms | GC: 0.3ms)
  Rendered layout layouts/application.html.erb (Duration: 10.6ms | GC: 0.3ms)
Completed 200 OK in 17ms (Views: 11.0ms | ActiveRecord: 0.7ms (5 queries, 0 cached) | GC: 0.3ms)


Started GET "/predictions" for 127.0.0.1 at 2026-06-02 22:08:34 -0500
Processing by PredictionsController#index as HTML
  [1m[36mPlayer Load (0.0ms)[0m  [1m[34mSELECT "players".* FROM "players" WHERE "players"."session_token" = 'bfdb713938de545bc755ecb37746a7b0' LIMIT 1 /*action='index',application='Golbet',controller='predictions'*/[0m
  ↳ app/controllers/application_controller.rb:12:in 'ApplicationController#current_player'
  [1m[36mTournament Load (0.0ms)[0m  [1m[34mSELECT "tournaments".* FROM "tournaments" ORDER BY "tournaments"."id" ASC LIMIT 1 /*action='index',application='Golbet',controller='predictions'*/[0m
  ↳ app/controllers/predictions_controller.rb:5:in 'PredictionsController#index'
  [1m[36mPrediction Load (0.0ms)[0m  [1m[34mSELECT "predictions".* FROM "predictions" WHERE "predictions"."player_id" = 2 /*action='index',application='Golbet',controller='predictions'*/[0m
  ↳ app/controllers/predictions_controller.rb:7:in 'PredictionsController#index'
  Rendering layout layouts/application.html.erb
  Rendering Views::Predictions::Index within layouts/application
  [1m[36mMatch Exists? (0.1ms)[0m  [1m[34mSELECT 1 AS one FROM "matches" WHERE "matches"."tournament_id" = 1 LIMIT 1 /*action='index',application='Golbet',controller='predictions'*/[0m
  ↳ app/views/predictions/index.rb:14:in 'block in Views::Predictions::Index#view_template'
  [1m[36mMatch Load (0.1ms)[0m  [1m[34mSELECT "matches".* FROM "matches" WHERE "matches"."tournament_id" = 1 ORDER BY "matches"."kickoff_at" ASC /*action='index',application='Golbet',controller='predictions'*/[0m
  ↳ app/views/predictions/index.rb:18:in 'block (2 levels) in Views::Predictions::Index#view_template'
  Rendered Views::Predictions::Index within layouts/application (Duration: 5.7ms | GC: 0.7ms)
  Rendered layout layouts/application.html.erb (Duration: 8.2ms | GC: 0.8ms)
Completed 200 OK in 27ms (Views: 9.1ms | ActiveRecord: 1.4ms (5 queries, 0 cached) | GC: 7.0ms)


Started GET "/" for 127.0.0.1 at 2026-06-02 22:24:01 -0500
  [1m[36mActiveRecord::SchemaMigration Load (0.1ms)[0m  [1m[34mSELECT "schema_migrations"."version" FROM "schema_migrations" ORDER BY "schema_migrations"."version" ASC /*application='Golbet'*/[0m
Processing by SessionsController#new as HTML
  [1m[36mPlayer Load (0.1ms)[0m  [1m[34mSELECT "players".* FROM "players" WHERE "players"."session_token" = 'bfdb713938de545bc755ecb37746a7b0' LIMIT 1 /*action='new',application='Golbet',controller='sessions'*/[0m
  ↳ app/controllers/application_controller.rb:12:in 'ApplicationController#current_player'
Redirected to http://localhost:3000/predictions
↳ app/controllers/sessions_controller.rb:3:in 'SessionsController#new'
Completed 302 Found in 13ms (ActiveRecord: 0.9ms (1 query, 0 cached) | GC: 0.0ms)


Started GET "/predictions" for 127.0.0.1 at 2026-06-02 22:24:01 -0500
Processing by PredictionsController#index as HTML
  [1m[36mPlayer Load (0.1ms)[0m  [1m[34mSELECT "players".* FROM "players" WHERE "players"."session_token" = 'bfdb713938de545bc755ecb37746a7b0' LIMIT 1 /*action='index',application='Golbet',controller='predictions'*/[0m
  ↳ app/controllers/application_controller.rb:12:in 'ApplicationController#current_player'
  [1m[36mTournament Load (0.0ms)[0m  [1m[34mSELECT "tournaments".* FROM "tournaments" ORDER BY "tournaments"."id" ASC LIMIT 1 /*action='index',application='Golbet',controller='predictions'*/[0m
  ↳ app/controllers/predictions_controller.rb:5:in 'PredictionsController#index'
  [1m[36mPrediction Load (0.0ms)[0m  [1m[34mSELECT "predictions".* FROM "predictions" WHERE "predictions"."player_id" = 2 /*action='index',application='Golbet',controller='predictions'*/[0m
  ↳ app/controllers/predictions_controller.rb:7:in 'PredictionsController#index'
  Rendering layout layouts/application.html.erb
  Rendering Views::Predictions::Index within layouts/application
  [1m[36mMatch Exists? (0.1ms)[0m  [1m[34mSELECT 1 AS one FROM "matches" WHERE "matches"."tournament_id" = 1 LIMIT 1 /*action='index',application='Golbet',controller='predictions'*/[0m
  ↳ app/views/predictions/index.rb:14:in 'block in Views::Predictions::Index#view_template'
  [1m[36mMatch Load (0.0ms)[0m  [1m[34mSELECT "matches".* FROM "matches" WHERE "matches"."tournament_id" = 1 ORDER BY "matches"."kickoff_at" ASC /*action='index',application='Golbet',controller='predictions'*/[0m
  ↳ app/views/predictions/index.rb:18:in 'block (2 levels) in Views::Predictions::Index#view_template'
  Rendered Views::Predictions::Index within layouts/application (Duration: 5.0ms | GC: 0.0ms)
  Rendered layout layouts/application.html.erb (Duration: 21.3ms | GC: 11.7ms)
Completed 200 OK in 35ms (Views: 24.4ms | ActiveRecord: 0.6ms (5 queries, 0 cached) | GC: 11.7ms)


Started GET "/predictions" for 127.0.0.1 at 2026-06-02 22:24:04 -0500
Processing by PredictionsController#index as HTML
  [1m[36mPlayer Load (0.3ms)[0m  [1m[34mSELECT "players".* FROM "players" WHERE "players"."session_token" = 'bfdb713938de545bc755ecb37746a7b0' LIMIT 1 /*action='index',application='Golbet',controller='predictions'*/[0m
  ↳ app/controllers/application_controller.rb:12:in 'ApplicationController#current_player'
  [1m[36mTournament Load (0.1ms)[0m  [1m[34mSELECT "tournaments".* FROM "tournaments" ORDER BY "tournaments"."id" ASC LIMIT 1 /*action='index',application='Golbet',controller='predictions'*/[0m
  ↳ app/controllers/predictions_controller.rb:5:in 'PredictionsController#index'
  [1m[36mPrediction Load (1.1ms)[0m  [1m[34mSELECT "predictions".* FROM "predictions" WHERE "predictions"."player_id" = 2 /*action='index',application='Golbet',controller='predictions'*/[0m
  ↳ app/controllers/predictions_controller.rb:7:in 'PredictionsController#index'
  Rendering layout layouts/application.html.erb
  Rendering Views::Predictions::Index within layouts/application
  [1m[36mMatch Exists? (0.1ms)[0m  [1m[34mSELECT 1 AS one FROM "matches" WHERE "matches"."tournament_id" = 1 LIMIT 1 /*action='index',application='Golbet',controller='predictions'*/[0m
  ↳ app/views/predictions/index.rb:14:in 'block in Views::Predictions::Index#view_template'
  [1m[36mMatch Load (0.1ms)[0m  [1m[34mSELECT "matches".* FROM "matches" WHERE "matches"."tournament_id" = 1 ORDER BY "matches"."kickoff_at" ASC /*action='index',application='Golbet',controller='predictions'*/[0m
  ↳ app/views/predictions/index.rb:18:in 'block (2 levels) in Views::Predictions::Index#view_template'
  Rendered Views::Predictions::Index within layouts/application (Duration: 5.9ms | GC: 1.4ms)
  Rendered layout layouts/application.html.erb (Duration: 6.8ms | GC: 1.4ms)
Completed 200 OK in 17ms (Views: 7.2ms | ActiveRecord: 1.7ms (5 queries, 0 cached) | GC: 2.4ms)


Started GET "/results" for 127.0.0.1 at 2026-06-02 22:28:15 -0500
Processing by ResultsController#index as HTML
  [1m[36mPlayer Load (0.1ms)[0m  [1m[34mSELECT "players".* FROM "players" WHERE "players"."session_token" = 'bfdb713938de545bc755ecb37746a7b0' LIMIT 1 /*action='index',application='Golbet',controller='results'*/[0m
  ↳ app/controllers/application_controller.rb:12:in 'ApplicationController#current_player'
  [1m[36mTournament Load (0.0ms)[0m  [1m[34mSELECT "tournaments".* FROM "tournaments" ORDER BY "tournaments"."id" ASC LIMIT 1 /*action='index',application='Golbet',controller='results'*/[0m
  ↳ app/controllers/results_controller.rb:5:in 'ResultsController#index'
  [1m[36mPrediction Load (0.0ms)[0m  [1m[34mSELECT "predictions".* FROM "predictions" WHERE "predictions"."player_id" = 2 /*action='index',application='Golbet',controller='results'*/[0m
  ↳ app/controllers/results_controller.rb:7:in 'ResultsController#index'
  [1m[36mMatch Load (0.0ms)[0m  [1m[34mSELECT "matches".* FROM "matches" WHERE "matches"."tournament_id" = 1 AND "matches"."status" = 'finished' ORDER BY "matches"."kickoff_at" DESC /*action='index',application='Golbet',controller='results'*/[0m
  ↳ app/controllers/results_controller.rb:8:in 'Enumerable#map'
  Rendering layout layouts/application.html.erb
  Rendering Views::Results::Index within layouts/application
  Rendered Views::Results::Index within layouts/application (Duration: 2.3ms | GC: 1.2ms)
  Rendered layout layouts/application.html.erb (Duration: 6.1ms | GC: 1.6ms)
Completed 200 OK in 31ms (Views: 7.4ms | ActiveRecord: 2.0ms (4 queries, 0 cached) | GC: 12.7ms)


Started GET "/standings" for 127.0.0.1 at 2026-06-02 22:28:16 -0500
Processing by StandingsController#index as HTML
  [1m[36mPlayer Load (0.1ms)[0m  [1m[34mSELECT "players".* FROM "players" WHERE "players"."session_token" = 'bfdb713938de545bc755ecb37746a7b0' LIMIT 1 /*action='index',application='Golbet',controller='standings'*/[0m
  ↳ app/controllers/application_controller.rb:12:in 'ApplicationController#current_player'
  [1m[36mTournament Load (0.1ms)[0m  [1m[34mSELECT "tournaments".* FROM "tournaments" ORDER BY "tournaments"."id" ASC LIMIT 1 /*action='index',application='Golbet',controller='standings'*/[0m
  ↳ app/controllers/standings_controller.rb:5:in 'StandingsController#index'
  [1m[36mMatch Load (0.2ms)[0m  [1m[34mSELECT "matches".* FROM "matches" WHERE "matches"."tournament_id" = 1 AND "matches"."status" = 'finished' /*action='index',application='Golbet',controller='standings'*/[0m
  ↳ app/services/scoring_service.rb:24:in 'ScoringService.standings'
  Rendering layout layouts/application.html.erb
  Rendering Views::Standings::Index within layouts/application
  Rendered Views::Standings::Index within layouts/application (Duration: 0.4ms | GC: 0.0ms)
  Rendered layout layouts/application.html.erb (Duration: 1.1ms | GC: 0.0ms)
Completed 200 OK in 10ms (Views: 1.9ms | ActiveRecord: 0.4ms (3 queries, 0 cached) | GC: 0.2ms)


Started GET "/standings" for 127.0.0.1 at 2026-06-02 22:28:16 -0500
Processing by StandingsController#index as HTML
  [1m[36mPlayer Load (0.2ms)[0m  [1m[34mSELECT "players".* FROM "players" WHERE "players"."session_token" = 'bfdb713938de545bc755ecb37746a7b0' LIMIT 1 /*action='index',application='Golbet',controller='standings'*/[0m
  ↳ app/controllers/application_controller.rb:12:in 'ApplicationController#current_player'
  [1m[36mTournament Load (0.1ms)[0m  [1m[34mSELECT "tournaments".* FROM "tournaments" ORDER BY "tournaments"."id" ASC LIMIT 1 /*action='index',application='Golbet',controller='standings'*/[0m
  ↳ app/controllers/standings_controller.rb:5:in 'StandingsController#index'
  [1m[36mMatch Load (0.1ms)[0m  [1m[34mSELECT "matches".* FROM "matches" WHERE "matches"."tournament_id" = 1 AND "matches"."status" = 'finished' /*action='index',application='Golbet',controller='standings'*/[0m
  ↳ app/services/scoring_service.rb:24:in 'ScoringService.standings'
  Rendering layout layouts/application.html.erb
  Rendering Views::Standings::Index within layouts/application
  Rendered Views::Standings::Index within layouts/application (Duration: 0.6ms | GC: 0.1ms)
  Rendered layout layouts/application.html.erb (Duration: 1.4ms | GC: 0.1ms)
Completed 200 OK in 7ms (Views: 2.1ms | ActiveRecord: 0.3ms (3 queries, 0 cached) | GC: 0.1ms)


Started GET "/results" for 127.0.0.1 at 2026-06-02 22:28:17 -0500
Processing by ResultsController#index as HTML
  [1m[36mPlayer Load (0.1ms)[0m  [1m[34mSELECT "players".* FROM "players" WHERE "players"."session_token" = 'bfdb713938de545bc755ecb37746a7b0' LIMIT 1 /*action='index',application='Golbet',controller='results'*/[0m
  ↳ app/controllers/application_controller.rb:12:in 'ApplicationController#current_player'
  [1m[36mTournament Load (0.1ms)[0m  [1m[34mSELECT "tournaments".* FROM "tournaments" ORDER BY "tournaments"."id" ASC LIMIT 1 /*action='index',application='Golbet',controller='results'*/[0m
  ↳ app/controllers/results_controller.rb:5:in 'ResultsController#index'
  [1m[36mPrediction Load (0.1ms)[0m  [1m[34mSELECT "predictions".* FROM "predictions" WHERE "predictions"."player_id" = 2 /*action='index',application='Golbet',controller='results'*/[0m
  ↳ app/controllers/results_controller.rb:7:in 'ResultsController#index'
  [1m[36mMatch Load (0.1ms)[0m  [1m[34mSELECT "matches".* FROM "matches" WHERE "matches"."tournament_id" = 1 AND "matches"."status" = 'finished' ORDER BY "matches"."kickoff_at" DESC /*action='index',application='Golbet',controller='results'*/[0m
  ↳ app/controllers/results_controller.rb:8:in 'Enumerable#map'
  Rendering layout layouts/application.html.erb
  Rendering Views::Results::Index within layouts/application
  Rendered Views::Results::Index within layouts/application (Duration: 0.3ms | GC: 0.0ms)
  Rendered layout layouts/application.html.erb (Duration: 0.9ms | GC: 0.0ms)
Completed 200 OK in 6ms (Views: 1.3ms | ActiveRecord: 0.3ms (4 queries, 0 cached) | GC: 0.1ms)


Started GET "/predictions" for 127.0.0.1 at 2026-06-02 22:28:17 -0500
Processing by PredictionsController#index as HTML
  [1m[36mPlayer Load (0.2ms)[0m  [1m[34mSELECT "players".* FROM "players" WHERE "players"."session_token" = 'bfdb713938de545bc755ecb37746a7b0' LIMIT 1 /*action='index',application='Golbet',controller='predictions'*/[0m
  ↳ app/controllers/application_controller.rb:12:in 'ApplicationController#current_player'
  [1m[36mTournament Load (0.1ms)[0m  [1m[34mSELECT "tournaments".* FROM "tournaments" ORDER BY "tournaments"."id" ASC LIMIT 1 /*action='index',application='Golbet',controller='predictions'*/[0m
  ↳ app/controllers/predictions_controller.rb:5:in 'PredictionsController#index'
  [1m[36mPrediction Load (0.1ms)[0m  [1m[34mSELECT "predictions".* FROM "predictions" WHERE "predictions"."player_id" = 2 /*action='index',application='Golbet',controller='predictions'*/[0m
  ↳ app/controllers/predictions_controller.rb:7:in 'PredictionsController#index'
  Rendering layout layouts/application.html.erb
  Rendering Views::Predictions::Index within layouts/application
  [1m[36mMatch Exists? (0.1ms)[0m  [1m[34mSELECT 1 AS one FROM "matches" WHERE "matches"."tournament_id" = 1 LIMIT 1 /*action='index',application='Golbet',controller='predictions'*/[0m
  ↳ app/views/predictions/index.rb:14:in 'block in Views::Predictions::Index#view_template'
  [1m[36mMatch Load (0.1ms)[0m  [1m[34mSELECT "matches".* FROM "matches" WHERE "matches"."tournament_id" = 1 ORDER BY "matches"."kickoff_at" ASC /*action='index',application='Golbet',controller='predictions'*/[0m
  ↳ app/views/predictions/index.rb:18:in 'block (2 levels) in Views::Predictions::Index#view_template'
  Rendered Views::Predictions::Index within layouts/application (Duration: 14.8ms | GC: 0.9ms)
  Rendered layout layouts/application.html.erb (Duration: 15.3ms | GC: 0.9ms)
Completed 200 OK in 22ms (Views: 15.8ms | ActiveRecord: 0.6ms (5 queries, 0 cached) | GC: 0.9ms)


Started GET "/standings" for 127.0.0.1 at 2026-06-02 22:28:18 -0500
Processing by StandingsController#index as HTML
  [1m[36mPlayer Load (0.2ms)[0m  [1m[34mSELECT "players".* FROM "players" WHERE "players"."session_token" = 'bfdb713938de545bc755ecb37746a7b0' LIMIT 1 /*action='index',application='Golbet',controller='standings'*/[0m
  ↳ app/controllers/application_controller.rb:12:in 'ApplicationController#current_player'
  [1m[36mTournament Load (0.1ms)[0m  [1m[34mSELECT "tournaments".* FROM "tournaments" ORDER BY "tournaments"."id" ASC LIMIT 1 /*action='index',application='Golbet',controller='standings'*/[0m
  ↳ app/controllers/standings_controller.rb:5:in 'StandingsController#index'
  [1m[36mMatch Load (0.1ms)[0m  [1m[34mSELECT "matches".* FROM "matches" WHERE "matches"."tournament_id" = 1 AND "matches"."status" = 'finished' /*action='index',application='Golbet',controller='standings'*/[0m
  ↳ app/services/scoring_service.rb:24:in 'ScoringService.standings'
  Rendering layout layouts/application.html.erb
  Rendering Views::Standings::Index within layouts/application
  Rendered Views::Standings::Index within layouts/application (Duration: 0.6ms | GC: 0.0ms)
  Rendered layout layouts/application.html.erb (Duration: 1.5ms | GC: 0.0ms)
Completed 200 OK in 7ms (Views: 2.1ms | ActiveRecord: 0.4ms (3 queries, 0 cached) | GC: 0.0ms)


Started GET "/results" for 127.0.0.1 at 2026-06-02 22:28:19 -0500
Processing by ResultsController#index as HTML
  [1m[36mPlayer Load (0.1ms)[0m  [1m[34mSELECT "players".* FROM "players" WHERE "players"."session_token" = 'bfdb713938de545bc755ecb37746a7b0' LIMIT 1 /*action='index',application='Golbet',controller='results'*/[0m
  ↳ app/controllers/application_controller.rb:12:in 'ApplicationController#current_player'
  [1m[36mTournament Load (0.1ms)[0m  [1m[34mSELECT "tournaments".* FROM "tournaments" ORDER BY "tournaments"."id" ASC LIMIT 1 /*action='index',application='Golbet',controller='results'*/[0m
  ↳ app/controllers/results_controller.rb:5:in 'ResultsController#index'
  [1m[36mPrediction Load (0.1ms)[0m  [1m[34mSELECT "predictions".* FROM "predictions" WHERE "predictions"."player_id" = 2 /*action='index',application='Golbet',controller='results'*/[0m
  ↳ app/controllers/results_controller.rb:7:in 'ResultsController#index'
  [1m[36mMatch Load (0.1ms)[0m  [1m[34mSELECT "matches".* FROM "matches" WHERE "matches"."tournament_id" = 1 AND "matches"."status" = 'finished' ORDER BY "matches"."kickoff_at" DESC /*action='index',application='Golbet',controller='results'*/[0m
  ↳ app/controllers/results_controller.rb:8:in 'Enumerable#map'
  Rendering layout layouts/application.html.erb
  Rendering Views::Results::Index within layouts/application
  Rendered Views::Results::Index within layouts/application (Duration: 0.5ms | GC: 0.0ms)
  Rendered layout layouts/application.html.erb (Duration: 1.6ms | GC: 0.0ms)
Completed 200 OK in 7ms (Views: 2.2ms | ActiveRecord: 0.4ms (4 queries, 0 cached) | GC: 0.0ms)


Started GET "/standings" for 127.0.0.1 at 2026-06-02 22:28:19 -0500
Processing by StandingsController#index as HTML
  [1m[36mPlayer Load (0.3ms)[0m  [1m[34mSELECT "players".* FROM "players" WHERE "players"."session_token" = 'bfdb713938de545bc755ecb37746a7b0' LIMIT 1 /*action='index',application='Golbet',controller='standings'*/[0m
  ↳ app/controllers/application_controller.rb:12:in 'ApplicationController#current_player'
  [1m[36mTournament Load (0.1ms)[0m  [1m[34mSELECT "tournaments".* FROM "tournaments" ORDER BY "tournaments"."id" ASC LIMIT 1 /*action='index',application='Golbet',controller='standings'*/[0m
  ↳ app/controllers/standings_controller.rb:5:in 'StandingsController#index'
  [1m[36mMatch Load (0.1ms)[0m  [1m[34mSELECT "matches".* FROM "matches" WHERE "matches"."tournament_id" = 1 AND "matches"."status" = 'finished' /*action='index',application='Golbet',controller='standings'*/[0m
  ↳ app/services/scoring_service.rb:24:in 'ScoringService.standings'
  Rendering layout layouts/application.html.erb
  Rendering Views::Standings::Index within layouts/application
  Rendered Views::Standings::Index within layouts/application (Duration: 0.4ms | GC: 0.0ms)
  Rendered layout layouts/application.html.erb (Duration: 1.2ms | GC: 0.0ms)
Completed 200 OK in 7ms (Views: 1.6ms | ActiveRecord: 0.5ms (3 queries, 0 cached) | GC: 0.0ms)


Started GET "/predictions" for 127.0.0.1 at 2026-06-02 22:28:20 -0500
Processing by PredictionsController#index as HTML
  [1m[36mPlayer Load (0.2ms)[0m  [1m[34mSELECT "players".* FROM "players" WHERE "players"."session_token" = 'bfdb713938de545bc755ecb37746a7b0' LIMIT 1 /*action='index',application='Golbet',controller='predictions'*/[0m
  ↳ app/controllers/application_controller.rb:12:in 'ApplicationController#current_player'
  [1m[36mTournament Load (0.2ms)[0m  [1m[34mSELECT "tournaments".* FROM "tournaments" ORDER BY "tournaments"."id" ASC LIMIT 1 /*action='index',application='Golbet',controller='predictions'*/[0m
  ↳ app/controllers/predictions_controller.rb:5:in 'PredictionsController#index'
  [1m[36mPrediction Load (0.1ms)[0m  [1m[34mSELECT "predictions".* FROM "predictions" WHERE "predictions"."player_id" = 2 /*action='index',application='Golbet',controller='predictions'*/[0m
  ↳ app/controllers/predictions_controller.rb:7:in 'PredictionsController#index'
  Rendering layout layouts/application.html.erb
  Rendering Views::Predictions::Index within layouts/application
  [1m[36mMatch Exists? (0.2ms)[0m  [1m[34mSELECT 1 AS one FROM "matches" WHERE "matches"."tournament_id" = 1 LIMIT 1 /*action='index',application='Golbet',controller='predictions'*/[0m
  ↳ app/views/predictions/index.rb:14:in 'block in Views::Predictions::Index#view_template'
  [1m[36mMatch Load (0.2ms)[0m  [1m[34mSELECT "matches".* FROM "matches" WHERE "matches"."tournament_id" = 1 ORDER BY "matches"."kickoff_at" ASC /*action='index',application='Golbet',controller='predictions'*/[0m
  ↳ app/views/predictions/index.rb:18:in 'block (2 levels) in Views::Predictions::Index#view_template'
  Rendered Views::Predictions::Index within layouts/application (Duration: 5.0ms | GC: 0.9ms)
  Rendered layout layouts/application.html.erb (Duration: 5.7ms | GC: 0.9ms)
Completed 200 OK in 36ms (Views: 5.9ms | ActiveRecord: 0.9ms (5 queries, 0 cached) | GC: 23.2ms)


Started GET "/standings" for 127.0.0.1 at 2026-06-02 22:29:35 -0500
Processing by StandingsController#index as HTML
  [1m[36mPlayer Load (0.2ms)[0m  [1m[34mSELECT "players".* FROM "players" WHERE "players"."session_token" = 'bfdb713938de545bc755ecb37746a7b0' LIMIT 1 /*action='index',application='Golbet',controller='standings'*/[0m
  ↳ app/controllers/application_controller.rb:12:in 'ApplicationController#current_player'
  [1m[36mTournament Load (0.1ms)[0m  [1m[34mSELECT "tournaments".* FROM "tournaments" ORDER BY "tournaments"."id" ASC LIMIT 1 /*action='index',application='Golbet',controller='standings'*/[0m
  ↳ app/controllers/standings_controller.rb:5:in 'StandingsController#index'
  [1m[36mMatch Load (0.1ms)[0m  [1m[34mSELECT "matches".* FROM "matches" WHERE "matches"."tournament_id" = 1 AND "matches"."status" = 'finished' /*action='index',application='Golbet',controller='standings'*/[0m
  ↳ app/services/scoring_service.rb:24:in 'ScoringService.standings'
  Rendering layout layouts/application.html.erb
  Rendering Views::Standings::Index within layouts/application
  Rendered Views::Standings::Index within layouts/application (Duration: 0.7ms | GC: 0.0ms)
  Rendered layout layouts/application.html.erb (Duration: 2.4ms | GC: 0.0ms)
Completed 200 OK in 9ms (Views: 3.0ms | ActiveRecord: 0.4ms (3 queries, 0 cached) | GC: 0.2ms)


Started GET "/standings" for 127.0.0.1 at 2026-06-02 22:29:35 -0500
Processing by StandingsController#index as HTML
  [1m[36mPlayer Load (0.3ms)[0m  [1m[34mSELECT "players".* FROM "players" WHERE "players"."session_token" = 'bfdb713938de545bc755ecb37746a7b0' LIMIT 1 /*action='index',application='Golbet',controller='standings'*/[0m
  ↳ app/controllers/application_controller.rb:12:in 'ApplicationController#current_player'
  [1m[36mTournament Load (0.1ms)[0m  [1m[34mSELECT "tournaments".* FROM "tournaments" ORDER BY "tournaments"."id" ASC LIMIT 1 /*action='index',application='Golbet',controller='standings'*/[0m
  ↳ app/controllers/standings_controller.rb:5:in 'StandingsController#index'
  [1m[36mMatch Load (0.1ms)[0m  [1m[34mSELECT "matches".* FROM "matches" WHERE "matches"."tournament_id" = 1 AND "matches"."status" = 'finished' /*action='index',application='Golbet',controller='standings'*/[0m
  ↳ app/services/scoring_service.rb:24:in 'ScoringService.standings'
  Rendering layout layouts/application.html.erb
  Rendering Views::Standings::Index within layouts/application
  Rendered Views::Standings::Index within layouts/application (Duration: 0.7ms | GC: 0.1ms)
  Rendered layout layouts/application.html.erb (Duration: 1.6ms | GC: 0.1ms)
Completed 200 OK in 8ms (Views: 2.3ms | ActiveRecord: 0.6ms (3 queries, 0 cached) | GC: 0.1ms)


Started GET "/standings" for 127.0.0.1 at 2026-06-02 22:29:39 -0500
Processing by StandingsController#index as HTML
  [1m[36mPlayer Load (0.2ms)[0m  [1m[34mSELECT "players".* FROM "players" WHERE "players"."session_token" = 'bfdb713938de545bc755ecb37746a7b0' LIMIT 1 /*action='index',application='Golbet',controller='standings'*/[0m
  ↳ app/controllers/application_controller.rb:12:in 'ApplicationController#current_player'
  [1m[36mTournament Load (0.1ms)[0m  [1m[34mSELECT "tournaments".* FROM "tournaments" ORDER BY "tournaments"."id" ASC LIMIT 1 /*action='index',application='Golbet',controller='standings'*/[0m
  ↳ app/controllers/standings_controller.rb:5:in 'StandingsController#index'
  [1m[36mMatch Load (0.1ms)[0m  [1m[34mSELECT "matches".* FROM "matches" WHERE "matches"."tournament_id" = 1 AND "matches"."status" = 'finished' /*action='index',application='Golbet',controller='standings'*/[0m
  ↳ app/services/scoring_service.rb:24:in 'ScoringService.standings'
  Rendering layout layouts/application.html.erb
  Rendering Views::Standings::Index within layouts/application
  Rendered Views::Standings::Index within layouts/application (Duration: 0.6ms | GC: 0.1ms)
  Rendered layout layouts/application.html.erb (Duration: 1.5ms | GC: 0.1ms)
Completed 200 OK in 9ms (Views: 2.1ms | ActiveRecord: 0.5ms (3 queries, 0 cached) | GC: 0.1ms)


  [1m[36mActiveRecord::SchemaMigration Load (0.0ms)[0m  [1m[34mSELECT "schema_migrations"."version" FROM "schema_migrations" ORDER BY "schema_migrations"."version" ASC /*application='Golbet'*/[0m
  [1m[36mTournament Load (0.0ms)[0m  [1m[34mSELECT "tournaments".* FROM "tournaments" ORDER BY "tournaments"."id" ASC LIMIT 1 /*application='Golbet'*/[0m
  [1m[36mMatch Load (0.0ms)[0m  [1m[34mSELECT "matches".* FROM "matches" WHERE "matches"."tournament_id" = 1 AND "matches"."home_team" = 'Argentina' AND "matches"."away_team" = 'Brasil' LIMIT 1 /*application='Golbet'*/[0m
  [1m[36mTRANSACTION (0.0ms)[0m  [1m[35mBEGIN immediate TRANSACTION /*application='Golbet'*/[0m
  [1m[36mMatch Update (0.3ms)[0m  [1m[33mUPDATE "matches" SET "away_score" = 1, "home_score" = 2, "kickoff_at" = '2026-06-03 00:32:04.044756', "status" = 'finished', "updated_at" = '2026-06-03 03:32:04.045080' WHERE "matches"."id" = 1 /*application='Golbet'*/[0m
  [1m[36mTRANSACTION (0.1ms)[0m  [1m[35mCOMMIT TRANSACTION /*application='Golbet'*/[0m
  [1m[36mMatch Load (0.0ms)[0m  [1m[34mSELECT "matches".* FROM "matches" WHERE "matches"."tournament_id" = 1 AND "matches"."home_team" = 'España' AND "matches"."away_team" = 'Francia' LIMIT 1 /*application='Golbet'*/[0m
  [1m[36mTRANSACTION (0.0ms)[0m  [1m[35mBEGIN immediate TRANSACTION /*application='Golbet'*/[0m
  [1m[36mMatch Update (0.3ms)[0m  [1m[33mUPDATE "matches" SET "away_score" = 0, "home_score" = 0, "kickoff_at" = '2026-06-03 01:32:04.046685', "status" = 'finished', "updated_at" = '2026-06-03 03:32:04.046775' WHERE "matches"."id" = 2 /*application='Golbet'*/[0m
  [1m[36mTRANSACTION (0.0ms)[0m  [1m[35mCOMMIT TRANSACTION /*application='Golbet'*/[0m
  [1m[36mMatch Load (0.0ms)[0m  [1m[34mSELECT "matches".* FROM "matches" WHERE "matches"."tournament_id" = 1 AND "matches"."home_team" = 'Uruguay' AND "matches"."away_team" = 'Chile' LIMIT 1 /*application='Golbet'*/[0m
  [1m[36mTRANSACTION (0.0ms)[0m  [1m[35mBEGIN immediate TRANSACTION /*application='Golbet'*/[0m
  [1m[36mMatch Update (0.4ms)[0m  [1m[33mUPDATE "matches" SET "away_score" = 1, "home_score" = 3, "kickoff_at" = '2026-06-03 02:32:04.047983', "status" = 'finished', "updated_at" = '2026-06-03 03:32:04.048055' WHERE "matches"."id" = 3 /*application='Golbet'*/[0m
  [1m[36mTRANSACTION (0.0ms)[0m  [1m[35mCOMMIT TRANSACTION /*application='Golbet'*/[0m
  [1m[36mMatch Load (0.0ms)[0m  [1m[34mSELECT "matches".* FROM "matches" WHERE "matches"."tournament_id" = 1 AND "matches"."home_team" = 'México' AND "matches"."away_team" = 'Estados Unidos' LIMIT 1 /*application='Golbet'*/[0m
  [1m[36mTournament Load (0.1ms)[0m  [1m[34mSELECT "tournaments".* FROM "tournaments" ORDER BY "tournaments"."id" ASC LIMIT 1 /*application='Golbet'*/[0m
  [1m[36mMatch Load (0.0ms)[0m  [1m[34mSELECT "matches".* FROM "matches" WHERE "matches"."tournament_id" = 1 AND "matches"."status" = 'finished' /*application='Golbet'*/[0m
  ↳ app/services/scoring_service.rb:24:in 'ScoringService.standings'
  [1m[36mPrediction Load (0.0ms)[0m  [1m[34mSELECT "predictions".* FROM "predictions" WHERE "predictions"."match_id" IN (1, 2, 3) /*application='Golbet'*/[0m
  ↳ app/services/scoring_service.rb:28:in 'ScoringService.standings'
  [1m[36mActiveRecord::SchemaMigration Load (0.1ms)[0m  [1m[34mSELECT "schema_migrations"."version" FROM "schema_migrations" ORDER BY "schema_migrations"."version" ASC /*application='Golbet'*/[0m
  [1m[36mTournament Load (0.0ms)[0m  [1m[34mSELECT "tournaments".* FROM "tournaments" ORDER BY "tournaments"."id" ASC LIMIT 1 /*application='Golbet'*/[0m
  [1m[36mMatch Load (0.0ms)[0m  [1m[34mSELECT "matches".* FROM "matches" WHERE "matches"."tournament_id" = 1 AND "matches"."home_team" = 'Argentina' AND "matches"."away_team" = 'Brasil' LIMIT 1 /*application='Golbet'*/[0m
  [1m[36mTRANSACTION (0.0ms)[0m  [1m[35mBEGIN immediate TRANSACTION /*application='Golbet'*/[0m
  [1m[36mMatch Update (0.4ms)[0m  [1m[33mUPDATE "matches" SET "kickoff_at" = '2026-06-03 00:32:13.345281', "updated_at" = '2026-06-03 03:32:13.345636' WHERE "matches"."id" = 1 /*application='Golbet'*/[0m
  [1m[36mTRANSACTION (0.0ms)[0m  [1m[35mCOMMIT TRANSACTION /*application='Golbet'*/[0m
  [1m[36mMatch Load (0.0ms)[0m  [1m[34mSELECT "matches".* FROM "matches" WHERE "matches"."tournament_id" = 1 AND "matches"."home_team" = 'España' AND "matches"."away_team" = 'Francia' LIMIT 1 /*application='Golbet'*/[0m
  [1m[36mTRANSACTION (0.0ms)[0m  [1m[35mBEGIN immediate TRANSACTION /*application='Golbet'*/[0m
  [1m[36mMatch Update (0.3ms)[0m  [1m[33mUPDATE "matches" SET "kickoff_at" = '2026-06-03 01:32:13.347035', "updated_at" = '2026-06-03 03:32:13.347135' WHERE "matches"."id" = 2 /*application='Golbet'*/[0m
  [1m[36mTRANSACTION (0.0ms)[0m  [1m[35mCOMMIT TRANSACTION /*application='Golbet'*/[0m
  [1m[36mMatch Load (0.0ms)[0m  [1m[34mSELECT "matches".* FROM "matches" WHERE "matches"."tournament_id" = 1 AND "matches"."home_team" = 'Uruguay' AND "matches"."away_team" = 'Chile' LIMIT 1 /*application='Golbet'*/[0m
  [1m[36mTRANSACTION (0.0ms)[0m  [1m[35mBEGIN immediate TRANSACTION /*application='Golbet'*/[0m
  [1m[36mMatch Update (0.3ms)[0m  [1m[33mUPDATE "matches" SET "kickoff_at" = '2026-06-03 02:32:13.348311', "updated_at" = '2026-06-03 03:32:13.348386' WHERE "matches"."id" = 3 /*application='Golbet'*/[0m
  [1m[36mTRANSACTION (0.0ms)[0m  [1m[35mCOMMIT TRANSACTION /*application='Golbet'*/[0m
  [1m[36mMatch Load (0.0ms)[0m  [1m[34mSELECT "matches".* FROM "matches" WHERE "matches"."tournament_id" = 1 AND "matches"."home_team" = 'México' AND "matches"."away_team" = 'Estados Unidos' LIMIT 1 /*application='Golbet'*/[0m
  [1m[36mActiveRecord::SchemaMigration Load (0.0ms)[0m  [1m[34mSELECT "schema_migrations"."version" FROM "schema_migrations" ORDER BY "schema_migrations"."version" ASC /*application='Golbet'*/[0m
  [1m[36mTournament Load (0.0ms)[0m  [1m[34mSELECT "tournaments".* FROM "tournaments" ORDER BY "tournaments"."id" ASC LIMIT 1 /*application='Golbet'*/[0m
  [1m[36mMatch Load (0.0ms)[0m  [1m[34mSELECT "matches".* FROM "matches" WHERE "matches"."tournament_id" = 1 AND "matches"."home_team" = 'Argentina' AND "matches"."away_team" = 'Brasil' LIMIT 1 /*application='Golbet'*/[0m
  [1m[36mTRANSACTION (0.0ms)[0m  [1m[35mBEGIN immediate TRANSACTION /*application='Golbet'*/[0m
  [1m[36mMatch Update (0.4ms)[0m  [1m[33mUPDATE "matches" SET "kickoff_at" = '2026-06-03 00:32:21.544994', "updated_at" = '2026-06-03 03:32:21.545354' WHERE "matches"."id" = 1 /*application='Golbet'*/[0m
  [1m[36mTRANSACTION (0.0ms)[0m  [1m[35mCOMMIT TRANSACTION /*application='Golbet'*/[0m
  [1m[36mMatch Load (0.0ms)[0m  [1m[34mSELECT "matches".* FROM "matches" WHERE "matches"."tournament_id" = 1 AND "matches"."home_team" = 'España' AND "matches"."away_team" = 'Francia' LIMIT 1 /*application='Golbet'*/[0m
  [1m[36mTRANSACTION (0.0ms)[0m  [1m[35mBEGIN immediate TRANSACTION /*application='Golbet'*/[0m
  [1m[36mMatch Update (0.3ms)[0m  [1m[33mUPDATE "matches" SET "kickoff_at" = '2026-06-03 01:32:21.546739', "updated_at" = '2026-06-03 03:32:21.546826' WHERE "matches"."id" = 2 /*application='Golbet'*/[0m
  [1m[36mTRANSACTION (0.0ms)[0m  [1m[35mCOMMIT TRANSACTION /*application='Golbet'*/[0m
  [1m[36mMatch Load (0.0ms)[0m  [1m[34mSELECT "matches".* FROM "matches" WHERE "matches"."tournament_id" = 1 AND "matches"."home_team" = 'Uruguay' AND "matches"."away_team" = 'Chile' LIMIT 1 /*application='Golbet'*/[0m
  [1m[36mTRANSACTION (0.0ms)[0m  [1m[35mBEGIN immediate TRANSACTION /*application='Golbet'*/[0m
  [1m[36mMatch Update (0.3ms)[0m  [1m[33mUPDATE "matches" SET "kickoff_at" = '2026-06-03 02:32:21.547971', "updated_at" = '2026-06-03 03:32:21.548046' WHERE "matches"."id" = 3 /*application='Golbet'*/[0m
  [1m[36mTRANSACTION (0.0ms)[0m  [1m[35mCOMMIT TRANSACTION /*application='Golbet'*/[0m
  [1m[36mMatch Load (0.0ms)[0m  [1m[34mSELECT "matches".* FROM "matches" WHERE "matches"."tournament_id" = 1 AND "matches"."home_team" = 'México' AND "matches"."away_team" = 'Estados Unidos' LIMIT 1 /*application='Golbet'*/[0m
  [1m[36mActiveRecord::SchemaMigration Load (0.0ms)[0m  [1m[34mSELECT "schema_migrations"."version" FROM "schema_migrations" ORDER BY "schema_migrations"."version" ASC /*application='Golbet'*/[0m
  [1m[36mTournament Load (0.0ms)[0m  [1m[34mSELECT "tournaments".* FROM "tournaments" ORDER BY "tournaments"."id" ASC LIMIT 1 /*application='Golbet'*/[0m
  [1m[36mMatch Load (0.0ms)[0m  [1m[34mSELECT "matches".* FROM "matches" WHERE "matches"."tournament_id" = 1 AND "matches"."home_team" = 'Argentina' AND "matches"."away_team" = 'Brasil' LIMIT 1 /*application='Golbet'*/[0m
  [1m[36mTRANSACTION (0.0ms)[0m  [1m[35mBEGIN immediate TRANSACTION /*application='Golbet'*/[0m
  [1m[36mMatch Update (0.3ms)[0m  [1m[33mUPDATE "matches" SET "kickoff_at" = '2026-06-03 00:32:56.445698', "updated_at" = '2026-06-03 03:32:56.446047' WHERE "matches"."id" = 1 /*application='Golbet'*/[0m
  [1m[36mTRANSACTION (0.0ms)[0m  [1m[35mCOMMIT TRANSACTION /*application='Golbet'*/[0m
  [1m[36mMatch Load (0.0ms)[0m  [1m[34mSELECT "matches".* FROM "matches" WHERE "matches"."tournament_id" = 1 AND "matches"."home_team" = 'España' AND "matches"."away_team" = 'Francia' LIMIT 1 /*application='Golbet'*/[0m
  [1m[36mTRANSACTION (0.0ms)[0m  [1m[35mBEGIN immediate TRANSACTION /*application='Golbet'*/[0m
  [1m[36mMatch Update (0.3ms)[0m  [1m[33mUPDATE "matches" SET "kickoff_at" = '2026-06-03 01:32:56.447481', "updated_at" = '2026-06-03 03:32:56.447583' WHERE "matches"."id" = 2 /*application='Golbet'*/[0m
  [1m[36mTRANSACTION (0.0ms)[0m  [1m[35mCOMMIT TRANSACTION /*application='Golbet'*/[0m
  [1m[36mMatch Load (0.0ms)[0m  [1m[34mSELECT "matches".* FROM "matches" WHERE "matches"."tournament_id" = 1 AND "matches"."home_team" = 'Uruguay' AND "matches"."away_team" = 'Chile' LIMIT 1 /*application='Golbet'*/[0m
  [1m[36mTRANSACTION (0.0ms)[0m  [1m[35mBEGIN immediate TRANSACTION /*application='Golbet'*/[0m
  [1m[36mMatch Update (0.3ms)[0m  [1m[33mUPDATE "matches" SET "kickoff_at" = '2026-06-03 02:32:56.448769', "updated_at" = '2026-06-03 03:32:56.448846' WHERE "matches"."id" = 3 /*application='Golbet'*/[0m
  [1m[36mTRANSACTION (0.0ms)[0m  [1m[35mCOMMIT TRANSACTION /*application='Golbet'*/[0m
  [1m[36mMatch Load (0.0ms)[0m  [1m[34mSELECT "matches".* FROM "matches" WHERE "matches"."tournament_id" = 1 AND "matches"."home_team" = 'México' AND "matches"."away_team" = 'Estados Unidos' LIMIT 1 /*application='Golbet'*/[0m
  [1m[36mTRANSACTION (0.0ms)[0m  [1m[35mBEGIN immediate TRANSACTION /*application='Golbet'*/[0m
  [1m[36mMatch Create (0.4ms)[0m  [1m[32mINSERT INTO "matches" ("away_score", "away_team", "created_at", "home_score", "home_team", "kickoff_at", "status", "tournament_id", "updated_at") VALUES (NULL, 'Estados Unidos', '2026-06-03 03:32:56.450160', NULL, 'México', '2026-06-05 03:32:56.450069', 'scheduled', 1, '2026-06-03 03:32:56.450160') RETURNING "id" /*application='Golbet'*/[0m
  [1m[36mTRANSACTION (0.0ms)[0m  [1m[35mCOMMIT TRANSACTION /*application='Golbet'*/[0m
  [1m[36mTRANSACTION (0.0ms)[0m  [1m[35mBEGIN immediate TRANSACTION /*application='Golbet'*/[0m
  [1m[36mMatch Update (0.3ms)[0m  [1m[33mUPDATE "matches" SET "kickoff_at" = '2026-06-05 03:32:56.451338', "updated_at" = '2026-06-03 03:32:56.451409' WHERE "matches"."id" = 4 /*application='Golbet'*/[0m
  [1m[36mTRANSACTION (0.0ms)[0m  [1m[35mCOMMIT TRANSACTION /*application='Golbet'*/[0m
  [1m[36mMatch Load (0.0ms)[0m  [1m[34mSELECT "matches".* FROM "matches" WHERE "matches"."tournament_id" = 1 AND "matches"."home_team" = 'Colombia' AND "matches"."away_team" = 'Ecuador' LIMIT 1 /*application='Golbet'*/[0m
  [1m[36mTRANSACTION (0.0ms)[0m  [1m[35mBEGIN immediate TRANSACTION /*application='Golbet'*/[0m
  [1m[36mMatch Create (0.4ms)[0m  [1m[32mINSERT INTO "matches" ("away_score", "away_team", "created_at", "home_score", "home_team", "kickoff_at", "status", "tournament_id", "updated_at") VALUES (NULL, 'Ecuador', '2026-06-03 03:32:56.452636', NULL, 'Colombia', '2026-06-06 03:32:56.452573', 'scheduled', 1, '2026-06-03 03:32:56.452636') RETURNING "id" /*application='Golbet'*/[0m
  [1m[36mTRANSACTION (0.0ms)[0m  [1m[35mCOMMIT TRANSACTION /*application='Golbet'*/[0m
  [1m[36mTRANSACTION (0.0ms)[0m  [1m[35mBEGIN immediate TRANSACTION /*application='Golbet'*/[0m
  [1m[36mMatch Update (0.3ms)[0m  [1m[33mUPDATE "matches" SET "kickoff_at" = '2026-06-06 03:32:56.453690', "updated_at" = '2026-06-03 03:32:56.453760' WHERE "matches"."id" = 5 /*application='Golbet'*/[0m
  [1m[36mTRANSACTION (0.0ms)[0m  [1m[35mCOMMIT TRANSACTION /*application='Golbet'*/[0m
  [1m[36mPlayer Load (0.0ms)[0m  [1m[34mSELECT "players".* FROM "players" WHERE "players"."name" = 'Ana' LIMIT 1 /*application='Golbet'*/[0m
  [1m[36mTRANSACTION (0.0ms)[0m  [1m[35mBEGIN immediate TRANSACTION /*application='Golbet'*/[0m
  [1m[36mPlayer Exists? (0.0ms)[0m  [1m[34mSELECT 1 AS one FROM "players" WHERE "players"."session_token" = 'cdf7871ceb1751dd41ce30a80257dbf9' LIMIT 1 /*application='Golbet'*/[0m
  [1m[36mPlayer Create (0.0ms)[0m  [1m[32mINSERT INTO "players" ("created_at", "name", "session_token", "updated_at") VALUES ('2026-06-03 03:32:56.456788', 'Ana', 'cdf7871ceb1751dd41ce30a80257dbf9', '2026-06-03 03:32:56.456788') RETURNING "id" /*application='Golbet'*/[0m
  [1m[36mTRANSACTION (0.0ms)[0m  [1m[35mCOMMIT TRANSACTION /*application='Golbet'*/[0m
  [1m[36mPrediction Exists? (0.0ms)[0m  [1m[34mSELECT 1 AS one FROM "predictions" WHERE "predictions"."player_id" = 4 AND "predictions"."match_id" = 1 LIMIT 1 /*application='Golbet'*/[0m
  [1m[36mTRANSACTION (0.0ms)[0m  [1m[35mBEGIN immediate TRANSACTION /*application='Golbet'*/[0m
  [1m[36mPrediction Create (0.3ms)[0m  [1m[32mINSERT INTO "predictions" ("away_pred", "created_at", "home_pred", "match_id", "player_id", "updated_at") VALUES (1, '2026-06-03 03:32:56.459088', 2, 1, 4, '2026-06-03 03:32:56.459088') RETURNING "id" /*application='Golbet'*/[0m
  [1m[36mTRANSACTION (0.0ms)[0m  [1m[35mCOMMIT TRANSACTION /*application='Golbet'*/[0m
  [1m[36mPrediction Exists? (0.0ms)[0m  [1m[34mSELECT 1 AS one FROM "predictions" WHERE "predictions"."player_id" = 4 AND "predictions"."match_id" = 2 LIMIT 1 /*application='Golbet'*/[0m
  [1m[36mTRANSACTION (0.0ms)[0m  [1m[35mBEGIN immediate TRANSACTION /*application='Golbet'*/[0m
  [1m[36mPrediction Create (0.3ms)[0m  [1m[32mINSERT INTO "predictions" ("away_pred", "created_at", "home_pred", "match_id", "player_id", "updated_at") VALUES (0, '2026-06-03 03:32:56.460343', 0, 2, 4, '2026-06-03 03:32:56.460343') RETURNING "id" /*application='Golbet'*/[0m
  [1m[36mTRANSACTION (0.0ms)[0m  [1m[35mCOMMIT TRANSACTION /*application='Golbet'*/[0m
  [1m[36mPrediction Exists? (0.0ms)[0m  [1m[34mSELECT 1 AS one FROM "predictions" WHERE "predictions"."player_id" = 4 AND "predictions"."match_id" = 3 LIMIT 1 /*application='Golbet'*/[0m
  [1m[36mTRANSACTION (0.0ms)[0m  [1m[35mBEGIN immediate TRANSACTION /*application='Golbet'*/[0m
  [1m[36mPrediction Create (0.4ms)[0m  [1m[32mINSERT INTO "predictions" ("away_pred", "created_at", "home_pred", "match_id", "player_id", "updated_at") VALUES (1, '2026-06-03 03:32:56.461547', 3, 3, 4, '2026-06-03 03:32:56.461547') RETURNING "id" /*application='Golbet'*/[0m
  [1m[36mTRANSACTION (0.0ms)[0m  [1m[35mCOMMIT TRANSACTION /*application='Golbet'*/[0m
  [1m[36mPlayer Load (0.0ms)[0m  [1m[34mSELECT "players".* FROM "players" WHERE "players"."name" = 'Diego' LIMIT 1 /*application='Golbet'*/[0m
  [1m[36mTRANSACTION (0.0ms)[0m  [1m[35mBEGIN immediate TRANSACTION /*application='Golbet'*/[0m
  [1m[36mPlayer Exists? (0.4ms)[0m  [1m[34mSELECT 1 AS one FROM "players" WHERE "players"."session_token" = 'efd83121bf5d4c42898fc8f2d3583648' LIMIT 1 /*application='Golbet'*/[0m
  [1m[36mPlayer Create (0.0ms)[0m  [1m[32mINSERT INTO "players" ("created_at", "name", "session_token", "updated_at") VALUES ('2026-06-03 03:32:56.463842', 'Diego', 'efd83121bf5d4c42898fc8f2d3583648', '2026-06-03 03:32:56.463842') RETURNING "id" /*application='Golbet'*/[0m
  [1m[36mTRANSACTION (0.0ms)[0m  [1m[35mCOMMIT TRANSACTION /*application='Golbet'*/[0m
  [1m[36mPrediction Exists? (0.0ms)[0m  [1m[34mSELECT 1 AS one FROM "predictions" WHERE "predictions"."player_id" = 5 AND "predictions"."match_id" = 1 LIMIT 1 /*application='Golbet'*/[0m
  [1m[36mTRANSACTION (0.0ms)[0m  [1m[35mBEGIN immediate TRANSACTION /*application='Golbet'*/[0m
  [1m[36mPrediction Create (0.3ms)[0m  [1m[32mINSERT INTO "predictions" ("away_pred", "created_at", "home_pred", "match_id", "player_id", "updated_at") VALUES (1, '2026-06-03 03:32:56.464783', 2, 1, 5, '2026-06-03 03:32:56.464783') RETURNING "id" /*application='Golbet'*/[0m
  [1m[36mTRANSACTION (0.0ms)[0m  [1m[35mCOMMIT TRANSACTION /*application='Golbet'*/[0m
  [1m[36mPrediction Exists? (0.0ms)[0m  [1m[34mSELECT 1 AS one FROM "predictions" WHERE "predictions"."player_id" = 5 AND "predictions"."match_id" = 2 LIMIT 1 /*application='Golbet'*/[0m
  [1m[36mTRANSACTION (0.0ms)[0m  [1m[35mBEGIN immediate TRANSACTION /*application='Golbet'*/[0m
  [1m[36mPrediction Create (0.3ms)[0m  [1m[32mINSERT INTO "predictions" ("away_pred", "created_at", "home_pred", "match_id", "player_id", "updated_at") VALUES (1, '2026-06-03 03:32:56.465906', 1, 2, 5, '2026-06-03 03:32:56.465906') RETURNING "id" /*application='Golbet'*/[0m
  [1m[36mTRANSACTION (0.0ms)[0m  [1m[35mCOMMIT TRANSACTION /*application='Golbet'*/[0m
  [1m[36mPrediction Exists? (0.0ms)[0m  [1m[34mSELECT 1 AS one FROM "predictions" WHERE "predictions"."player_id" = 5 AND "predictions"."match_id" = 3 LIMIT 1 /*application='Golbet'*/[0m
  [1m[36mTRANSACTION (0.0ms)[0m  [1m[35mBEGIN immediate TRANSACTION /*application='Golbet'*/[0m
  [1m[36mPrediction Create (0.3ms)[0m  [1m[32mINSERT INTO "predictions" ("away_pred", "created_at", "home_pred", "match_id", "player_id", "updated_at") VALUES (0, '2026-06-03 03:32:56.467051', 2, 3, 5, '2026-06-03 03:32:56.467051') RETURNING "id" /*application='Golbet'*/[0m
  [1m[36mTRANSACTION (0.0ms)[0m  [1m[35mCOMMIT TRANSACTION /*application='Golbet'*/[0m
  [1m[36mPlayer Load (0.0ms)[0m  [1m[34mSELECT "players".* FROM "players" WHERE "players"."name" = 'Beto' LIMIT 1 /*application='Golbet'*/[0m
  [1m[36mTRANSACTION (0.0ms)[0m  [1m[35mBEGIN immediate TRANSACTION /*application='Golbet'*/[0m
  [1m[36mPlayer Exists? (0.4ms)[0m  [1m[34mSELECT 1 AS one FROM "players" WHERE "players"."session_token" = 'e754ec574820d560c45f22821ef8fb9c' LIMIT 1 /*application='Golbet'*/[0m
  [1m[36mPlayer Create (0.0ms)[0m  [1m[32mINSERT INTO "players" ("created_at", "name", "session_token", "updated_at") VALUES ('2026-06-03 03:32:56.468885', 'Beto', 'e754ec574820d560c45f22821ef8fb9c', '2026-06-03 03:32:56.468885') RETURNING "id" /*application='Golbet'*/[0m
  [1m[36mTRANSACTION (0.0ms)[0m  [1m[35mCOMMIT TRANSACTION /*application='Golbet'*/[0m
  [1m[36mPrediction Exists? (0.0ms)[0m  [1m[34mSELECT 1 AS one FROM "predictions" WHERE "predictions"."player_id" = 6 AND "predictions"."match_id" = 1 LIMIT 1 /*application='Golbet'*/[0m
  [1m[36mTRANSACTION (0.0ms)[0m  [1m[35mBEGIN immediate TRANSACTION /*application='Golbet'*/[0m
  [1m[36mPrediction Create (0.4ms)[0m  [1m[32mINSERT INTO "predictions" ("away_pred", "created_at", "home_pred", "match_id", "player_id", "updated_at") VALUES (0, '2026-06-03 03:32:56.469791', 1, 1, 6, '2026-06-03 03:32:56.469791') RETURNING "id" /*application='Golbet'*/[0m
  [1m[36mTRANSACTION (0.0ms)[0m  [1m[35mCOMMIT TRANSACTION /*application='Golbet'*/[0m
  [1m[36mPrediction Exists? (0.0ms)[0m  [1m[34mSELECT 1 AS one FROM "predictions" WHERE "predictions"."player_id" = 6 AND "predictions"."match_id" = 2 LIMIT 1 /*application='Golbet'*/[0m
  [1m[36mTRANSACTION (0.0ms)[0m  [1m[35mBEGIN immediate TRANSACTION /*application='Golbet'*/[0m
  [1m[36mPrediction Create (0.3ms)[0m  [1m[32mINSERT INTO "predictions" ("away_pred", "created_at", "home_pred", "match_id", "player_id", "updated_at") VALUES (2, '2026-06-03 03:32:56.471026', 2, 2, 6, '2026-06-03 03:32:56.471026') RETURNING "id" /*application='Golbet'*/[0m
  [1m[36mTRANSACTION (0.0ms)[0m  [1m[35mCOMMIT TRANSACTION /*application='Golbet'*/[0m
  [1m[36mPrediction Exists? (0.0ms)[0m  [1m[34mSELECT 1 AS one FROM "predictions" WHERE "predictions"."player_id" = 6 AND "predictions"."match_id" = 3 LIMIT 1 /*application='Golbet'*/[0m
  [1m[36mTRANSACTION (0.0ms)[0m  [1m[35mBEGIN immediate TRANSACTION /*application='Golbet'*/[0m
  [1m[36mPrediction Create (0.3ms)[0m  [1m[32mINSERT INTO "predictions" ("away_pred", "created_at", "home_pred", "match_id", "player_id", "updated_at") VALUES (0, '2026-06-03 03:32:56.472156', 1, 3, 6, '2026-06-03 03:32:56.472156') RETURNING "id" /*application='Golbet'*/[0m
  [1m[36mTRANSACTION (0.0ms)[0m  [1m[35mCOMMIT TRANSACTION /*application='Golbet'*/[0m
  [1m[36mPlayer Load (0.0ms)[0m  [1m[34mSELECT "players".* FROM "players" WHERE "players"."name" = 'Caro' LIMIT 1 /*application='Golbet'*/[0m
  [1m[36mTRANSACTION (0.0ms)[0m  [1m[35mBEGIN immediate TRANSACTION /*application='Golbet'*/[0m
  [1m[36mPlayer Exists? (0.4ms)[0m  [1m[34mSELECT 1 AS one FROM "players" WHERE "players"."session_token" = '12783411025a6e642cb9130757452c98' LIMIT 1 /*application='Golbet'*/[0m
  [1m[36mPlayer Create (0.0ms)[0m  [1m[32mINSERT INTO "players" ("created_at", "name", "session_token", "updated_at") VALUES ('2026-06-03 03:32:56.473945', 'Caro', '12783411025a6e642cb9130757452c98', '2026-06-03 03:32:56.473945') RETURNING "id" /*application='Golbet'*/[0m
  [1m[36mTRANSACTION (0.0ms)[0m  [1m[35mCOMMIT TRANSACTION /*application='Golbet'*/[0m
  [1m[36mPrediction Exists? (0.0ms)[0m  [1m[34mSELECT 1 AS one FROM "predictions" WHERE "predictions"."player_id" = 7 AND "predictions"."match_id" = 1 LIMIT 1 /*application='Golbet'*/[0m
  [1m[36mTRANSACTION (0.0ms)[0m  [1m[35mBEGIN immediate TRANSACTION /*application='Golbet'*/[0m
  [1m[36mPrediction Create (0.3ms)[0m  [1m[32mINSERT INTO "predictions" ("away_pred", "created_at", "home_pred", "match_id", "player_id", "updated_at") VALUES (0, '2026-06-03 03:32:56.474821', 5, 1, 7, '2026-06-03 03:32:56.474821') RETURNING "id" /*application='Golbet'*/[0m
  [1m[36mTRANSACTION (0.0ms)[0m  [1m[35mCOMMIT TRANSACTION /*application='Golbet'*/[0m
  [1m[36mPrediction Exists? (0.0ms)[0m  [1m[34mSELECT 1 AS one FROM "predictions" WHERE "predictions"."player_id" = 7 AND "predictions"."match_id" = 2 LIMIT 1 /*application='Golbet'*/[0m
  [1m[36mTRANSACTION (0.0ms)[0m  [1m[35mBEGIN immediate TRANSACTION /*application='Golbet'*/[0m
  [1m[36mPrediction Create (0.3ms)[0m  [1m[32mINSERT INTO "predictions" ("away_pred", "created_at", "home_pred", "match_id", "player_id", "updated_at") VALUES (1, '2026-06-03 03:32:56.475910', 2, 2, 7, '2026-06-03 03:32:56.475910') RETURNING "id" /*application='Golbet'*/[0m
  [1m[36mTRANSACTION (0.0ms)[0m  [1m[35mCOMMIT TRANSACTION /*application='Golbet'*/[0m
  [1m[36mPrediction Exists? (0.0ms)[0m  [1m[34mSELECT 1 AS one FROM "predictions" WHERE "predictions"."player_id" = 7 AND "predictions"."match_id" = 3 LIMIT 1 /*application='Golbet'*/[0m
  [1m[36mTRANSACTION (0.0ms)[0m  [1m[35mBEGIN immediate TRANSACTION /*application='Golbet'*/[0m
  [1m[36mPrediction Create (0.3ms)[0m  [1m[32mINSERT INTO "predictions" ("away_pred", "created_at", "home_pred", "match_id", "player_id", "updated_at") VALUES (2, '2026-06-03 03:32:56.476950', 0, 3, 7, '2026-06-03 03:32:56.476950') RETURNING "id" /*application='Golbet'*/[0m
  [1m[36mTRANSACTION (0.0ms)[0m  [1m[35mCOMMIT TRANSACTION /*application='Golbet'*/[0m
  [1m[36mPlayer Load (0.0ms)[0m  [1m[34mSELECT "players".* FROM "players" WHERE "players"."name" = 'Oscar' LIMIT 1 /*application='Golbet'*/[0m
  [1m[36mPrediction Exists? (0.0ms)[0m  [1m[34mSELECT 1 AS one FROM "predictions" WHERE "predictions"."player_id" = 3 AND "predictions"."match_id" = 1 LIMIT 1 /*application='Golbet'*/[0m
  [1m[36mTRANSACTION (0.0ms)[0m  [1m[35mBEGIN immediate TRANSACTION /*application='Golbet'*/[0m
  [1m[36mPrediction Create (0.3ms)[0m  [1m[32mINSERT INTO "predictions" ("away_pred", "created_at", "home_pred", "match_id", "player_id", "updated_at") VALUES (3, '2026-06-03 03:32:56.478416', 0, 1, 3, '2026-06-03 03:32:56.478416') RETURNING "id" /*application='Golbet'*/[0m
  [1m[36mTRANSACTION (0.0ms)[0m  [1m[35mCOMMIT TRANSACTION /*application='Golbet'*/[0m
  [1m[36mPrediction Exists? (0.0ms)[0m  [1m[34mSELECT 1 AS one FROM "predictions" WHERE "predictions"."player_id" = 3 AND "predictions"."match_id" = 2 LIMIT 1 /*application='Golbet'*/[0m
  [1m[36mTRANSACTION (0.0ms)[0m  [1m[35mBEGIN immediate TRANSACTION /*application='Golbet'*/[0m
  [1m[36mPrediction Create (7.1ms)[0m  [1m[32mINSERT INTO "predictions" ("away_pred", "created_at", "home_pred", "match_id", "player_id", "updated_at") VALUES (2, '2026-06-03 03:32:56.479604', 1, 2, 3, '2026-06-03 03:32:56.479604') RETURNING "id" /*application='Golbet'*/[0m
  [1m[36mTRANSACTION (0.0ms)[0m  [1m[35mCOMMIT TRANSACTION /*application='Golbet'*/[0m
  [1m[36mPrediction Exists? (0.0ms)[0m  [1m[34mSELECT 1 AS one FROM "predictions" WHERE "predictions"."player_id" = 3 AND "predictions"."match_id" = 3 LIMIT 1 /*application='Golbet'*/[0m
  [1m[36mTRANSACTION (0.0ms)[0m  [1m[35mBEGIN immediate TRANSACTION /*application='Golbet'*/[0m
  [1m[36mPrediction Create (0.3ms)[0m  [1m[32mINSERT INTO "predictions" ("away_pred", "created_at", "home_pred", "match_id", "player_id", "updated_at") VALUES (5, '2026-06-03 03:32:56.487667', 0, 3, 3, '2026-06-03 03:32:56.487667') RETURNING "id" /*application='Golbet'*/[0m
  [1m[36mTRANSACTION (0.0ms)[0m  [1m[35mCOMMIT TRANSACTION /*application='Golbet'*/[0m
  [1m[36mTournament Count (0.0ms)[0m  [1m[34mSELECT COUNT(*) FROM "tournaments" /*application='Golbet'*/[0m
  [1m[36mMatch Count (0.0ms)[0m  [1m[34mSELECT COUNT(*) FROM "matches" /*application='Golbet'*/[0m
  [1m[36mPlayer Count (0.0ms)[0m  [1m[34mSELECT COUNT(*) FROM "players" /*application='Golbet'*/[0m
  [1m[36mPrediction Count (0.0ms)[0m  [1m[34mSELECT COUNT(*) FROM "predictions" /*application='Golbet'*/[0m
  [1m[36mTournament Load (0.1ms)[0m  [1m[34mSELECT "tournaments".* FROM "tournaments" ORDER BY "tournaments"."id" ASC LIMIT 1 /*application='Golbet'*/[0m
  [1m[36mMatch Load (0.0ms)[0m  [1m[34mSELECT "matches".* FROM "matches" WHERE "matches"."tournament_id" = 1 AND "matches"."status" = 'finished' /*application='Golbet'*/[0m
  ↳ app/services/scoring_service.rb:24:in 'ScoringService.standings'
  [1m[36mPrediction Load (0.0ms)[0m  [1m[34mSELECT "predictions".* FROM "predictions" WHERE "predictions"."match_id" IN (1, 2, 3) /*application='Golbet'*/[0m
  ↳ app/services/scoring_service.rb:28:in 'ScoringService.standings'
  [1m[36mPlayer Load (0.0ms)[0m  [1m[34mSELECT "players".* FROM "players" WHERE "players"."id" IN (4, 5, 6, 7, 3) /*application='Golbet'*/[0m
  ↳ app/services/scoring_service.rb:28:in 'ScoringService.standings'
Started GET "/" for ::1 at 2026-06-02 22:33:25 -0500
  [1m[36mActiveRecord::SchemaMigration Load (0.1ms)[0m  [1m[34mSELECT "schema_migrations"."version" FROM "schema_migrations" ORDER BY "schema_migrations"."version" ASC /*application='Golbet'*/[0m
Processing by SessionsController#new as */*
  [1m[36mPlayer Load (0.0ms)[0m  [1m[34mSELECT "players".* FROM "players" WHERE "players"."session_token" IS NULL LIMIT 1 /*action='new',application='Golbet',controller='sessions'*/[0m
  ↳ app/controllers/application_controller.rb:12:in 'ApplicationController#current_player'
  Rendering layout layouts/application.html.erb
  Rendering Views::Sessions::New within layouts/application
  Rendered Views::Sessions::New within layouts/application (Duration: 1.0ms | GC: 0.0ms)
  Rendered layout layouts/application.html.erb (Duration: 4.3ms | GC: 0.0ms)
Completed 200 OK in 16ms (Views: 6.5ms | ActiveRecord: 0.8ms (1 query, 0 cached) | GC: 0.0ms)


Started POST "/session" for ::1 at 2026-06-02 22:33:25 -0500
Processing by SessionsController#create as */*
  Parameters: {"name" => "Oscar"}
Can't verify CSRF token authenticity.
Completed 422 Unprocessable Content in 0ms (ActiveRecord: 0.0ms (0 queries, 0 cached) | GC: 0.0ms)


  
ActionController::InvalidAuthenticityToken (Can't verify CSRF token authenticity.):
  
actionpack (8.1.3) lib/action_controller/metal/request_forgery_protection.rb:321:in 'ActionController::RequestForgeryProtection::ProtectionMethods::Exception#handle_unverified_request'
actionpack (8.1.3) lib/action_controller/metal/request_forgery_protection.rb:415:in 'ActionController::RequestForgeryProtection#handle_unverified_request'
actionpack (8.1.3) lib/action_controller/metal/request_forgery_protection.rb:404:in 'ActionController::RequestForgeryProtection#verify_authenticity_token'
activesupport (8.1.3) lib/active_support/callbacks.rb:362:in 'block in ActiveSupport::Callbacks::CallTemplate::MethodCall#make_lambda'
activesupport (8.1.3) lib/active_support/callbacks.rb:179:in 'block in ActiveSupport::Callbacks::Filters::Before#call'
actionpack (8.1.3) lib/abstract_controller/callbacks.rb:36:in 'block (2 levels) in <module:Callbacks>'
activesupport (8.1.3) lib/active_support/callbacks.rb:180:in 'ActiveSupport::Callbacks::Filters::Before#call'
activesupport (8.1.3) lib/active_support/callbacks.rb:560:in 'block in ActiveSupport::Callbacks::CallbackSequence#invoke_before'
activesupport (8.1.3) lib/active_support/callbacks.rb:560:in 'Array#each'
activesupport (8.1.3) lib/active_support/callbacks.rb:560:in 'ActiveSupport::Callbacks::CallbackSequence#invoke_before'
activesupport (8.1.3) lib/active_support/callbacks.rb:119:in 'block in ActiveSupport::Callbacks#run_callbacks'
activesupport (8.1.3) lib/active_support/callbacks.rb:141:in 'ActiveSupport::Callbacks#run_callbacks'
actionpack (8.1.3) lib/abstract_controller/callbacks.rb:266:in 'AbstractController::Callbacks#process_action'
actionpack (8.1.3) lib/action_controller/metal/rescue.rb:36:in 'ActionController::Rescue#process_action'
actionpack (8.1.3) lib/action_controller/metal/instrumentation.rb:76:in 'block in ActionController::Instrumentation#process_action'
activesupport (8.1.3) lib/active_support/notifications.rb:210:in 'block in ActiveSupport::Notifications.instrument'
activesupport (8.1.3) lib/active_support/notifications/instrumenter.rb:58:in 'ActiveSupport::Notifications::Instrumenter#instrument'
activesupport (8.1.3) lib/active_support/notifications.rb:210:in 'ActiveSupport::Notifications.instrument'
actionpack (8.1.3) lib/action_controller/metal/instrumentation.rb:75:in 'ActionController::Instrumentation#process_action'
actionpack (8.1.3) lib/action_controller/metal/params_wrapper.rb:259:in 'ActionController::ParamsWrapper#process_action'
activerecord (8.1.3) lib/active_record/railties/controller_runtime.rb:39:in 'ActiveRecord::Railties::ControllerRuntime#process_action'
actionpack (8.1.3) lib/abstract_controller/base.rb:154:in 'AbstractController::Base#process'
actionview (8.1.3) lib/action_view/rendering.rb:40:in 'ActionView::Rendering#process'
actionpack (8.1.3) lib/action_controller/metal.rb:252:in 'ActionController::Metal#dispatch'
actionpack (8.1.3) lib/action_controller/metal.rb:335:in 'ActionController::Metal.dispatch'
actionpack (8.1.3) lib/action_dispatch/routing/route_set.rb:65:in 'ActionDispatch::Routing::RouteSet::Dispatcher#dispatch'
actionpack (8.1.3) lib/action_dispatch/routing/route_set.rb:50:in 'ActionDispatch::Routing::RouteSet::Dispatcher#serve'
actionpack (8.1.3) lib/action_dispatch/journey/router.rb:35:in 'block in ActionDispatch::Journey::Router#serve'
actionpack (8.1.3) lib/action_dispatch/journey/router.rb:86:in 'block in ActionDispatch::Journey::Router#recognize'
actionpack (8.1.3) lib/action_dispatch/journey/router.rb:66:in 'Array#each'
actionpack (8.1.3) lib/action_dispatch/journey/router.rb:66:in 'ActionDispatch::Journey::Router#recognize'
actionpack (8.1.3) lib/action_dispatch/journey/router.rb:31:in 'ActionDispatch::Journey::Router#serve'
actionpack (8.1.3) lib/action_dispatch/routing/route_set.rb:906:in 'ActionDispatch::Routing::RouteSet#call'
railties (8.1.3) lib/rails/engine/lazy_route_set.rb:60:in 'Rails::Engine::LazyRouteSet#call'
rack (3.2.6) lib/rack/tempfile_reaper.rb:20:in 'Rack::TempfileReaper#call'
rack (3.2.6) lib/rack/etag.rb:29:in 'Rack::ETag#call'
rack (3.2.6) lib/rack/conditional_get.rb:44:in 'Rack::ConditionalGet#call'
rack (3.2.6) lib/rack/head.rb:15:in 'Rack::Head#call'
actionpack (8.1.3) lib/action_dispatch/http/content_security_policy.rb:38:in 'ActionDispatch::ContentSecurityPolicy::Middleware#call'
rack-session (2.1.2) lib/rack/session/abstract/id.rb:274:in 'Rack::Session::Abstract::Persisted#context'
rack-session (2.1.2) lib/rack/session/abstract/id.rb:268:in 'Rack::Session::Abstract::Persisted#call'
actionpack (8.1.3) lib/action_dispatch/middleware/cookies.rb:708:in 'ActionDispatch::Cookies#call'
activerecord (8.1.3) lib/active_record/migration.rb:671:in 'ActiveRecord::Migration::CheckPending#call'
actionpack (8.1.3) lib/action_dispatch/middleware/callbacks.rb:31:in 'block in ActionDispatch::Callbacks#call'
activesupport (8.1.3) lib/active_support/callbacks.rb:101:in 'ActiveSupport::Callbacks#run_callbacks'
actionpack (8.1.3) lib/action_dispatch/middleware/callbacks.rb:30:in 'ActionDispatch::Callbacks#call'
actionpack (8.1.3) lib/action_dispatch/middleware/executor.rb:20:in 'ActionDispatch::Executor#call'
actionpack (8.1.3) lib/action_dispatch/middleware/actionable_exceptions.rb:18:in 'ActionDispatch::ActionableExceptions#call'
actionpack (8.1.3) lib/action_dispatch/middleware/debug_exceptions.rb:31:in 'ActionDispatch::DebugExceptions#call'
web-console (4.3.0) lib/web_console/middleware.rb:132:in 'WebConsole::Middleware#call_app'
web-console (4.3.0) lib/web_console/middleware.rb:28:in 'block in WebConsole::Middleware#call'
web-console (4.3.0) lib/web_console/middleware.rb:17:in 'Kernel#catch'
web-console (4.3.0) lib/web_console/middleware.rb:17:in 'WebConsole::Middleware#call'
actionpack (8.1.3) lib/action_dispatch/middleware/show_exceptions.rb:32:in 'ActionDispatch::ShowExceptions#call'
railties (8.1.3) lib/rails/rack/logger.rb:41:in 'Rails::Rack::Logger#call_app'
railties (8.1.3) lib/rails/rack/logger.rb:29:in 'Rails::Rack::Logger#call'
propshaft (1.3.2) lib/propshaft/quiet_assets.rb:11:in 'Propshaft::QuietAssets#call'
actionpack (8.1.3) lib/action_dispatch/middleware/remote_ip.rb:98:in 'ActionDispatch::RemoteIp#call'
actionpack (8.1.3) lib/action_dispatch/middleware/request_id.rb:34:in 'ActionDispatch::RequestId#call'
rack (3.2.6) lib/rack/method_override.rb:28:in 'Rack::MethodOverride#call'
rack (3.2.6) lib/rack/runtime.rb:24:in 'Rack::Runtime#call'
activesupport (8.1.3) lib/active_support/cache/strategy/local_cache_middleware.rb:30:in 'ActiveSupport::Cache::Strategy::LocalCache::Middleware#call'
actionpack (8.1.3) lib/action_dispatch/middleware/server_timing.rb:61:in 'block in ActionDispatch::ServerTiming#call'
actionpack (8.1.3) lib/action_dispatch/middleware/server_timing.rb:26:in 'ActionDispatch::ServerTiming::Subscriber#collect_events'
actionpack (8.1.3) lib/action_dispatch/middleware/server_timing.rb:60:in 'ActionDispatch::ServerTiming#call'
actionpack (8.1.3) lib/action_dispatch/middleware/executor.rb:20:in 'ActionDispatch::Executor#call'
propshaft (1.3.2) lib/propshaft/server.rb:37:in 'Propshaft::Server#call'
actionpack (8.1.3) lib/action_dispatch/middleware/static.rb:27:in 'ActionDispatch::Static#call'
rack (3.2.6) lib/rack/sendfile.rb:131:in 'Rack::Sendfile#call'
actionpack (8.1.3) lib/action_dispatch/middleware/host_authorization.rb:143:in 'ActionDispatch::HostAuthorization#call'
railties (8.1.3) lib/rails/engine.rb:534:in 'Rails::Engine#call'
puma (8.0.2) lib/puma/configuration.rb:305:in 'Puma::Configuration::ConfigMiddleware#call'
puma (8.0.2) lib/puma/response.rb:79:in 'block in Puma::Response#handle_request'
puma (8.0.2) lib/puma/thread_pool.rb:434:in 'Puma::ThreadPool#with_force_shutdown'
puma (8.0.2) lib/puma/response.rb:78:in 'Puma::Response#handle_request'
puma (8.0.2) lib/puma/server.rb:508:in 'Puma::Server#process_client'
puma (8.0.2) lib/puma/server.rb:263:in 'block in Puma::Server#run'
puma (8.0.2) lib/puma/thread_pool.rb:246:in 'block in Puma::ThreadPool#spawn_thread'
Started GET "/standings" for ::1 at 2026-06-02 22:33:25 -0500
Processing by StandingsController#index as */*
  [1m[36mPlayer Load (0.1ms)[0m  [1m[34mSELECT "players".* FROM "players" WHERE "players"."session_token" IS NULL LIMIT 1 /*action='index',application='Golbet',controller='standings'*/[0m
  ↳ app/controllers/application_controller.rb:12:in 'ApplicationController#current_player'
Redirected to http://localhost:3050/
↳ app/controllers/application_controller.rb:16:in 'ApplicationController#require_player'
Filter chain halted as :require_player rendered or redirected
Completed 302 Found in 1ms (ActiveRecord: 0.1ms (1 query, 0 cached) | GC: 0.0ms)


Started GET "/standings" for 127.0.0.1 at 2026-06-02 22:33:54 -0500
  [1m[36mActiveRecord::SchemaMigration Load (0.1ms)[0m  [1m[34mSELECT "schema_migrations"."version" FROM "schema_migrations" ORDER BY "schema_migrations"."version" ASC /*application='Golbet'*/[0m
Processing by StandingsController#index as HTML
  [1m[36mPlayer Load (0.0ms)[0m  [1m[34mSELECT "players".* FROM "players" WHERE "players"."session_token" = 'bfdb713938de545bc755ecb37746a7b0' LIMIT 1 /*action='index',application='Golbet',controller='standings'*/[0m
  ↳ app/controllers/application_controller.rb:12:in 'ApplicationController#current_player'
  [1m[36mTournament Load (0.0ms)[0m  [1m[34mSELECT "tournaments".* FROM "tournaments" ORDER BY "tournaments"."id" ASC LIMIT 1 /*action='index',application='Golbet',controller='standings'*/[0m
  ↳ app/controllers/standings_controller.rb:5:in 'StandingsController#index'
  [1m[36mMatch Load (0.0ms)[0m  [1m[34mSELECT "matches".* FROM "matches" WHERE "matches"."tournament_id" = 1 AND "matches"."status" = 'finished' /*action='index',application='Golbet',controller='standings'*/[0m
  ↳ app/services/scoring_service.rb:24:in 'ScoringService.standings'
  [1m[36mPrediction Load (0.0ms)[0m  [1m[34mSELECT "predictions".* FROM "predictions" WHERE "predictions"."match_id" IN (1, 2, 3) /*action='index',application='Golbet',controller='standings'*/[0m
  ↳ app/services/scoring_service.rb:28:in 'ScoringService.standings'
  [1m[36mPlayer Load (0.0ms)[0m  [1m[34mSELECT "players".* FROM "players" WHERE "players"."id" IN (4, 5, 6, 7, 3) /*action='index',application='Golbet',controller='standings'*/[0m
  ↳ app/services/scoring_service.rb:28:in 'ScoringService.standings'
  Rendering layout layouts/application.html.erb
  Rendering Views::Standings::Index within layouts/application
  Rendered Views::Standings::Index within layouts/application (Duration: 3.3ms | GC: 0.0ms)
  Rendered layout layouts/application.html.erb (Duration: 20.7ms | GC: 12.1ms)
Completed 200 OK in 52ms (Views: 23.3ms | ActiveRecord: 1.1ms (5 queries, 0 cached) | GC: 12.1ms)


Started GET "/predictions" for 127.0.0.1 at 2026-06-02 22:33:58 -0500
Processing by PredictionsController#index as HTML
  [1m[36mPlayer Load (0.3ms)[0m  [1m[34mSELECT "players".* FROM "players" WHERE "players"."session_token" = 'bfdb713938de545bc755ecb37746a7b0' LIMIT 1 /*action='index',application='Golbet',controller='predictions'*/[0m
  ↳ app/controllers/application_controller.rb:12:in 'ApplicationController#current_player'
  [1m[36mTournament Load (0.1ms)[0m  [1m[34mSELECT "tournaments".* FROM "tournaments" ORDER BY "tournaments"."id" ASC LIMIT 1 /*action='index',application='Golbet',controller='predictions'*/[0m
  ↳ app/controllers/predictions_controller.rb:5:in 'PredictionsController#index'
  [1m[36mPrediction Load (0.2ms)[0m  [1m[34mSELECT "predictions".* FROM "predictions" WHERE "predictions"."player_id" = 2 /*action='index',application='Golbet',controller='predictions'*/[0m
  ↳ app/controllers/predictions_controller.rb:7:in 'PredictionsController#index'
  Rendering layout layouts/application.html.erb
  Rendering Views::Predictions::Index within layouts/application
  [1m[36mMatch Exists? (0.1ms)[0m  [1m[34mSELECT 1 AS one FROM "matches" WHERE "matches"."tournament_id" = 1 LIMIT 1 /*action='index',application='Golbet',controller='predictions'*/[0m
  ↳ app/views/predictions/index.rb:14:in 'block in Views::Predictions::Index#view_template'
  [1m[36mMatch Load (0.1ms)[0m  [1m[34mSELECT "matches".* FROM "matches" WHERE "matches"."tournament_id" = 1 ORDER BY "matches"."kickoff_at" ASC /*action='index',application='Golbet',controller='predictions'*/[0m
  ↳ app/views/predictions/index.rb:18:in 'block (2 levels) in Views::Predictions::Index#view_template'
  Rendered Views::Predictions::Index within layouts/application (Duration: 8.8ms | GC: 1.3ms)
  Rendered layout layouts/application.html.erb (Duration: 9.4ms | GC: 1.3ms)
Completed 200 OK in 23ms (Views: 11.3ms | ActiveRecord: 0.7ms (5 queries, 0 cached) | GC: 2.6ms)


Started GET "/standings" for 127.0.0.1 at 2026-06-02 22:34:01 -0500
Processing by StandingsController#index as HTML
  [1m[36mPlayer Load (0.1ms)[0m  [1m[34mSELECT "players".* FROM "players" WHERE "players"."session_token" = 'bfdb713938de545bc755ecb37746a7b0' LIMIT 1 /*action='index',application='Golbet',controller='standings'*/[0m
  ↳ app/controllers/application_controller.rb:12:in 'ApplicationController#current_player'
  [1m[36mTournament Load (0.0ms)[0m  [1m[34mSELECT "tournaments".* FROM "tournaments" ORDER BY "tournaments"."id" ASC LIMIT 1 /*action='index',application='Golbet',controller='standings'*/[0m
  ↳ app/controllers/standings_controller.rb:5:in 'StandingsController#index'
  [1m[36mMatch Load (0.0ms)[0m  [1m[34mSELECT "matches".* FROM "matches" WHERE "matches"."tournament_id" = 1 AND "matches"."status" = 'finished' /*action='index',application='Golbet',controller='standings'*/[0m
  ↳ app/services/scoring_service.rb:24:in 'ScoringService.standings'
  [1m[36mPrediction Load (0.0ms)[0m  [1m[34mSELECT "predictions".* FROM "predictions" WHERE "predictions"."match_id" IN (1, 2, 3) /*action='index',application='Golbet',controller='standings'*/[0m
  ↳ app/services/scoring_service.rb:28:in 'ScoringService.standings'
  [1m[36mPlayer Load (0.0ms)[0m  [1m[34mSELECT "players".* FROM "players" WHERE "players"."id" IN (4, 5, 6, 7, 3) /*action='index',application='Golbet',controller='standings'*/[0m
  ↳ app/services/scoring_service.rb:28:in 'ScoringService.standings'
  Rendering layout layouts/application.html.erb
  Rendering Views::Standings::Index within layouts/application
  Rendered Views::Standings::Index within layouts/application (Duration: 0.9ms | GC: 0.2ms)
  Rendered layout layouts/application.html.erb (Duration: 1.2ms | GC: 0.2ms)
Completed 200 OK in 4ms (Views: 1.4ms | ActiveRecord: 0.2ms (5 queries, 0 cached) | GC: 0.3ms)


Started GET "/results" for 127.0.0.1 at 2026-06-02 22:34:01 -0500
Processing by ResultsController#index as HTML
  [1m[36mPlayer Load (0.3ms)[0m  [1m[34mSELECT "players".* FROM "players" WHERE "players"."session_token" = 'bfdb713938de545bc755ecb37746a7b0' LIMIT 1 /*action='index',application='Golbet',controller='results'*/[0m
  ↳ app/controllers/application_controller.rb:12:in 'ApplicationController#current_player'
  [1m[36mTournament Load (0.1ms)[0m  [1m[34mSELECT "tournaments".* FROM "tournaments" ORDER BY "tournaments"."id" ASC LIMIT 1 /*action='index',application='Golbet',controller='results'*/[0m
  ↳ app/controllers/results_controller.rb:5:in 'ResultsController#index'
  [1m[36mPrediction Load (0.2ms)[0m  [1m[34mSELECT "predictions".* FROM "predictions" WHERE "predictions"."player_id" = 2 /*action='index',application='Golbet',controller='results'*/[0m
  ↳ app/controllers/results_controller.rb:7:in 'ResultsController#index'
  [1m[36mMatch Load (0.1ms)[0m  [1m[34mSELECT "matches".* FROM "matches" WHERE "matches"."tournament_id" = 1 AND "matches"."status" = 'finished' ORDER BY "matches"."kickoff_at" DESC /*action='index',application='Golbet',controller='results'*/[0m
  ↳ app/controllers/results_controller.rb:8:in 'Enumerable#map'
  Rendering layout layouts/application.html.erb
  Rendering Views::Results::Index within layouts/application
  Rendered Views::Results::Index within layouts/application (Duration: 1.5ms | GC: 0.2ms)
  Rendered layout layouts/application.html.erb (Duration: 2.4ms | GC: 0.2ms)
Completed 200 OK in 14ms (Views: 3.9ms | ActiveRecord: 0.7ms (4 queries, 0 cached) | GC: 0.5ms)


  [1m[36mTournament Load (0.0ms)[0m  [1m[34mSELECT "tournaments".* FROM "tournaments" ORDER BY "tournaments"."id" ASC LIMIT 1 /*application='Golbet'*/[0m
  [1m[36mMatch Load (0.0ms)[0m  [1m[34mSELECT "matches".* FROM "matches" WHERE "matches"."tournament_id" = 1 AND "matches"."status" = 'finished' /*application='Golbet'*/[0m
  ↳ app/services/scoring_service.rb:24:in 'ScoringService.standings'
  [1m[36mPrediction Load (0.0ms)[0m  [1m[34mSELECT "predictions".* FROM "predictions" WHERE "predictions"."match_id" IN (1, 2, 3) /*application='Golbet'*/[0m
  ↳ app/services/scoring_service.rb:28:in 'ScoringService.standings'
  [1m[36mPlayer Load (0.0ms)[0m  [1m[34mSELECT "players".* FROM "players" WHERE "players"."id" IN (4, 5, 6, 7, 3) /*application='Golbet'*/[0m
  ↳ app/services/scoring_service.rb:28:in 'ScoringService.standings'
Started GET "/standings" for 127.0.0.1 at 2026-06-02 22:36:07 -0500
Processing by StandingsController#index as HTML
  [1m[36mPlayer Load (0.2ms)[0m  [1m[34mSELECT "players".* FROM "players" WHERE "players"."session_token" = 'bfdb713938de545bc755ecb37746a7b0' LIMIT 1 /*action='index',application='Golbet',controller='standings'*/[0m
  ↳ app/controllers/application_controller.rb:12:in 'ApplicationController#current_player'
  [1m[36mTournament Load (0.1ms)[0m  [1m[34mSELECT "tournaments".* FROM "tournaments" ORDER BY "tournaments"."id" ASC LIMIT 1 /*action='index',application='Golbet',controller='standings'*/[0m
  ↳ app/controllers/standings_controller.rb:5:in 'StandingsController#index'
  [1m[36mMatch Load (0.1ms)[0m  [1m[34mSELECT "matches".* FROM "matches" WHERE "matches"."tournament_id" = 1 AND "matches"."status" = 'finished' /*action='index',application='Golbet',controller='standings'*/[0m
  ↳ app/services/scoring_service.rb:24:in 'ScoringService.standings'
  [1m[36mPrediction Load (0.1ms)[0m  [1m[34mSELECT "predictions".* FROM "predictions" WHERE "predictions"."match_id" IN (1, 2, 3) /*action='index',application='Golbet',controller='standings'*/[0m
  ↳ app/services/scoring_service.rb:28:in 'ScoringService.standings'
  [1m[36mPlayer Load (0.2ms)[0m  [1m[34mSELECT "players".* FROM "players" WHERE "players"."id" IN (4, 5, 6, 7, 3) /*action='index',application='Golbet',controller='standings'*/[0m
  ↳ app/services/scoring_service.rb:28:in 'ScoringService.standings'
  Rendering layout layouts/application.html.erb
  Rendering Views::Standings::Index within layouts/application
  Rendered Views::Standings::Index within layouts/application (Duration: 11.1ms | GC: 9.3ms)
  Rendered layout layouts/application.html.erb (Duration: 13.7ms | GC: 11.0ms)
Completed 200 OK in 25ms (Views: 14.1ms | ActiveRecord: 0.6ms (5 queries, 0 cached) | GC: 13.8ms)


Started GET "/predictions" for 127.0.0.1 at 2026-06-02 22:36:08 -0500
Processing by PredictionsController#index as HTML
  [1m[36mPlayer Load (0.2ms)[0m  [1m[34mSELECT "players".* FROM "players" WHERE "players"."session_token" = 'bfdb713938de545bc755ecb37746a7b0' LIMIT 1 /*action='index',application='Golbet',controller='predictions'*/[0m
  ↳ app/controllers/application_controller.rb:12:in 'ApplicationController#current_player'
  [1m[36mTournament Load (0.7ms)[0m  [1m[34mSELECT "tournaments".* FROM "tournaments" ORDER BY "tournaments"."id" ASC LIMIT 1 /*action='index',application='Golbet',controller='predictions'*/[0m
  ↳ app/controllers/predictions_controller.rb:5:in 'PredictionsController#index'
  [1m[36mPrediction Load (0.3ms)[0m  [1m[34mSELECT "predictions".* FROM "predictions" WHERE "predictions"."player_id" = 2 /*action='index',application='Golbet',controller='predictions'*/[0m
  ↳ app/controllers/predictions_controller.rb:7:in 'PredictionsController#index'
  Rendering layout layouts/application.html.erb
  Rendering Views::Predictions::Index within layouts/application
  [1m[36mMatch Exists? (0.1ms)[0m  [1m[34mSELECT 1 AS one FROM "matches" WHERE "matches"."tournament_id" = 1 LIMIT 1 /*action='index',application='Golbet',controller='predictions'*/[0m
  ↳ app/views/predictions/index.rb:14:in 'block in Views::Predictions::Index#view_template'
  [1m[36mMatch Load (0.2ms)[0m  [1m[34mSELECT "matches".* FROM "matches" WHERE "matches"."tournament_id" = 1 ORDER BY "matches"."kickoff_at" ASC /*action='index',application='Golbet',controller='predictions'*/[0m
  ↳ app/views/predictions/index.rb:18:in 'block (2 levels) in Views::Predictions::Index#view_template'
  Rendered Views::Predictions::Index within layouts/application (Duration: 17.8ms | GC: 12.7ms)
  Rendered layout layouts/application.html.erb (Duration: 20.5ms | GC: 14.2ms)
Completed 200 OK in 36ms (Views: 20.7ms | ActiveRecord: 1.5ms (5 queries, 0 cached) | GC: 20.5ms)


Started GET "/predictions" for 127.0.0.1 at 2026-06-02 22:36:11 -0500
Processing by PredictionsController#index as HTML
  [1m[36mPlayer Load (0.2ms)[0m  [1m[34mSELECT "players".* FROM "players" WHERE "players"."session_token" = 'bfdb713938de545bc755ecb37746a7b0' LIMIT 1 /*action='index',application='Golbet',controller='predictions'*/[0m
  ↳ app/controllers/application_controller.rb:12:in 'ApplicationController#current_player'
  [1m[36mTournament Load (0.4ms)[0m  [1m[34mSELECT "tournaments".* FROM "tournaments" ORDER BY "tournaments"."id" ASC LIMIT 1 /*action='index',application='Golbet',controller='predictions'*/[0m
  ↳ app/controllers/predictions_controller.rb:5:in 'PredictionsController#index'
  [1m[36mPrediction Load (0.2ms)[0m  [1m[34mSELECT "predictions".* FROM "predictions" WHERE "predictions"."player_id" = 2 /*action='index',application='Golbet',controller='predictions'*/[0m
  ↳ app/controllers/predictions_controller.rb:7:in 'PredictionsController#index'
  Rendering layout layouts/application.html.erb
  Rendering Views::Predictions::Index within layouts/application
  [1m[36mMatch Exists? (0.1ms)[0m  [1m[34mSELECT 1 AS one FROM "matches" WHERE "matches"."tournament_id" = 1 LIMIT 1 /*action='index',application='Golbet',controller='predictions'*/[0m
  ↳ app/views/predictions/index.rb:14:in 'block in Views::Predictions::Index#view_template'
  [1m[36mMatch Load (0.2ms)[0m  [1m[34mSELECT "matches".* FROM "matches" WHERE "matches"."tournament_id" = 1 ORDER BY "matches"."kickoff_at" ASC /*action='index',application='Golbet',controller='predictions'*/[0m
  ↳ app/views/predictions/index.rb:18:in 'block (2 levels) in Views::Predictions::Index#view_template'
  Rendered Views::Predictions::Index within layouts/application (Duration: 6.2ms | GC: 1.4ms)
  Rendered layout layouts/application.html.erb (Duration: 6.9ms | GC: 1.4ms)
Completed 200 OK in 24ms (Views: 7.3ms | ActiveRecord: 1.0ms (5 queries, 0 cached) | GC: 10.2ms)


Started GET "/predictions" for 127.0.0.1 at 2026-06-02 22:36:12 -0500
Processing by PredictionsController#index as HTML
  [1m[36mPlayer Load (0.2ms)[0m  [1m[34mSELECT "players".* FROM "players" WHERE "players"."session_token" = 'bfdb713938de545bc755ecb37746a7b0' LIMIT 1 /*action='index',application='Golbet',controller='predictions'*/[0m
  ↳ app/controllers/application_controller.rb:12:in 'ApplicationController#current_player'
  [1m[36mTournament Load (0.1ms)[0m  [1m[34mSELECT "tournaments".* FROM "tournaments" ORDER BY "tournaments"."id" ASC LIMIT 1 /*action='index',application='Golbet',controller='predictions'*/[0m
  ↳ app/controllers/predictions_controller.rb:5:in 'PredictionsController#index'
  [1m[36mPrediction Load (0.2ms)[0m  [1m[34mSELECT "predictions".* FROM "predictions" WHERE "predictions"."player_id" = 2 /*action='index',application='Golbet',controller='predictions'*/[0m
  ↳ app/controllers/predictions_controller.rb:7:in 'PredictionsController#index'
  Rendering layout layouts/application.html.erb
  Rendering Views::Predictions::Index within layouts/application
  [1m[36mMatch Exists? (0.2ms)[0m  [1m[34mSELECT 1 AS one FROM "matches" WHERE "matches"."tournament_id" = 1 LIMIT 1 /*action='index',application='Golbet',controller='predictions'*/[0m
  ↳ app/views/predictions/index.rb:14:in 'block in Views::Predictions::Index#view_template'
  [1m[36mMatch Load (0.2ms)[0m  [1m[34mSELECT "matches".* FROM "matches" WHERE "matches"."tournament_id" = 1 ORDER BY "matches"."kickoff_at" ASC /*action='index',application='Golbet',controller='predictions'*/[0m
  ↳ app/views/predictions/index.rb:18:in 'block (2 levels) in Views::Predictions::Index#view_template'
  Rendered Views::Predictions::Index within layouts/application (Duration: 7.0ms | GC: 0.7ms)
  Rendered layout layouts/application.html.erb (Duration: 7.9ms | GC: 0.7ms)
Completed 200 OK in 15ms (Views: 8.4ms | ActiveRecord: 0.8ms (5 queries, 0 cached) | GC: 0.7ms)


Started GET "/results" for 127.0.0.1 at 2026-06-02 22:36:14 -0500
Processing by ResultsController#index as HTML
  [1m[36mPlayer Load (0.1ms)[0m  [1m[34mSELECT "players".* FROM "players" WHERE "players"."session_token" = 'bfdb713938de545bc755ecb37746a7b0' LIMIT 1 /*action='index',application='Golbet',controller='results'*/[0m
  ↳ app/controllers/application_controller.rb:12:in 'ApplicationController#current_player'
  [1m[36mTournament Load (0.1ms)[0m  [1m[34mSELECT "tournaments".* FROM "tournaments" ORDER BY "tournaments"."id" ASC LIMIT 1 /*action='index',application='Golbet',controller='results'*/[0m
  ↳ app/controllers/results_controller.rb:5:in 'ResultsController#index'
  [1m[36mPrediction Load (0.1ms)[0m  [1m[34mSELECT "predictions".* FROM "predictions" WHERE "predictions"."player_id" = 2 /*action='index',application='Golbet',controller='results'*/[0m
  ↳ app/controllers/results_controller.rb:7:in 'ResultsController#index'
  [1m[36mMatch Load (0.2ms)[0m  [1m[34mSELECT "matches".* FROM "matches" WHERE "matches"."tournament_id" = 1 AND "matches"."status" = 'finished' ORDER BY "matches"."kickoff_at" DESC /*action='index',application='Golbet',controller='results'*/[0m
  ↳ app/controllers/results_controller.rb:8:in 'Enumerable#map'
  Rendering layout layouts/application.html.erb
  Rendering Views::Results::Index within layouts/application
  Rendered Views::Results::Index within layouts/application (Duration: 0.9ms | GC: 0.1ms)
  Rendered layout layouts/application.html.erb (Duration: 1.7ms | GC: 0.1ms)
Completed 200 OK in 9ms (Views: 2.2ms | ActiveRecord: 0.5ms (4 queries, 0 cached) | GC: 0.2ms)


Started GET "/results" for 127.0.0.1 at 2026-06-03 06:33:02 -0500
Processing by ResultsController#index as HTML
  [1m[36mPlayer Load (1.7ms)[0m  [1m[34mSELECT "players".* FROM "players" WHERE "players"."session_token" = 'bfdb713938de545bc755ecb37746a7b0' LIMIT 1 /*action='index',application='Golbet',controller='results'*/[0m
  ↳ app/controllers/application_controller.rb:12:in 'ApplicationController#current_player'
  [1m[36mTournament Load (0.1ms)[0m  [1m[34mSELECT "tournaments".* FROM "tournaments" ORDER BY "tournaments"."id" ASC LIMIT 1 /*action='index',application='Golbet',controller='results'*/[0m
  ↳ app/controllers/results_controller.rb:5:in 'ResultsController#index'
  [1m[36mPrediction Load (0.1ms)[0m  [1m[34mSELECT "predictions".* FROM "predictions" WHERE "predictions"."player_id" = 2 /*action='index',application='Golbet',controller='results'*/[0m
  ↳ app/controllers/results_controller.rb:7:in 'ResultsController#index'
  [1m[36mMatch Load (0.1ms)[0m  [1m[34mSELECT "matches".* FROM "matches" WHERE "matches"."tournament_id" = 1 AND "matches"."status" = 'finished' ORDER BY "matches"."kickoff_at" DESC /*action='index',application='Golbet',controller='results'*/[0m
  ↳ app/controllers/results_controller.rb:8:in 'Enumerable#map'
  Rendering layout layouts/application.html.erb
  Rendering Views::Results::Index within layouts/application
  Rendered Views::Results::Index within layouts/application (Duration: 0.7ms | GC: 0.0ms)
  Rendered layout layouts/application.html.erb (Duration: 1.5ms | GC: 0.1ms)
Completed 200 OK in 9ms (Views: 1.8ms | ActiveRecord: 2.0ms (4 queries, 0 cached) | GC: 0.3ms)


Started GET "/standings" for 127.0.0.1 at 2026-06-03 06:33:03 -0500
Processing by StandingsController#index as HTML
  [1m[36mPlayer Load (0.1ms)[0m  [1m[34mSELECT "players".* FROM "players" WHERE "players"."session_token" = 'bfdb713938de545bc755ecb37746a7b0' LIMIT 1 /*action='index',application='Golbet',controller='standings'*/[0m
  ↳ app/controllers/application_controller.rb:12:in 'ApplicationController#current_player'
  [1m[36mTournament Load (0.1ms)[0m  [1m[34mSELECT "tournaments".* FROM "tournaments" ORDER BY "tournaments"."id" ASC LIMIT 1 /*action='index',application='Golbet',controller='standings'*/[0m
  ↳ app/controllers/standings_controller.rb:5:in 'StandingsController#index'
  [1m[36mMatch Load (0.1ms)[0m  [1m[34mSELECT "matches".* FROM "matches" WHERE "matches"."tournament_id" = 1 AND "matches"."status" = 'finished' /*action='index',application='Golbet',controller='standings'*/[0m
  ↳ app/services/scoring_service.rb:24:in 'ScoringService.standings'
  [1m[36mPrediction Load (0.1ms)[0m  [1m[34mSELECT "predictions".* FROM "predictions" WHERE "predictions"."match_id" IN (1, 2, 3) /*action='index',application='Golbet',controller='standings'*/[0m
  ↳ app/services/scoring_service.rb:28:in 'ScoringService.standings'
  [1m[36mPlayer Load (0.0ms)[0m  [1m[34mSELECT "players".* FROM "players" WHERE "players"."id" IN (4, 5, 6, 7, 3) /*action='index',application='Golbet',controller='standings'*/[0m
  ↳ app/services/scoring_service.rb:28:in 'ScoringService.standings'
  Rendering layout layouts/application.html.erb
  Rendering Views::Standings::Index within layouts/application
  Rendered Views::Standings::Index within layouts/application (Duration: 1.2ms | GC: 0.0ms)
  Rendered layout layouts/application.html.erb (Duration: 1.8ms | GC: 0.0ms)
Completed 200 OK in 7ms (Views: 2.1ms | ActiveRecord: 0.3ms (5 queries, 0 cached) | GC: 0.1ms)


Started GET "/results" for 127.0.0.1 at 2026-06-03 06:33:08 -0500
Processing by ResultsController#index as HTML
  [1m[36mPlayer Load (0.1ms)[0m  [1m[34mSELECT "players".* FROM "players" WHERE "players"."session_token" = 'bfdb713938de545bc755ecb37746a7b0' LIMIT 1 /*action='index',application='Golbet',controller='results'*/[0m
  ↳ app/controllers/application_controller.rb:12:in 'ApplicationController#current_player'
  [1m[36mTournament Load (0.1ms)[0m  [1m[34mSELECT "tournaments".* FROM "tournaments" ORDER BY "tournaments"."id" ASC LIMIT 1 /*action='index',application='Golbet',controller='results'*/[0m
  ↳ app/controllers/results_controller.rb:5:in 'ResultsController#index'
  [1m[36mPrediction Load (0.1ms)[0m  [1m[34mSELECT "predictions".* FROM "predictions" WHERE "predictions"."player_id" = 2 /*action='index',application='Golbet',controller='results'*/[0m
  ↳ app/controllers/results_controller.rb:7:in 'ResultsController#index'
  [1m[36mMatch Load (0.1ms)[0m  [1m[34mSELECT "matches".* FROM "matches" WHERE "matches"."tournament_id" = 1 AND "matches"."status" = 'finished' ORDER BY "matches"."kickoff_at" DESC /*action='index',application='Golbet',controller='results'*/[0m
  ↳ app/controllers/results_controller.rb:8:in 'Enumerable#map'
  Rendering layout layouts/application.html.erb
  Rendering Views::Results::Index within layouts/application
  Rendered Views::Results::Index within layouts/application (Duration: 0.7ms | GC: 0.0ms)
  Rendered layout layouts/application.html.erb (Duration: 1.4ms | GC: 0.0ms)
Completed 200 OK in 6ms (Views: 1.7ms | ActiveRecord: 0.3ms (4 queries, 0 cached) | GC: 0.0ms)


Started GET "/standings" for 127.0.0.1 at 2026-06-03 06:33:10 -0500
Processing by StandingsController#index as HTML
  [1m[36mPlayer Load (0.1ms)[0m  [1m[34mSELECT "players".* FROM "players" WHERE "players"."session_token" = 'bfdb713938de545bc755ecb37746a7b0' LIMIT 1 /*action='index',application='Golbet',controller='standings'*/[0m
  ↳ app/controllers/application_controller.rb:12:in 'ApplicationController#current_player'
  [1m[36mTournament Load (0.1ms)[0m  [1m[34mSELECT "tournaments".* FROM "tournaments" ORDER BY "tournaments"."id" ASC LIMIT 1 /*action='index',application='Golbet',controller='standings'*/[0m
  ↳ app/controllers/standings_controller.rb:5:in 'StandingsController#index'
  [1m[36mMatch Load (0.1ms)[0m  [1m[34mSELECT "matches".* FROM "matches" WHERE "matches"."tournament_id" = 1 AND "matches"."status" = 'finished' /*action='index',application='Golbet',controller='standings'*/[0m
  ↳ app/services/scoring_service.rb:24:in 'ScoringService.standings'
  [1m[36mPrediction Load (0.1ms)[0m  [1m[34mSELECT "predictions".* FROM "predictions" WHERE "predictions"."match_id" IN (1, 2, 3) /*action='index',application='Golbet',controller='standings'*/[0m
  ↳ app/services/scoring_service.rb:28:in 'ScoringService.standings'
  [1m[36mPlayer Load (0.1ms)[0m  [1m[34mSELECT "players".* FROM "players" WHERE "players"."id" IN (4, 5, 6, 7, 3) /*action='index',application='Golbet',controller='standings'*/[0m
  ↳ app/services/scoring_service.rb:28:in 'ScoringService.standings'
  Rendering layout layouts/application.html.erb
  Rendering Views::Standings::Index within layouts/application
  Rendered Views::Standings::Index within layouts/application (Duration: 1.6ms | GC: 0.0ms)
  Rendered layout layouts/application.html.erb (Duration: 2.5ms | GC: 0.0ms)
Completed 200 OK in 13ms (Views: 2.9ms | ActiveRecord: 0.5ms (5 queries, 0 cached) | GC: 0.0ms)


Started GET "/results" for 127.0.0.1 at 2026-06-03 07:05:59 -0500
Processing by ResultsController#index as HTML
  [1m[36mPlayer Load (2.5ms)[0m  [1m[34mSELECT "players".* FROM "players" WHERE "players"."session_token" = 'bfdb713938de545bc755ecb37746a7b0' LIMIT 1 /*action='index',application='Golbet',controller='results'*/[0m
  ↳ app/controllers/application_controller.rb:12:in 'ApplicationController#current_player'
  [1m[36mTournament Load (0.2ms)[0m  [1m[34mSELECT "tournaments".* FROM "tournaments" ORDER BY "tournaments"."id" ASC LIMIT 1 /*action='index',application='Golbet',controller='results'*/[0m
  ↳ app/controllers/results_controller.rb:5:in 'ResultsController#index'
  [1m[36mPrediction Load (0.2ms)[0m  [1m[34mSELECT "predictions".* FROM "predictions" WHERE "predictions"."player_id" = 2 /*action='index',application='Golbet',controller='results'*/[0m
  ↳ app/controllers/results_controller.rb:7:in 'ResultsController#index'
  [1m[36mMatch Load (0.2ms)[0m  [1m[34mSELECT "matches".* FROM "matches" WHERE "matches"."tournament_id" = 1 AND "matches"."status" = 'finished' ORDER BY "matches"."kickoff_at" DESC /*action='index',application='Golbet',controller='results'*/[0m
  ↳ app/controllers/results_controller.rb:8:in 'Enumerable#map'
  Rendering layout layouts/application.html.erb
  Rendering Views::Results::Index within layouts/application
  Rendered Views::Results::Index within layouts/application (Duration: 2.1ms | GC: 0.4ms)
  Rendered layout layouts/application.html.erb (Duration: 3.7ms | GC: 0.4ms)
Completed 200 OK in 21ms (Views: 4.6ms | ActiveRecord: 3.0ms (4 queries, 0 cached) | GC: 0.4ms)


Started GET "/predictions" for 127.0.0.1 at 2026-06-03 07:06:01 -0500
Processing by PredictionsController#index as HTML
  [1m[36mPlayer Load (0.2ms)[0m  [1m[34mSELECT "players".* FROM "players" WHERE "players"."session_token" = 'bfdb713938de545bc755ecb37746a7b0' LIMIT 1 /*action='index',application='Golbet',controller='predictions'*/[0m
  ↳ app/controllers/application_controller.rb:12:in 'ApplicationController#current_player'
  [1m[36mTournament Load (0.1ms)[0m  [1m[34mSELECT "tournaments".* FROM "tournaments" ORDER BY "tournaments"."id" ASC LIMIT 1 /*action='index',application='Golbet',controller='predictions'*/[0m
  ↳ app/controllers/predictions_controller.rb:5:in 'PredictionsController#index'
  [1m[36mPrediction Load (0.1ms)[0m  [1m[34mSELECT "predictions".* FROM "predictions" WHERE "predictions"."player_id" = 2 /*action='index',application='Golbet',controller='predictions'*/[0m
  ↳ app/controllers/predictions_controller.rb:7:in 'PredictionsController#index'
  Rendering layout layouts/application.html.erb
  Rendering Views::Predictions::Index within layouts/application
  [1m[36mMatch Exists? (0.1ms)[0m  [1m[34mSELECT 1 AS one FROM "matches" WHERE "matches"."tournament_id" = 1 LIMIT 1 /*action='index',application='Golbet',controller='predictions'*/[0m
  ↳ app/views/predictions/index.rb:14:in 'block in Views::Predictions::Index#view_template'
  [1m[36mMatch Load (0.1ms)[0m  [1m[34mSELECT "matches".* FROM "matches" WHERE "matches"."tournament_id" = 1 ORDER BY "matches"."kickoff_at" ASC /*action='index',application='Golbet',controller='predictions'*/[0m
  ↳ app/views/predictions/index.rb:18:in 'block (2 levels) in Views::Predictions::Index#view_template'
  Rendered Views::Predictions::Index within layouts/application (Duration: 5.0ms | GC: 0.4ms)
  Rendered layout layouts/application.html.erb (Duration: 5.6ms | GC: 0.4ms)
Completed 200 OK in 12ms (Views: 5.9ms | ActiveRecord: 0.6ms (5 queries, 0 cached) | GC: 0.5ms)


  [1m[36mActiveRecord::InternalMetadata Load (0.2ms)[0m  [1m[34mSELECT * FROM "ar_internal_metadata" WHERE "ar_internal_metadata"."key" = 'environment' ORDER BY "ar_internal_metadata"."key" ASC LIMIT 1 /*application='Golbet'*/[0m
  [1m[36mActiveRecord::SchemaMigration Load (0.0ms)[0m  [1m[34mSELECT "schema_migrations"."version" FROM "schema_migrations" ORDER BY "schema_migrations"."version" ASC /*application='Golbet'*/[0m
Migrating to CreateTeams (20260603140626)
  [1m[36mTRANSACTION (0.0ms)[0m  [1m[35mBEGIN immediate TRANSACTION /*application='Golbet'*/[0m
  [1m[35m (0.3ms)[0m  [1m[35mCREATE TABLE "teams" ("id" integer PRIMARY KEY AUTOINCREMENT NOT NULL, "tournament_id" integer NOT NULL, "name" varchar NOT NULL, "code" varchar NOT NULL, "flag" varchar, "group" varchar NOT NULL, "created_at" datetime(6) NOT NULL, "updated_at" datetime(6) NOT NULL, CONSTRAINT "fk_rails_0e7ea9f0de"
FOREIGN KEY ("tournament_id")
  REFERENCES "tournaments" ("id")
) /*application='Golbet'*/[0m
  [1m[35m (0.0ms)[0m  [1m[35mCREATE INDEX "index_teams_on_tournament_id" ON "teams" ("tournament_id") /*application='Golbet'*/[0m
  [1m[35m (0.0ms)[0m  [1m[35mCREATE UNIQUE INDEX "index_teams_on_tournament_id_and_code" ON "teams" ("tournament_id", "code") /*application='Golbet'*/[0m
  [1m[36mActiveRecord::SchemaMigration Create (0.2ms)[0m  [1m[32mINSERT INTO "schema_migrations" ("version") VALUES ('20260603140626') RETURNING "version" /*application='Golbet'*/[0m
  [1m[36mTRANSACTION (0.1ms)[0m  [1m[35mCOMMIT TRANSACTION /*application='Golbet'*/[0m
Migrating to RestructureMatchesForTournament (20260603140644)
  [1m[36mTRANSACTION (0.0ms)[0m  [1m[35mBEGIN immediate TRANSACTION /*application='Golbet'*/[0m
  [1m[36mMatch Delete All (0.3ms)[0m  [1m[31mDELETE FROM "matches" /*application='Golbet'*/[0m
  [1m[36mTRANSACTION (0.0ms)[0m  [1m[31mROLLBACK TRANSACTION /*application='Golbet'*/[0m
  [1m[36mActiveRecord::InternalMetadata Load (0.1ms)[0m  [1m[34mSELECT * FROM "ar_internal_metadata" WHERE "ar_internal_metadata"."key" = 'environment' ORDER BY "ar_internal_metadata"."key" ASC LIMIT 1 /*application='Golbet'*/[0m
  [1m[36mActiveRecord::SchemaMigration Load (0.0ms)[0m  [1m[34mSELECT "schema_migrations"."version" FROM "schema_migrations" ORDER BY "schema_migrations"."version" ASC /*application='Golbet'*/[0m
Migrating to RestructureMatchesForTournament (20260603140644)
  [1m[36mTRANSACTION (0.0ms)[0m  [1m[35mBEGIN immediate TRANSACTION /*application='Golbet'*/[0m
  [1m[36mPrediction Delete All (0.0ms)[0m  [1m[31mDELETE FROM "predictions" /*application='Golbet'*/[0m
  [1m[36mMatch Delete All (0.0ms)[0m  [1m[31mDELETE FROM "matches" /*application='Golbet'*/[0m
  [1m[35m (0.1ms)[0m  [1m[35mALTER TABLE "matches" ADD "stage" varchar DEFAULT 'group' NOT NULL /*application='Golbet'*/[0m
  [1m[35m (0.1ms)[0m  [1m[35mALTER TABLE "matches" ADD "group" varchar /*application='Golbet'*/[0m
  [1m[35m (0.0ms)[0m  [1m[35mALTER TABLE "matches" ADD "home_team_id" integer /*application='Golbet'*/[0m
  [1m[35m (0.0ms)[0m  [1m[35mCREATE INDEX "index_matches_on_home_team_id" ON "matches" ("home_team_id") /*application='Golbet'*/[0m
  [1m[35m (0.0ms)[0m  [1m[35mPRAGMA foreign_keys /*application='Golbet'*/[0m
  [1m[35m (0.0ms)[0m  [1m[35mPRAGMA defer_foreign_keys /*application='Golbet'*/[0m
  [1m[35m (0.0ms)[0m  [1m[35mPRAGMA defer_foreign_keys = ON /*application='Golbet'*/[0m
  [1m[35m (0.0ms)[0m  [1m[35mPRAGMA foreign_keys = OFF /*application='Golbet'*/[0m
  [1m[35m (0.0ms)[0m  [1m[35mCREATE TEMPORARY TABLE "amatches" ("id" integer PRIMARY KEY AUTOINCREMENT NOT NULL, "away_score" integer, "away_team" varchar, "created_at" datetime(6) NOT NULL, "home_score" integer, "home_team" varchar, "kickoff_at" datetime(6), "status" varchar, "tournament_id" integer NOT NULL, "updated_at" datetime(6) NOT NULL, "stage" varchar DEFAULT 'group' NOT NULL, "group" varchar, "home_team_id" integer) /*application='Golbet'*/[0m
  [1m[35m (0.0ms)[0m  [1m[35mCREATE INDEX "tindex_amatches_on_home_team_id" ON "amatches" ("home_team_id") /*application='Golbet'*/[0m
  [1m[35m (0.0ms)[0m  [1m[35mCREATE INDEX "tindex_amatches_on_tournament_id" ON "amatches" ("tournament_id") /*application='Golbet'*/[0m
  [1m[35mSQL (0.0ms)[0m  [1m[32mINSERT INTO "amatches" ("id","away_score","away_team","created_at","home_score","home_team","kickoff_at","status","tournament_id","updated_at","stage","group","home_team_id")
                     SELECT "id","away_score","away_team","created_at","home_score","home_team","kickoff_at","status","tournament_id","updated_at","stage","group","home_team_id" FROM "matches" /*application='Golbet'*/[0m
  [1m[35m (0.0ms)[0m  [1m[35mDROP TABLE "matches" /*application='Golbet'*/[0m
  [1m[35m (0.0ms)[0m  [1m[35mCREATE TABLE "matches" ("id" integer PRIMARY KEY AUTOINCREMENT NOT NULL, "away_score" integer, "away_team" varchar, "created_at" datetime(6) NOT NULL, "home_score" integer, "home_team" varchar, "kickoff_at" datetime(6), "status" varchar, "tournament_id" integer NOT NULL, "updated_at" datetime(6) NOT NULL, "stage" varchar DEFAULT 'group' NOT NULL, "group" varchar, "home_team_id" integer, CONSTRAINT "fk_rails_700eaa2935"
FOREIGN KEY ("tournament_id")
  REFERENCES "tournaments" ("id")
, CONSTRAINT "fk_rails_4aed6bdf0d"
FOREIGN KEY ("home_team_id")
  REFERENCES "teams" ("id")
) /*application='Golbet'*/[0m
  [1m[35m (0.0ms)[0m  [1m[35mCREATE INDEX "index_matches_on_tournament_id" ON "matches" ("tournament_id") /*application='Golbet'*/[0m
  [1m[35m (0.0ms)[0m  [1m[35mCREATE INDEX "index_matches_on_home_team_id" ON "matches" ("home_team_id") /*application='Golbet'*/[0m
  [1m[35mSQL (0.0ms)[0m  [1m[32mINSERT INTO "matches" ("id","away_score","away_team","created_at","home_score","home_team","kickoff_at","status","tournament_id","updated_at","stage","group","home_team_id")
                     SELECT "id","away_score","away_team","created_at","home_score","home_team","kickoff_at","status","tournament_id","updated_at","stage","group","home_team_id" FROM "amatches" /*application='Golbet'*/[0m
  [1m[35m (0.0ms)[0m  [1m[35mDROP TABLE "amatches" /*application='Golbet'*/[0m
  [1m[35m (0.0ms)[0m  [1m[35mPRAGMA defer_foreign_keys = 0 /*application='Golbet'*/[0m
  [1m[35m (0.0ms)[0m  [1m[35mPRAGMA foreign_keys = 1 /*application='Golbet'*/[0m
  [1m[35m (0.1ms)[0m  [1m[35mALTER TABLE "matches" ADD "away_team_id" integer /*application='Golbet'*/[0m
  [1m[35m (0.0ms)[0m  [1m[35mCREATE INDEX "index_matches_on_away_team_id" ON "matches" ("away_team_id") /*application='Golbet'*/[0m
  [1m[35m (0.0ms)[0m  [1m[35mPRAGMA foreign_keys /*application='Golbet'*/[0m
  [1m[35m (0.0ms)[0m  [1m[35mPRAGMA defer_foreign_keys /*application='Golbet'*/[0m
  [1m[35m (0.0ms)[0m  [1m[35mPRAGMA defer_foreign_keys = ON /*application='Golbet'*/[0m
  [1m[35m (0.0ms)[0m  [1m[35mPRAGMA foreign_keys = OFF /*application='Golbet'*/[0m
  [1m[35m (0.0ms)[0m  [1m[35mCREATE TEMPORARY TABLE "amatches" ("id" integer PRIMARY KEY AUTOINCREMENT NOT NULL, "away_score" integer, "away_team" varchar, "created_at" datetime(6) NOT NULL, "home_score" integer, "home_team" varchar, "kickoff_at" datetime(6), "status" varchar, "tournament_id" integer NOT NULL, "updated_at" datetime(6) NOT NULL, "stage" varchar DEFAULT 'group' NOT NULL, "group" varchar, "home_team_id" integer, "away_team_id" integer) /*application='Golbet'*/[0m
  [1m[35m (0.0ms)[0m  [1m[35mCREATE INDEX "tindex_amatches_on_away_team_id" ON "amatches" ("away_team_id") /*application='Golbet'*/[0m
  [1m[35m (0.0ms)[0m  [1m[35mCREATE INDEX "tindex_amatches_on_home_team_id" ON "amatches" ("home_team_id") /*application='Golbet'*/[0m
  [1m[35m (0.0ms)[0m  [1m[35mCREATE INDEX "tindex_amatches_on_tournament_id" ON "amatches" ("tournament_id") /*application='Golbet'*/[0m
  [1m[35mSQL (0.0ms)[0m  [1m[32mINSERT INTO "amatches" ("id","away_score","away_team","created_at","home_score","home_team","kickoff_at","status","tournament_id","updated_at","stage","group","home_team_id","away_team_id")
                     SELECT "id","away_score","away_team","created_at","home_score","home_team","kickoff_at","status","tournament_id","updated_at","stage","group","home_team_id","away_team_id" FROM "matches" /*application='Golbet'*/[0m
  [1m[35m (0.0ms)[0m  [1m[35mDROP TABLE "matches" /*application='Golbet'*/[0m
  [1m[35m (0.0ms)[0m  [1m[35mCREATE TABLE "matches" ("id" integer PRIMARY KEY AUTOINCREMENT NOT NULL, "away_score" integer, "away_team" varchar, "created_at" datetime(6) NOT NULL, "home_score" integer, "home_team" varchar, "kickoff_at" datetime(6), "status" varchar, "tournament_id" integer NOT NULL, "updated_at" datetime(6) NOT NULL, "stage" varchar DEFAULT 'group' NOT NULL, "group" varchar, "home_team_id" integer, "away_team_id" integer, CONSTRAINT "fk_rails_4aed6bdf0d"
FOREIGN KEY ("home_team_id")
  REFERENCES "teams" ("id")
, CONSTRAINT "fk_rails_700eaa2935"
FOREIGN KEY ("tournament_id")
  REFERENCES "tournaments" ("id")
, CONSTRAINT "fk_rails_6a75121a9b"
FOREIGN KEY ("away_team_id")
  REFERENCES "teams" ("id")
) /*application='Golbet'*/[0m
  [1m[35m (0.0ms)[0m  [1m[35mCREATE INDEX "index_matches_on_tournament_id" ON "matches" ("tournament_id") /*application='Golbet'*/[0m
  [1m[35m (0.1ms)[0m  [1m[35mCREATE INDEX "index_matches_on_home_team_id" ON "matches" ("home_team_id") /*application='Golbet'*/[0m
  [1m[35m (0.0ms)[0m  [1m[35mCREATE INDEX "index_matches_on_away_team_id" ON "matches" ("away_team_id") /*application='Golbet'*/[0m
  [1m[35mSQL (0.0ms)[0m  [1m[32mINSERT INTO "matches" ("id","away_score","away_team","created_at","home_score","home_team","kickoff_at","status","tournament_id","updated_at","stage","group","home_team_id","away_team_id")
                     SELECT "id","away_score","away_team","created_at","home_score","home_team","kickoff_at","status","tournament_id","updated_at","stage","group","home_team_id","away_team_id" FROM "amatches" /*application='Golbet'*/[0m
  [1m[35m (0.0ms)[0m  [1m[35mDROP TABLE "amatches" /*application='Golbet'*/[0m
  [1m[35m (0.0ms)[0m  [1m[35mPRAGMA defer_foreign_keys = 0 /*application='Golbet'*/[0m
  [1m[35m (0.0ms)[0m  [1m[35mPRAGMA foreign_keys = 1 /*application='Golbet'*/[0m
  [1m[35m (0.1ms)[0m  [1m[35mALTER TABLE "matches" ADD "home_label" varchar /*application='Golbet'*/[0m
  [1m[35m (0.1ms)[0m  [1m[35mALTER TABLE "matches" ADD "away_label" varchar /*application='Golbet'*/[0m
  [1m[35m (0.0ms)[0m  [1m[35mALTER TABLE "matches" ADD "slot" integer /*application='Golbet'*/[0m
  [1m[35m (0.0ms)[0m  [1m[35mPRAGMA foreign_keys /*application='Golbet'*/[0m
  [1m[35m (0.0ms)[0m  [1m[35mPRAGMA defer_foreign_keys /*application='Golbet'*/[0m
  [1m[35m (0.0ms)[0m  [1m[35mPRAGMA defer_foreign_keys = ON /*application='Golbet'*/[0m
  [1m[35m (0.0ms)[0m  [1m[35mPRAGMA foreign_keys = OFF /*application='Golbet'*/[0m
  [1m[35m (0.0ms)[0m  [1m[35mCREATE TEMPORARY TABLE "amatches" ("id" integer PRIMARY KEY AUTOINCREMENT NOT NULL, "away_score" integer, "away_team" varchar, "created_at" datetime(6) NOT NULL, "home_score" integer, "home_team" varchar, "kickoff_at" datetime(6), "status" varchar, "tournament_id" integer NOT NULL, "updated_at" datetime(6) NOT NULL, "stage" varchar DEFAULT 'group' NOT NULL, "group" varchar, "home_team_id" integer, "away_team_id" integer, "home_label" varchar, "away_label" varchar, "slot" integer) /*application='Golbet'*/[0m
  [1m[35m (0.0ms)[0m  [1m[35mCREATE INDEX "tindex_amatches_on_away_team_id" ON "amatches" ("away_team_id") /*application='Golbet'*/[0m
  [1m[35m (0.0ms)[0m  [1m[35mCREATE INDEX "tindex_amatches_on_home_team_id" ON "amatches" ("home_team_id") /*application='Golbet'*/[0m
  [1m[35m (0.0ms)[0m  [1m[35mCREATE INDEX "tindex_amatches_on_tournament_id" ON "amatches" ("tournament_id") /*application='Golbet'*/[0m
  [1m[35mSQL (0.0ms)[0m  [1m[32mINSERT INTO "amatches" ("id","away_score","away_team","created_at","home_score","home_team","kickoff_at","status","tournament_id","updated_at","stage","group","home_team_id","away_team_id","home_label","away_label","slot")
                     SELECT "id","away_score","away_team","created_at","home_score","home_team","kickoff_at","status","tournament_id","updated_at","stage","group","home_team_id","away_team_id","home_label","away_label","slot" FROM "matches" /*application='Golbet'*/[0m
  [1m[35m (0.0ms)[0m  [1m[35mDROP TABLE "matches" /*application='Golbet'*/[0m
  [1m[35m (0.0ms)[0m  [1m[35mCREATE TABLE "matches" ("id" integer PRIMARY KEY AUTOINCREMENT NOT NULL, "away_score" integer, "away_team" varchar, "created_at" datetime(6) NOT NULL, "home_score" integer, "kickoff_at" datetime(6), "status" varchar, "tournament_id" integer NOT NULL, "updated_at" datetime(6) NOT NULL, "stage" varchar DEFAULT 'group' NOT NULL, "group" varchar, "home_team_id" integer, "away_team_id" integer, "home_label" varchar, "away_label" varchar, "slot" integer, CONSTRAINT "fk_rails_6a75121a9b"
FOREIGN KEY ("away_team_id")
  REFERENCES "teams" ("id")
, CONSTRAINT "fk_rails_700eaa2935"
FOREIGN KEY ("tournament_id")
  REFERENCES "tournaments" ("id")
, CONSTRAINT "fk_rails_4aed6bdf0d"
FOREIGN KEY ("home_team_id")
  REFERENCES "teams" ("id")
) /*application='Golbet'*/[0m
  [1m[35m (0.0ms)[0m  [1m[35mCREATE INDEX "index_matches_on_tournament_id" ON "matches" ("tournament_id") /*application='Golbet'*/[0m
  [1m[35m (0.0ms)[0m  [1m[35mCREATE INDEX "index_matches_on_home_team_id" ON "matches" ("home_team_id") /*application='Golbet'*/[0m
  [1m[35m (0.0ms)[0m  [1m[35mCREATE INDEX "index_matches_on_away_team_id" ON "matches" ("away_team_id") /*application='Golbet'*/[0m
  [1m[35mSQL (0.0ms)[0m  [1m[32mINSERT INTO "matches" ("id","away_score","away_team","created_at","home_score","kickoff_at","status","tournament_id","updated_at","stage","group","home_team_id","away_team_id","home_label","away_label","slot")
                     SELECT "id","away_score","away_team","created_at","home_score","kickoff_at","status","tournament_id","updated_at","stage","group","home_team_id","away_team_id","home_label","away_label","slot" FROM "amatches" /*application='Golbet'*/[0m
  [1m[35m (0.0ms)[0m  [1m[35mDROP TABLE "amatches" /*application='Golbet'*/[0m
  [1m[35m (0.0ms)[0m  [1m[35mPRAGMA defer_foreign_keys = 0 /*application='Golbet'*/[0m
  [1m[35m (0.0ms)[0m  [1m[35mPRAGMA foreign_keys = 1 /*application='Golbet'*/[0m
  [1m[35m (0.0ms)[0m  [1m[35mPRAGMA foreign_keys /*application='Golbet'*/[0m
  [1m[35m (0.0ms)[0m  [1m[35mPRAGMA defer_foreign_keys /*application='Golbet'*/[0m
  [1m[35m (0.0ms)[0m  [1m[35mPRAGMA defer_foreign_keys = ON /*application='Golbet'*/[0m
  [1m[35m (0.0ms)[0m  [1m[35mPRAGMA foreign_keys = OFF /*application='Golbet'*/[0m
  [1m[35m (0.0ms)[0m  [1m[35mCREATE TEMPORARY TABLE "amatches" ("id" integer PRIMARY KEY AUTOINCREMENT NOT NULL, "away_score" integer, "away_team" varchar, "created_at" datetime(6) NOT NULL, "home_score" integer, "kickoff_at" datetime(6), "status" varchar, "tournament_id" integer NOT NULL, "updated_at" datetime(6) NOT NULL, "stage" varchar DEFAULT 'group' NOT NULL, "group" varchar, "home_team_id" integer, "away_team_id" integer, "home_label" varchar, "away_label" varchar, "slot" integer) /*application='Golbet'*/[0m
  [1m[35m (0.0ms)[0m  [1m[35mCREATE INDEX "tindex_amatches_on_away_team_id" ON "amatches" ("away_team_id") /*application='Golbet'*/[0m
  [1m[35m (0.0ms)[0m  [1m[35mCREATE INDEX "tindex_amatches_on_home_team_id" ON "amatches" ("home_team_id") /*application='Golbet'*/[0m
  [1m[35m (0.0ms)[0m  [1m[35mCREATE INDEX "tindex_amatches_on_tournament_id" ON "amatches" ("tournament_id") /*application='Golbet'*/[0m
  [1m[35mSQL (0.0ms)[0m  [1m[32mINSERT INTO "amatches" ("id","away_score","away_team","created_at","home_score","kickoff_at","status","tournament_id","updated_at","stage","group","home_team_id","away_team_id","home_label","away_label","slot")
                     SELECT "id","away_score","away_team","created_at","home_score","kickoff_at","status","tournament_id","updated_at","stage","group","home_team_id","away_team_id","home_label","away_label","slot" FROM "matches" /*application='Golbet'*/[0m
  [1m[35m (0.0ms)[0m  [1m[35mDROP TABLE "matches" /*application='Golbet'*/[0m
  [1m[35m (0.0ms)[0m  [1m[35mCREATE TABLE "matches" ("id" integer PRIMARY KEY AUTOINCREMENT NOT NULL, "away_score" integer, "created_at" datetime(6) NOT NULL, "home_score" integer, "kickoff_at" datetime(6), "status" varchar, "tournament_id" integer NOT NULL, "updated_at" datetime(6) NOT NULL, "stage" varchar DEFAULT 'group' NOT NULL, "group" varchar, "home_team_id" integer, "away_team_id" integer, "home_label" varchar, "away_label" varchar, "slot" integer, CONSTRAINT "fk_rails_4aed6bdf0d"
FOREIGN KEY ("home_team_id")
  REFERENCES "teams" ("id")
, CONSTRAINT "fk_rails_700eaa2935"
FOREIGN KEY ("tournament_id")
  REFERENCES "tournaments" ("id")
, CONSTRAINT "fk_rails_6a75121a9b"
FOREIGN KEY ("away_team_id")
  REFERENCES "teams" ("id")
) /*application='Golbet'*/[0m
  [1m[35m (0.0ms)[0m  [1m[35mCREATE INDEX "index_matches_on_tournament_id" ON "matches" ("tournament_id") /*application='Golbet'*/[0m
  [1m[35m (0.0ms)[0m  [1m[35mCREATE INDEX "index_matches_on_home_team_id" ON "matches" ("home_team_id") /*application='Golbet'*/[0m
  [1m[35m (0.0ms)[0m  [1m[35mCREATE INDEX "index_matches_on_away_team_id" ON "matches" ("away_team_id") /*application='Golbet'*/[0m
  [1m[35mSQL (0.0ms)[0m  [1m[32mINSERT INTO "matches" ("id","away_score","created_at","home_score","kickoff_at","status","tournament_id","updated_at","stage","group","home_team_id","away_team_id","home_label","away_label","slot")
                     SELECT "id","away_score","created_at","home_score","kickoff_at","status","tournament_id","updated_at","stage","group","home_team_id","away_team_id","home_label","away_label","slot" FROM "amatches" /*application='Golbet'*/[0m
  [1m[35m (0.0ms)[0m  [1m[35mDROP TABLE "amatches" /*application='Golbet'*/[0m
  [1m[35m (0.0ms)[0m  [1m[35mPRAGMA defer_foreign_keys = 0 /*application='Golbet'*/[0m
  [1m[35m (0.0ms)[0m  [1m[35mPRAGMA foreign_keys = 1 /*application='Golbet'*/[0m
  [1m[36mActiveRecord::SchemaMigration Create (0.0ms)[0m  [1m[32mINSERT INTO "schema_migrations" ("version") VALUES ('20260603140644') RETURNING "version" /*application='Golbet'*/[0m
  [1m[36mTRANSACTION (0.2ms)[0m  [1m[35mCOMMIT TRANSACTION /*application='Golbet'*/[0m
  [1m[36mActiveRecord::SchemaMigration Load (0.0ms)[0m  [1m[34mSELECT "schema_migrations"."version" FROM "schema_migrations" ORDER BY "schema_migrations"."version" ASC /*application='Golbet'*/[0m
  [1m[36mActiveRecord::SchemaMigration Load (0.1ms)[0m  [1m[34mSELECT "schema_migrations"."version" FROM "schema_migrations" ORDER BY "schema_migrations"."version" ASC /*application='Golbet'*/[0m
  [1m[36mActiveRecord::InternalMetadata Load (0.0ms)[0m  [1m[34mSELECT * FROM "ar_internal_metadata" WHERE "ar_internal_metadata"."key" = 'environment' ORDER BY "ar_internal_metadata"."key" ASC LIMIT 1 /*application='Golbet'*/[0m
  [1m[36mActiveRecord::SchemaMigration Load (0.0ms)[0m  [1m[34mSELECT "schema_migrations"."version" FROM "schema_migrations" ORDER BY "schema_migrations"."version" ASC /*application='Golbet'*/[0m
  [1m[36mActiveRecord::InternalMetadata Load (0.0ms)[0m  [1m[34mSELECT * FROM "ar_internal_metadata" WHERE "ar_internal_metadata"."key" = 'environment' ORDER BY "ar_internal_metadata"."key" ASC LIMIT 1 /*application='Golbet'*/[0m
  [1m[36mActiveRecord::SchemaMigration Load (0.0ms)[0m  [1m[34mSELECT "schema_migrations"."version" FROM "schema_migrations" ORDER BY "schema_migrations"."version" ASC /*application='Golbet'*/[0m
  [1m[36mActiveRecord::InternalMetadata Load (0.0ms)[0m  [1m[34mSELECT * FROM "ar_internal_metadata" WHERE "ar_internal_metadata"."key" = 'environment' ORDER BY "ar_internal_metadata"."key" ASC LIMIT 1 /*application='Golbet'*/[0m
  [1m[35m (0.2ms)[0m  [1m[35mDROP TABLE IF EXISTS "matches" /*application='Golbet'*/[0m
  [1m[35m (0.2ms)[0m  [1m[35mCREATE TABLE "matches" ("id" integer PRIMARY KEY AUTOINCREMENT NOT NULL, "away_label" varchar, "away_score" integer, "away_team_id" integer, "created_at" datetime(6) NOT NULL, "group" varchar, "home_label" varchar, "home_score" integer, "home_team_id" integer, "kickoff_at" datetime(6), "slot" integer, "stage" varchar DEFAULT 'group' NOT NULL, "status" varchar, "tournament_id" integer NOT NULL, "updated_at" datetime(6) NOT NULL) /*application='Golbet'*/[0m
  [1m[35m (0.0ms)[0m  [1m[35mCREATE INDEX "index_matches_on_away_team_id" ON "matches" ("away_team_id") /*application='Golbet'*/[0m
  [1m[35m (0.0ms)[0m  [1m[35mCREATE INDEX "index_matches_on_home_team_id" ON "matches" ("home_team_id") /*application='Golbet'*/[0m
  [1m[35m (0.0ms)[0m  [1m[35mCREATE INDEX "index_matches_on_tournament_id" ON "matches" ("tournament_id") /*application='Golbet'*/[0m
  [1m[35m (0.0ms)[0m  [1m[35mDROP TABLE IF EXISTS "players" /*application='Golbet'*/[0m
  [1m[35m (0.0ms)[0m  [1m[35mCREATE TABLE "players" ("id" integer PRIMARY KEY AUTOINCREMENT NOT NULL, "created_at" datetime(6) NOT NULL, "name" varchar, "session_token" varchar, "updated_at" datetime(6) NOT NULL) /*application='Golbet'*/[0m
  [1m[35m (0.0ms)[0m  [1m[35mCREATE UNIQUE INDEX "index_players_on_session_token" ON "players" ("session_token") /*application='Golbet'*/[0m
  [1m[35m (0.0ms)[0m  [1m[35mDROP TABLE IF EXISTS "predictions" /*application='Golbet'*/[0m
  [1m[35m (0.0ms)[0m  [1m[35mCREATE TABLE "predictions" ("id" integer PRIMARY KEY AUTOINCREMENT NOT NULL, "away_pred" integer, "created_at" datetime(6) NOT NULL, "home_pred" integer, "match_id" integer NOT NULL, "player_id" integer NOT NULL, "updated_at" datetime(6) NOT NULL) /*application='Golbet'*/[0m
  [1m[35m (0.0ms)[0m  [1m[35mCREATE INDEX "index_predictions_on_match_id" ON "predictions" ("match_id") /*application='Golbet'*/[0m
  [1m[35m (0.0ms)[0m  [1m[35mCREATE UNIQUE INDEX "index_predictions_on_player_id_and_match_id" ON "predictions" ("player_id", "match_id") /*application='Golbet'*/[0m
  [1m[35m (0.0ms)[0m  [1m[35mCREATE INDEX "index_predictions_on_player_id" ON "predictions" ("player_id") /*application='Golbet'*/[0m
  [1m[35m (0.0ms)[0m  [1m[35mDROP TABLE IF EXISTS "teams" /*application='Golbet'*/[0m
  [1m[35m (0.0ms)[0m  [1m[35mCREATE TABLE "teams" ("id" integer PRIMARY KEY AUTOINCREMENT NOT NULL, "code" varchar NOT NULL, "created_at" datetime(6) NOT NULL, "flag" varchar, "group" varchar NOT NULL, "name" varchar NOT NULL, "tournament_id" integer NOT NULL, "updated_at" datetime(6) NOT NULL) /*application='Golbet'*/[0m
  [1m[35m (0.0ms)[0m  [1m[35mCREATE UNIQUE INDEX "index_teams_on_tournament_id_and_code" ON "teams" ("tournament_id", "code") /*application='Golbet'*/[0m
  [1m[35m (0.0ms)[0m  [1m[35mCREATE INDEX "index_teams_on_tournament_id" ON "teams" ("tournament_id") /*application='Golbet'*/[0m
  [1m[35m (0.0ms)[0m  [1m[35mDROP TABLE IF EXISTS "tournaments" /*application='Golbet'*/[0m
  [1m[35m (0.0ms)[0m  [1m[35mCREATE TABLE "tournaments" ("id" integer PRIMARY KEY AUTOINCREMENT NOT NULL, "created_at" datetime(6) NOT NULL, "name" varchar, "updated_at" datetime(6) NOT NULL) /*application='Golbet'*/[0m
  [1m[35m (0.0ms)[0m  [1m[35mPRAGMA foreign_keys /*application='Golbet'*/[0m
  [1m[35m (0.0ms)[0m  [1m[35mPRAGMA defer_foreign_keys /*application='Golbet'*/[0m
  [1m[35m (0.0ms)[0m  [1m[35mPRAGMA defer_foreign_keys = ON /*application='Golbet'*/[0m
  [1m[35m (0.0ms)[0m  [1m[35mPRAGMA foreign_keys = OFF /*application='Golbet'*/[0m
  [1m[36mTRANSACTION (0.0ms)[0m  [1m[35mBEGIN immediate TRANSACTION /*application='Golbet'*/[0m
  [1m[35m (0.0ms)[0m  [1m[35mCREATE TEMPORARY TABLE "amatches" ("id" integer PRIMARY KEY AUTOINCREMENT NOT NULL, "away_label" varchar, "away_score" integer, "away_team_id" integer, "created_at" datetime(6) NOT NULL, "group" varchar, "home_label" varchar, "home_score" integer, "home_team_id" integer, "kickoff_at" datetime(6), "slot" integer, "stage" varchar DEFAULT 'group' NOT NULL, "status" varchar, "tournament_id" integer NOT NULL, "updated_at" datetime(6) NOT NULL) /*application='Golbet'*/[0m
  [1m[35m (0.0ms)[0m  [1m[35mCREATE INDEX "tindex_amatches_on_tournament_id" ON "amatches" ("tournament_id") /*application='Golbet'*/[0m
  [1m[35m (0.0ms)[0m  [1m[35mCREATE INDEX "tindex_amatches_on_home_team_id" ON "amatches" ("home_team_id") /*application='Golbet'*/[0m
  [1m[35m (0.0ms)[0m  [1m[35mCREATE INDEX "tindex_amatches_on_away_team_id" ON "amatches" ("away_team_id") /*application='Golbet'*/[0m
  [1m[35mSQL (0.0ms)[0m  [1m[32mINSERT INTO "amatches" ("id","away_label","away_score","away_team_id","created_at","group","home_label","home_score","home_team_id","kickoff_at","slot","stage","status","tournament_id","updated_at")
                     SELECT "id","away_label","away_score","away_team_id","created_at","group","home_label","home_score","home_team_id","kickoff_at","slot","stage","status","tournament_id","updated_at" FROM "matches" /*application='Golbet'*/[0m
  [1m[35m (0.0ms)[0m  [1m[35mDROP TABLE "matches" /*application='Golbet'*/[0m
  [1m[35m (0.0ms)[0m  [1m[35mCREATE TABLE "matches" ("id" integer PRIMARY KEY AUTOINCREMENT NOT NULL, "away_label" varchar, "away_score" integer, "away_team_id" integer, "created_at" datetime(6) NOT NULL, "group" varchar, "home_label" varchar, "home_score" integer, "home_team_id" integer, "kickoff_at" datetime(6), "slot" integer, "stage" varchar DEFAULT 'group' NOT NULL, "status" varchar, "tournament_id" integer NOT NULL, "updated_at" datetime(6) NOT NULL, CONSTRAINT "fk_rails_6a75121a9b"
FOREIGN KEY ("away_team_id")
  REFERENCES "teams" ("id")
) /*application='Golbet'*/[0m
  [1m[35m (0.0ms)[0m  [1m[35mCREATE INDEX "index_matches_on_away_team_id" ON "matches" ("away_team_id") /*application='Golbet'*/[0m
  [1m[35m (0.0ms)[0m  [1m[35mCREATE INDEX "index_matches_on_home_team_id" ON "matches" ("home_team_id") /*application='Golbet'*/[0m
  [1m[35m (0.0ms)[0m  [1m[35mCREATE INDEX "index_matches_on_tournament_id" ON "matches" ("tournament_id") /*application='Golbet'*/[0m
  [1m[35mSQL (0.0ms)[0m  [1m[32mINSERT INTO "matches" ("id","away_label","away_score","away_team_id","created_at","group","home_label","home_score","home_team_id","kickoff_at","slot","stage","status","tournament_id","updated_at")
                     SELECT "id","away_label","away_score","away_team_id","created_at","group","home_label","home_score","home_team_id","kickoff_at","slot","stage","status","tournament_id","updated_at" FROM "amatches" /*application='Golbet'*/[0m
  [1m[35m (0.0ms)[0m  [1m[35mDROP TABLE "amatches" /*application='Golbet'*/[0m
  [1m[36mTRANSACTION (0.1ms)[0m  [1m[35mCOMMIT TRANSACTION /*application='Golbet'*/[0m
  [1m[35m (0.0ms)[0m  [1m[35mPRAGMA defer_foreign_keys = 0 /*application='Golbet'*/[0m
  [1m[35m (0.0ms)[0m  [1m[35mPRAGMA foreign_keys = 1 /*application='Golbet'*/[0m
  [1m[35m (0.0ms)[0m  [1m[35mPRAGMA foreign_keys /*application='Golbet'*/[0m
  [1m[35m (0.0ms)[0m  [1m[35mPRAGMA defer_foreign_keys /*application='Golbet'*/[0m
  [1m[35m (0.0ms)[0m  [1m[35mPRAGMA defer_foreign_keys = ON /*application='Golbet'*/[0m
  [1m[35m (0.0ms)[0m  [1m[35mPRAGMA foreign_keys = OFF /*application='Golbet'*/[0m
  [1m[36mTRANSACTION (0.0ms)[0m  [1m[35mBEGIN immediate TRANSACTION /*application='Golbet'*/[0m
  [1m[35m (0.0ms)[0m  [1m[35mCREATE TEMPORARY TABLE "amatches" ("id" integer PRIMARY KEY AUTOINCREMENT NOT NULL, "away_label" varchar, "away_score" integer, "away_team_id" integer, "created_at" datetime(6) NOT NULL, "group" varchar, "home_label" varchar, "home_score" integer, "home_team_id" integer, "kickoff_at" datetime(6), "slot" integer, "stage" varchar DEFAULT 'group' NOT NULL, "status" varchar, "tournament_id" integer NOT NULL, "updated_at" datetime(6) NOT NULL) /*application='Golbet'*/[0m
  [1m[35m (0.0ms)[0m  [1m[35mCREATE INDEX "tindex_amatches_on_tournament_id" ON "amatches" ("tournament_id") /*application='Golbet'*/[0m
  [1m[35m (0.0ms)[0m  [1m[35mCREATE INDEX "tindex_amatches_on_home_team_id" ON "amatches" ("home_team_id") /*application='Golbet'*/[0m
  [1m[35m (0.0ms)[0m  [1m[35mCREATE INDEX "tindex_amatches_on_away_team_id" ON "amatches" ("away_team_id") /*application='Golbet'*/[0m
  [1m[35mSQL (0.0ms)[0m  [1m[32mINSERT INTO "amatches" ("id","away_label","away_score","away_team_id","created_at","group","home_label","home_score","home_team_id","kickoff_at","slot","stage","status","tournament_id","updated_at")
                     SELECT "id","away_label","away_score","away_team_id","created_at","group","home_label","home_score","home_team_id","kickoff_at","slot","stage","status","tournament_id","updated_at" FROM "matches" /*application='Golbet'*/[0m
  [1m[35m (0.0ms)[0m  [1m[35mDROP TABLE "matches" /*application='Golbet'*/[0m
  [1m[35m (0.0ms)[0m  [1m[35mCREATE TABLE "matches" ("id" integer PRIMARY KEY AUTOINCREMENT NOT NULL, "away_label" varchar, "away_score" integer, "away_team_id" integer, "created_at" datetime(6) NOT NULL, "group" varchar, "home_label" varchar, "home_score" integer, "home_team_id" integer, "kickoff_at" datetime(6), "slot" integer, "stage" varchar DEFAULT 'group' NOT NULL, "status" varchar, "tournament_id" integer NOT NULL, "updated_at" datetime(6) NOT NULL, CONSTRAINT "fk_rails_6a75121a9b"
FOREIGN KEY ("away_team_id")
  REFERENCES "teams" ("id")
, CONSTRAINT "fk_rails_4aed6bdf0d"
FOREIGN KEY ("home_team_id")
  REFERENCES "teams" ("id")
) /*application='Golbet'*/[0m
  [1m[35m (0.0ms)[0m  [1m[35mCREATE INDEX "index_matches_on_away_team_id" ON "matches" ("away_team_id") /*application='Golbet'*/[0m
  [1m[35m (0.0ms)[0m  [1m[35mCREATE INDEX "index_matches_on_home_team_id" ON "matches" ("home_team_id") /*application='Golbet'*/[0m
  [1m[35m (0.0ms)[0m  [1m[35mCREATE INDEX "index_matches_on_tournament_id" ON "matches" ("tournament_id") /*application='Golbet'*/[0m
  [1m[35mSQL (0.0ms)[0m  [1m[32mINSERT INTO "matches" ("id","away_label","away_score","away_team_id","created_at","group","home_label","home_score","home_team_id","kickoff_at","slot","stage","status","tournament_id","updated_at")
                     SELECT "id","away_label","away_score","away_team_id","created_at","group","home_label","home_score","home_team_id","kickoff_at","slot","stage","status","tournament_id","updated_at" FROM "amatches" /*application='Golbet'*/[0m
  [1m[35m (0.0ms)[0m  [1m[35mDROP TABLE "amatches" /*application='Golbet'*/[0m
  [1m[36mTRANSACTION (0.0ms)[0m  [1m[35mCOMMIT TRANSACTION /*application='Golbet'*/[0m
  [1m[35m (0.0ms)[0m  [1m[35mPRAGMA defer_foreign_keys = 0 /*application='Golbet'*/[0m
  [1m[35m (0.0ms)[0m  [1m[35mPRAGMA foreign_keys = 1 /*application='Golbet'*/[0m
  [1m[35m (0.0ms)[0m  [1m[35mPRAGMA foreign_keys /*application='Golbet'*/[0m
  [1m[35m (0.0ms)[0m  [1m[35mPRAGMA defer_foreign_keys /*application='Golbet'*/[0m
  [1m[35m (0.0ms)[0m  [1m[35mPRAGMA defer_foreign_keys = ON /*application='Golbet'*/[0m
  [1m[35m (0.0ms)[0m  [1m[35mPRAGMA foreign_keys = OFF /*application='Golbet'*/[0m
  [1m[36mTRANSACTION (0.0ms)[0m  [1m[35mBEGIN immediate TRANSACTION /*application='Golbet'*/[0m
  [1m[35m (0.0ms)[0m  [1m[35mCREATE TEMPORARY TABLE "amatches" ("id" integer PRIMARY KEY AUTOINCREMENT NOT NULL, "away_label" varchar, "away_score" integer, "away_team_id" integer, "created_at" datetime(6) NOT NULL, "group" varchar, "home_label" varchar, "home_score" integer, "home_team_id" integer, "kickoff_at" datetime(6), "slot" integer, "stage" varchar DEFAULT 'group' NOT NULL, "status" varchar, "tournament_id" integer NOT NULL, "updated_at" datetime(6) NOT NULL) /*application='Golbet'*/[0m
  [1m[35m (0.0ms)[0m  [1m[35mCREATE INDEX "tindex_amatches_on_tournament_id" ON "amatches" ("tournament_id") /*application='Golbet'*/[0m
  [1m[35m (0.0ms)[0m  [1m[35mCREATE INDEX "tindex_amatches_on_home_team_id" ON "amatches" ("home_team_id") /*application='Golbet'*/[0m
  [1m[35m (0.0ms)[0m  [1m[35mCREATE INDEX "tindex_amatches_on_away_team_id" ON "amatches" ("away_team_id") /*application='Golbet'*/[0m
  [1m[35mSQL (0.0ms)[0m  [1m[32mINSERT INTO "amatches" ("id","away_label","away_score","away_team_id","created_at","group","home_label","home_score","home_team_id","kickoff_at","slot","stage","status","tournament_id","updated_at")
                     SELECT "id","away_label","away_score","away_team_id","created_at","group","home_label","home_score","home_team_id","kickoff_at","slot","stage","status","tournament_id","updated_at" FROM "matches" /*application='Golbet'*/[0m
  [1m[35m (0.0ms)[0m  [1m[35mDROP TABLE "matches" /*application='Golbet'*/[0m
  [1m[35m (0.0ms)[0m  [1m[35mCREATE TABLE "matches" ("id" integer PRIMARY KEY AUTOINCREMENT NOT NULL, "away_label" varchar, "away_score" integer, "away_team_id" integer, "created_at" datetime(6) NOT NULL, "group" varchar, "home_label" varchar, "home_score" integer, "home_team_id" integer, "kickoff_at" datetime(6), "slot" integer, "stage" varchar DEFAULT 'group' NOT NULL, "status" varchar, "tournament_id" integer NOT NULL, "updated_at" datetime(6) NOT NULL, CONSTRAINT "fk_rails_4aed6bdf0d"
FOREIGN KEY ("home_team_id")
  REFERENCES "teams" ("id")
, CONSTRAINT "fk_rails_6a75121a9b"
FOREIGN KEY ("away_team_id")
  REFERENCES "teams" ("id")
, CONSTRAINT "fk_rails_700eaa2935"
FOREIGN KEY ("tournament_id")
  REFERENCES "tournaments" ("id")
) /*application='Golbet'*/[0m
  [1m[35m (0.0ms)[0m  [1m[35mCREATE INDEX "index_matches_on_away_team_id" ON "matches" ("away_team_id") /*application='Golbet'*/[0m
  [1m[35m (0.0ms)[0m  [1m[35mCREATE INDEX "index_matches_on_home_team_id" ON "matches" ("home_team_id") /*application='Golbet'*/[0m
  [1m[35m (0.0ms)[0m  [1m[35mCREATE INDEX "index_matches_on_tournament_id" ON "matches" ("tournament_id") /*application='Golbet'*/[0m
  [1m[35mSQL (0.0ms)[0m  [1m[32mINSERT INTO "matches" ("id","away_label","away_score","away_team_id","created_at","group","home_label","home_score","home_team_id","kickoff_at","slot","stage","status","tournament_id","updated_at")
                     SELECT "id","away_label","away_score","away_team_id","created_at","group","home_label","home_score","home_team_id","kickoff_at","slot","stage","status","tournament_id","updated_at" FROM "amatches" /*application='Golbet'*/[0m
  [1m[35m (0.0ms)[0m  [1m[35mDROP TABLE "amatches" /*application='Golbet'*/[0m
  [1m[36mTRANSACTION (0.0ms)[0m  [1m[35mCOMMIT TRANSACTION /*application='Golbet'*/[0m
  [1m[35m (0.0ms)[0m  [1m[35mPRAGMA defer_foreign_keys = 0 /*application='Golbet'*/[0m
  [1m[35m (0.0ms)[0m  [1m[35mPRAGMA foreign_keys = 1 /*application='Golbet'*/[0m
  [1m[35m (0.0ms)[0m  [1m[35mPRAGMA foreign_keys /*application='Golbet'*/[0m
  [1m[35m (0.0ms)[0m  [1m[35mPRAGMA defer_foreign_keys /*application='Golbet'*/[0m
  [1m[35m (0.0ms)[0m  [1m[35mPRAGMA defer_foreign_keys = ON /*application='Golbet'*/[0m
  [1m[35m (0.0ms)[0m  [1m[35mPRAGMA foreign_keys = OFF /*application='Golbet'*/[0m
  [1m[36mTRANSACTION (0.0ms)[0m  [1m[35mBEGIN immediate TRANSACTION /*application='Golbet'*/[0m
  [1m[35m (0.0ms)[0m  [1m[35mCREATE TEMPORARY TABLE "apredictions" ("id" integer PRIMARY KEY AUTOINCREMENT NOT NULL, "away_pred" integer, "created_at" datetime(6) NOT NULL, "home_pred" integer, "match_id" integer NOT NULL, "player_id" integer NOT NULL, "updated_at" datetime(6) NOT NULL) /*application='Golbet'*/[0m
  [1m[35m (0.0ms)[0m  [1m[35mCREATE INDEX "tindex_apredictions_on_player_id" ON "apredictions" ("player_id") /*application='Golbet'*/[0m
  [1m[35m (0.0ms)[0m  [1m[35mCREATE UNIQUE INDEX "tindex_apredictions_on_player_id_and_match_id" ON "apredictions" ("player_id", "match_id") /*application='Golbet'*/[0m
  [1m[35m (0.0ms)[0m  [1m[35mCREATE INDEX "tindex_apredictions_on_match_id" ON "apredictions" ("match_id") /*application='Golbet'*/[0m
  [1m[35mSQL (0.0ms)[0m  [1m[32mINSERT INTO "apredictions" ("id","away_pred","created_at","home_pred","match_id","player_id","updated_at")
                     SELECT "id","away_pred","created_at","home_pred","match_id","player_id","updated_at" FROM "predictions" /*application='Golbet'*/[0m
  [1m[35m (0.0ms)[0m  [1m[35mDROP TABLE "predictions" /*application='Golbet'*/[0m
  [1m[35m (0.0ms)[0m  [1m[35mCREATE TABLE "predictions" ("id" integer PRIMARY KEY AUTOINCREMENT NOT NULL, "away_pred" integer, "created_at" datetime(6) NOT NULL, "home_pred" integer, "match_id" integer NOT NULL, "player_id" integer NOT NULL, "updated_at" datetime(6) NOT NULL, CONSTRAINT "fk_rails_efbcaaab9d"
FOREIGN KEY ("match_id")
  REFERENCES "matches" ("id")
) /*application='Golbet'*/[0m
  [1m[35m (0.0ms)[0m  [1m[35mCREATE INDEX "index_predictions_on_match_id" ON "predictions" ("match_id") /*application='Golbet'*/[0m
  [1m[35m (0.0ms)[0m  [1m[35mCREATE UNIQUE INDEX "index_predictions_on_player_id_and_match_id" ON "predictions" ("player_id", "match_id") /*application='Golbet'*/[0m
  [1m[35m (0.0ms)[0m  [1m[35mCREATE INDEX "index_predictions_on_player_id" ON "predictions" ("player_id") /*application='Golbet'*/[0m
  [1m[35mSQL (0.0ms)[0m  [1m[32mINSERT INTO "predictions" ("id","away_pred","created_at","home_pred","match_id","player_id","updated_at")
                     SELECT "id","away_pred","created_at","home_pred","match_id","player_id","updated_at" FROM "apredictions" /*application='Golbet'*/[0m
  [1m[35m (0.0ms)[0m  [1m[35mDROP TABLE "apredictions" /*application='Golbet'*/[0m
  [1m[36mTRANSACTION (0.1ms)[0m  [1m[35mCOMMIT TRANSACTION /*application='Golbet'*/[0m
  [1m[35m (0.0ms)[0m  [1m[35mPRAGMA defer_foreign_keys = 0 /*application='Golbet'*/[0m
  [1m[35m (0.0ms)[0m  [1m[35mPRAGMA foreign_keys = 1 /*application='Golbet'*/[0m
  [1m[35m (0.0ms)[0m  [1m[35mPRAGMA foreign_keys /*application='Golbet'*/[0m
  [1m[35m (0.0ms)[0m  [1m[35mPRAGMA defer_foreign_keys /*application='Golbet'*/[0m
  [1m[35m (0.0ms)[0m  [1m[35mPRAGMA defer_foreign_keys = ON /*application='Golbet'*/[0m
  [1m[35m (0.0ms)[0m  [1m[35mPRAGMA foreign_keys = OFF /*application='Golbet'*/[0m
  [1m[36mTRANSACTION (0.0ms)[0m  [1m[35mBEGIN immediate TRANSACTION /*application='Golbet'*/[0m
  [1m[35m (0.0ms)[0m  [1m[35mCREATE TEMPORARY TABLE "apredictions" ("id" integer PRIMARY KEY AUTOINCREMENT NOT NULL, "away_pred" integer, "created_at" datetime(6) NOT NULL, "home_pred" integer, "match_id" integer NOT NULL, "player_id" integer NOT NULL, "updated_at" datetime(6) NOT NULL) /*application='Golbet'*/[0m
  [1m[35m (0.0ms)[0m  [1m[35mCREATE INDEX "tindex_apredictions_on_player_id" ON "apredictions" ("player_id") /*application='Golbet'*/[0m
  [1m[35m (0.0ms)[0m  [1m[35mCREATE UNIQUE INDEX "tindex_apredictions_on_player_id_and_match_id" ON "apredictions" ("player_id", "match_id") /*application='Golbet'*/[0m
  [1m[35m (0.0ms)[0m  [1m[35mCREATE INDEX "tindex_apredictions_on_match_id" ON "apredictions" ("match_id") /*application='Golbet'*/[0m
  [1m[35mSQL (0.0ms)[0m  [1m[32mINSERT INTO "apredictions" ("id","away_pred","created_at","home_pred","match_id","player_id","updated_at")
                     SELECT "id","away_pred","created_at","home_pred","match_id","player_id","updated_at" FROM "predictions" /*application='Golbet'*/[0m
  [1m[35m (0.0ms)[0m  [1m[35mDROP TABLE "predictions" /*application='Golbet'*/[0m
  [1m[35m (0.0ms)[0m  [1m[35mCREATE TABLE "predictions" ("id" integer PRIMARY KEY AUTOINCREMENT NOT NULL, "away_pred" integer, "created_at" datetime(6) NOT NULL, "home_pred" integer, "match_id" integer NOT NULL, "player_id" integer NOT NULL, "updated_at" datetime(6) NOT NULL, CONSTRAINT "fk_rails_efbcaaab9d"
FOREIGN KEY ("match_id")
  REFERENCES "matches" ("id")
, CONSTRAINT "fk_rails_d93e8b22fe"
FOREIGN KEY ("player_id")
  REFERENCES "players" ("id")
) /*application='Golbet'*/[0m
  [1m[35m (0.0ms)[0m  [1m[35mCREATE INDEX "index_predictions_on_match_id" ON "predictions" ("match_id") /*application='Golbet'*/[0m
  [1m[35m (0.0ms)[0m  [1m[35mCREATE UNIQUE INDEX "index_predictions_on_player_id_and_match_id" ON "predictions" ("player_id", "match_id") /*application='Golbet'*/[0m
  [1m[35m (0.0ms)[0m  [1m[35mCREATE INDEX "index_predictions_on_player_id" ON "predictions" ("player_id") /*application='Golbet'*/[0m
  [1m[35mSQL (0.0ms)[0m  [1m[32mINSERT INTO "predictions" ("id","away_pred","created_at","home_pred","match_id","player_id","updated_at")
                     SELECT "id","away_pred","created_at","home_pred","match_id","player_id","updated_at" FROM "apredictions" /*application='Golbet'*/[0m
  [1m[35m (0.0ms)[0m  [1m[35mDROP TABLE "apredictions" /*application='Golbet'*/[0m
  [1m[36mTRANSACTION (0.0ms)[0m  [1m[35mCOMMIT TRANSACTION /*application='Golbet'*/[0m
  [1m[35m (0.0ms)[0m  [1m[35mPRAGMA defer_foreign_keys = 0 /*application='Golbet'*/[0m
  [1m[35m (0.0ms)[0m  [1m[35mPRAGMA foreign_keys = 1 /*application='Golbet'*/[0m
  [1m[35m (0.0ms)[0m  [1m[35mPRAGMA foreign_keys /*application='Golbet'*/[0m
  [1m[35m (0.0ms)[0m  [1m[35mPRAGMA defer_foreign_keys /*application='Golbet'*/[0m
  [1m[35m (0.0ms)[0m  [1m[35mPRAGMA defer_foreign_keys = ON /*application='Golbet'*/[0m
  [1m[35m (0.0ms)[0m  [1m[35mPRAGMA foreign_keys = OFF /*application='Golbet'*/[0m
  [1m[36mTRANSACTION (0.0ms)[0m  [1m[35mBEGIN immediate TRANSACTION /*application='Golbet'*/[0m
  [1m[35m (0.0ms)[0m  [1m[35mCREATE TEMPORARY TABLE "ateams" ("id" integer PRIMARY KEY AUTOINCREMENT NOT NULL, "code" varchar NOT NULL, "created_at" datetime(6) NOT NULL, "flag" varchar, "group" varchar NOT NULL, "name" varchar NOT NULL, "tournament_id" integer NOT NULL, "updated_at" datetime(6) NOT NULL) /*application='Golbet'*/[0m
  [1m[35m (0.0ms)[0m  [1m[35mCREATE INDEX "tindex_ateams_on_tournament_id" ON "ateams" ("tournament_id") /*application='Golbet'*/[0m
  [1m[35m (0.0ms)[0m  [1m[35mCREATE UNIQUE INDEX "tindex_ateams_on_tournament_id_and_code" ON "ateams" ("tournament_id", "code") /*application='Golbet'*/[0m
  [1m[35mSQL (0.0ms)[0m  [1m[32mINSERT INTO "ateams" ("id","code","created_at","flag","group","name","tournament_id","updated_at")
                     SELECT "id","code","created_at","flag","group","name","tournament_id","updated_at" FROM "teams" /*application='Golbet'*/[0m
  [1m[35m (0.0ms)[0m  [1m[35mDROP TABLE "teams" /*application='Golbet'*/[0m
  [1m[35m (0.0ms)[0m  [1m[35mCREATE TABLE "teams" ("id" integer PRIMARY KEY AUTOINCREMENT NOT NULL, "code" varchar NOT NULL, "created_at" datetime(6) NOT NULL, "flag" varchar, "group" varchar NOT NULL, "name" varchar NOT NULL, "tournament_id" integer NOT NULL, "updated_at" datetime(6) NOT NULL, CONSTRAINT "fk_rails_0e7ea9f0de"
FOREIGN KEY ("tournament_id")
  REFERENCES "tournaments" ("id")
) /*application='Golbet'*/[0m
  [1m[35m (0.0ms)[0m  [1m[35mCREATE UNIQUE INDEX "index_teams_on_tournament_id_and_code" ON "teams" ("tournament_id", "code") /*application='Golbet'*/[0m
  [1m[35m (0.0ms)[0m  [1m[35mCREATE INDEX "index_teams_on_tournament_id" ON "teams" ("tournament_id") /*application='Golbet'*/[0m
  [1m[35mSQL (0.0ms)[0m  [1m[32mINSERT INTO "teams" ("id","code","created_at","flag","group","name","tournament_id","updated_at")
                     SELECT "id","code","created_at","flag","group","name","tournament_id","updated_at" FROM "ateams" /*application='Golbet'*/[0m
  [1m[35m (0.0ms)[0m  [1m[35mDROP TABLE "ateams" /*application='Golbet'*/[0m
  [1m[36mTRANSACTION (0.0ms)[0m  [1m[35mCOMMIT TRANSACTION /*application='Golbet'*/[0m
  [1m[35m (0.0ms)[0m  [1m[35mPRAGMA defer_foreign_keys = 0 /*application='Golbet'*/[0m
  [1m[35m (0.0ms)[0m  [1m[35mPRAGMA foreign_keys = 1 /*application='Golbet'*/[0m
  [1m[35m (0.0ms)[0m  [1m[35mCREATE TABLE "schema_migrations" ("version" varchar NOT NULL PRIMARY KEY) /*application='Golbet'*/[0m
  [1m[36mActiveRecord::SchemaMigration Load (0.0ms)[0m  [1m[34mSELECT "schema_migrations"."version" FROM "schema_migrations" ORDER BY "schema_migrations"."version" ASC /*application='Golbet'*/[0m
  [1m[35m (0.0ms)[0m  [1m[32mINSERT INTO "schema_migrations" (version) VALUES (20260603140644) /*application='Golbet'*/[0m
  [1m[35m (0.0ms)[0m  [1m[32mINSERT INTO "schema_migrations" (version) VALUES
(20260603140626),
(20260602040055),
(20260602040004),
(20260602035633),
(20260602035258),
(20260602035255); /*application='Golbet'*/[0m
  [1m[35m (0.1ms)[0m  [1m[35mCREATE TABLE "ar_internal_metadata" ("key" varchar NOT NULL PRIMARY KEY, "value" varchar, "created_at" datetime(6) NOT NULL, "updated_at" datetime(6) NOT NULL) /*application='Golbet'*/[0m
  [1m[36mActiveRecord::InternalMetadata Load (0.0ms)[0m  [1m[34mSELECT * FROM "ar_internal_metadata" WHERE "ar_internal_metadata"."key" = 'environment' ORDER BY "ar_internal_metadata"."key" ASC LIMIT 1 /*application='Golbet'*/[0m
  [1m[36mActiveRecord::InternalMetadata Create (0.0ms)[0m  [1m[32mINSERT INTO "ar_internal_metadata" ("key", "value", "created_at", "updated_at") VALUES ('environment', 'development', '2026-06-03 14:07:58.028754', '2026-06-03 14:07:58.028755') RETURNING "key" /*application='Golbet'*/[0m
  [1m[36mActiveRecord::InternalMetadata Load (0.0ms)[0m  [1m[34mSELECT * FROM "ar_internal_metadata" WHERE "ar_internal_metadata"."key" = 'environment' ORDER BY "ar_internal_metadata"."key" ASC LIMIT 1 /*application='Golbet'*/[0m
  [1m[36mActiveRecord::InternalMetadata Update (0.1ms)[0m  [1m[33mUPDATE "ar_internal_metadata" SET "value" = 'test', "updated_at" = '2026-06-03 14:07:58.029232' WHERE "ar_internal_metadata"."key" = 'environment' /*application='Golbet'*/[0m
  [1m[36mActiveRecord::InternalMetadata Load (0.0ms)[0m  [1m[34mSELECT * FROM "ar_internal_metadata" WHERE "ar_internal_metadata"."key" = 'schema_sha1' ORDER BY "ar_internal_metadata"."key" ASC LIMIT 1 /*application='Golbet'*/[0m
  [1m[36mActiveRecord::InternalMetadata Create (0.0ms)[0m  [1m[32mINSERT INTO "ar_internal_metadata" ("key", "value", "created_at", "updated_at") VALUES ('schema_sha1', '4ec64053e2a207e290752b08346f32257691574d', '2026-06-03 14:07:58.029693', '2026-06-03 14:07:58.029694') RETURNING "key" /*application='Golbet'*/[0m
  [1m[36mActiveRecord::SchemaMigration Load (0.2ms)[0m  [1m[34mSELECT "schema_migrations"."version" FROM "schema_migrations" ORDER BY "schema_migrations"."version" ASC /*application='Golbet'*/[0m
  [1m[36mActiveRecord::InternalMetadata Load (0.0ms)[0m  [1m[34mSELECT * FROM "ar_internal_metadata" WHERE "ar_internal_metadata"."key" = 'environment' ORDER BY "ar_internal_metadata"."key" ASC LIMIT 1 /*application='Golbet'*/[0m
  [1m[36mActiveRecord::SchemaMigration Load (0.0ms)[0m  [1m[34mSELECT "schema_migrations"."version" FROM "schema_migrations" ORDER BY "schema_migrations"."version" ASC /*application='Golbet'*/[0m
  [1m[36mActiveRecord::InternalMetadata Load (0.0ms)[0m  [1m[34mSELECT * FROM "ar_internal_metadata" WHERE "ar_internal_metadata"."key" = 'environment' ORDER BY "ar_internal_metadata"."key" ASC LIMIT 1 /*application='Golbet'*/[0m
  [1m[36mActiveRecord::SchemaMigration Load (0.0ms)[0m  [1m[34mSELECT "schema_migrations"."version" FROM "schema_migrations" ORDER BY "schema_migrations"."version" ASC /*application='Golbet'*/[0m
  [1m[36mActiveRecord::InternalMetadata Load (0.0ms)[0m  [1m[34mSELECT * FROM "ar_internal_metadata" WHERE "ar_internal_metadata"."key" = 'environment' ORDER BY "ar_internal_metadata"."key" ASC LIMIT 1 /*application='Golbet'*/[0m
  [1m[35m (0.3ms)[0m  [1m[35mDROP TABLE IF EXISTS "matches" /*application='Golbet'*/[0m
  [1m[35m (0.1ms)[0m  [1m[35mCREATE TABLE "matches" ("id" integer PRIMARY KEY AUTOINCREMENT NOT NULL, "away_label" varchar, "away_score" integer, "away_team_id" integer, "created_at" datetime(6) NOT NULL, "group" varchar, "home_label" varchar, "home_score" integer, "home_team_id" integer, "kickoff_at" datetime(6), "slot" integer, "stage" varchar DEFAULT 'group' NOT NULL, "status" varchar, "tournament_id" integer NOT NULL, "updated_at" datetime(6) NOT NULL) /*application='Golbet'*/[0m
  [1m[35m (0.0ms)[0m  [1m[35mCREATE INDEX "index_matches_on_away_team_id" ON "matches" ("away_team_id") /*application='Golbet'*/[0m
  [1m[35m (0.0ms)[0m  [1m[35mCREATE INDEX "index_matches_on_home_team_id" ON "matches" ("home_team_id") /*application='Golbet'*/[0m
  [1m[35m (0.0ms)[0m  [1m[35mCREATE INDEX "index_matches_on_tournament_id" ON "matches" ("tournament_id") /*application='Golbet'*/[0m
  [1m[35m (0.0ms)[0m  [1m[35mDROP TABLE IF EXISTS "players" /*application='Golbet'*/[0m
  [1m[35m (0.0ms)[0m  [1m[35mCREATE TABLE "players" ("id" integer PRIMARY KEY AUTOINCREMENT NOT NULL, "created_at" datetime(6) NOT NULL, "name" varchar, "session_token" varchar, "updated_at" datetime(6) NOT NULL) /*application='Golbet'*/[0m
  [1m[35m (0.0ms)[0m  [1m[35mCREATE UNIQUE INDEX "index_players_on_session_token" ON "players" ("session_token") /*application='Golbet'*/[0m
  [1m[35m (0.0ms)[0m  [1m[35mDROP TABLE IF EXISTS "predictions" /*application='Golbet'*/[0m
  [1m[35m (0.0ms)[0m  [1m[35mCREATE TABLE "predictions" ("id" integer PRIMARY KEY AUTOINCREMENT NOT NULL, "away_pred" integer, "created_at" datetime(6) NOT NULL, "home_pred" integer, "match_id" integer NOT NULL, "player_id" integer NOT NULL, "updated_at" datetime(6) NOT NULL) /*application='Golbet'*/[0m
  [1m[35m (0.0ms)[0m  [1m[35mCREATE INDEX "index_predictions_on_match_id" ON "predictions" ("match_id") /*application='Golbet'*/[0m
  [1m[35m (0.0ms)[0m  [1m[35mCREATE UNIQUE INDEX "index_predictions_on_player_id_and_match_id" ON "predictions" ("player_id", "match_id") /*application='Golbet'*/[0m
  [1m[35m (0.0ms)[0m  [1m[35mCREATE INDEX "index_predictions_on_player_id" ON "predictions" ("player_id") /*application='Golbet'*/[0m
  [1m[35m (0.0ms)[0m  [1m[35mDROP TABLE IF EXISTS "teams" /*application='Golbet'*/[0m
  [1m[35m (0.0ms)[0m  [1m[35mCREATE TABLE "teams" ("id" integer PRIMARY KEY AUTOINCREMENT NOT NULL, "code" varchar NOT NULL, "created_at" datetime(6) NOT NULL, "flag" varchar, "group" varchar NOT NULL, "name" varchar NOT NULL, "tournament_id" integer NOT NULL, "updated_at" datetime(6) NOT NULL) /*application='Golbet'*/[0m
  [1m[35m (0.0ms)[0m  [1m[35mCREATE UNIQUE INDEX "index_teams_on_tournament_id_and_code" ON "teams" ("tournament_id", "code") /*application='Golbet'*/[0m
  [1m[35m (0.0ms)[0m  [1m[35mCREATE INDEX "index_teams_on_tournament_id" ON "teams" ("tournament_id") /*application='Golbet'*/[0m
  [1m[35m (0.0ms)[0m  [1m[35mDROP TABLE IF EXISTS "tournaments" /*application='Golbet'*/[0m
  [1m[35m (0.0ms)[0m  [1m[35mCREATE TABLE "tournaments" ("id" integer PRIMARY KEY AUTOINCREMENT NOT NULL, "created_at" datetime(6) NOT NULL, "name" varchar, "updated_at" datetime(6) NOT NULL) /*application='Golbet'*/[0m
  [1m[35m (0.0ms)[0m  [1m[35mPRAGMA foreign_keys /*application='Golbet'*/[0m
  [1m[35m (0.0ms)[0m  [1m[35mPRAGMA defer_foreign_keys /*application='Golbet'*/[0m
  [1m[35m (0.0ms)[0m  [1m[35mPRAGMA defer_foreign_keys = ON /*application='Golbet'*/[0m
  [1m[35m (0.0ms)[0m  [1m[35mPRAGMA foreign_keys = OFF /*application='Golbet'*/[0m
  [1m[36mTRANSACTION (0.0ms)[0m  [1m[35mBEGIN immediate TRANSACTION /*application='Golbet'*/[0m
  [1m[35m (0.0ms)[0m  [1m[35mCREATE TEMPORARY TABLE "amatches" ("id" integer PRIMARY KEY AUTOINCREMENT NOT NULL, "away_label" varchar, "away_score" integer, "away_team_id" integer, "created_at" datetime(6) NOT NULL, "group" varchar, "home_label" varchar, "home_score" integer, "home_team_id" integer, "kickoff_at" datetime(6), "slot" integer, "stage" varchar DEFAULT 'group' NOT NULL, "status" varchar, "tournament_id" integer NOT NULL, "updated_at" datetime(6) NOT NULL) /*application='Golbet'*/[0m
  [1m[35m (0.0ms)[0m  [1m[35mCREATE INDEX "tindex_amatches_on_tournament_id" ON "amatches" ("tournament_id") /*application='Golbet'*/[0m
  [1m[35m (0.0ms)[0m  [1m[35mCREATE INDEX "tindex_amatches_on_home_team_id" ON "amatches" ("home_team_id") /*application='Golbet'*/[0m
  [1m[35m (0.0ms)[0m  [1m[35mCREATE INDEX "tindex_amatches_on_away_team_id" ON "amatches" ("away_team_id") /*application='Golbet'*/[0m
  [1m[35mSQL (0.0ms)[0m  [1m[32mINSERT INTO "amatches" ("id","away_label","away_score","away_team_id","created_at","group","home_label","home_score","home_team_id","kickoff_at","slot","stage","status","tournament_id","updated_at")
                     SELECT "id","away_label","away_score","away_team_id","created_at","group","home_label","home_score","home_team_id","kickoff_at","slot","stage","status","tournament_id","updated_at" FROM "matches" /*application='Golbet'*/[0m
  [1m[35m (0.1ms)[0m  [1m[35mDROP TABLE "matches" /*application='Golbet'*/[0m
  [1m[35m (0.0ms)[0m  [1m[35mCREATE TABLE "matches" ("id" integer PRIMARY KEY AUTOINCREMENT NOT NULL, "away_label" varchar, "away_score" integer, "away_team_id" integer, "created_at" datetime(6) NOT NULL, "group" varchar, "home_label" varchar, "home_score" integer, "home_team_id" integer, "kickoff_at" datetime(6), "slot" integer, "stage" varchar DEFAULT 'group' NOT NULL, "status" varchar, "tournament_id" integer NOT NULL, "updated_at" datetime(6) NOT NULL, CONSTRAINT "fk_rails_6a75121a9b"
FOREIGN KEY ("away_team_id")
  REFERENCES "teams" ("id")
) /*application='Golbet'*/[0m
  [1m[35m (0.0ms)[0m  [1m[35mCREATE INDEX "index_matches_on_away_team_id" ON "matches" ("away_team_id") /*application='Golbet'*/[0m
  [1m[35m (0.0ms)[0m  [1m[35mCREATE INDEX "index_matches_on_home_team_id" ON "matches" ("home_team_id") /*application='Golbet'*/[0m
  [1m[35m (0.0ms)[0m  [1m[35mCREATE INDEX "index_matches_on_tournament_id" ON "matches" ("tournament_id") /*application='Golbet'*/[0m
  [1m[35mSQL (0.0ms)[0m  [1m[32mINSERT INTO "matches" ("id","away_label","away_score","away_team_id","created_at","group","home_label","home_score","home_team_id","kickoff_at","slot","stage","status","tournament_id","updated_at")
                     SELECT "id","away_label","away_score","away_team_id","created_at","group","home_label","home_score","home_team_id","kickoff_at","slot","stage","status","tournament_id","updated_at" FROM "amatches" /*application='Golbet'*/[0m
  [1m[35m (0.0ms)[0m  [1m[35mDROP TABLE "amatches" /*application='Golbet'*/[0m
  [1m[36mTRANSACTION (0.0ms)[0m  [1m[35mCOMMIT TRANSACTION /*application='Golbet'*/[0m
  [1m[35m (0.0ms)[0m  [1m[35mPRAGMA defer_foreign_keys = 0 /*application='Golbet'*/[0m
  [1m[35m (0.0ms)[0m  [1m[35mPRAGMA foreign_keys = 1 /*application='Golbet'*/[0m
  [1m[35m (0.0ms)[0m  [1m[35mPRAGMA foreign_keys /*application='Golbet'*/[0m
  [1m[35m (0.0ms)[0m  [1m[35mPRAGMA defer_foreign_keys /*application='Golbet'*/[0m
  [1m[35m (0.0ms)[0m  [1m[35mPRAGMA defer_foreign_keys = ON /*application='Golbet'*/[0m
  [1m[35m (0.0ms)[0m  [1m[35mPRAGMA foreign_keys = OFF /*application='Golbet'*/[0m
  [1m[36mTRANSACTION (0.0ms)[0m  [1m[35mBEGIN immediate TRANSACTION /*application='Golbet'*/[0m
  [1m[35m (0.0ms)[0m  [1m[35mCREATE TEMPORARY TABLE "amatches" ("id" integer PRIMARY KEY AUTOINCREMENT NOT NULL, "away_label" varchar, "away_score" integer, "away_team_id" integer, "created_at" datetime(6) NOT NULL, "group" varchar, "home_label" varchar, "home_score" integer, "home_team_id" integer, "kickoff_at" datetime(6), "slot" integer, "stage" varchar DEFAULT 'group' NOT NULL, "status" varchar, "tournament_id" integer NOT NULL, "updated_at" datetime(6) NOT NULL) /*application='Golbet'*/[0m
  [1m[35m (0.0ms)[0m  [1m[35mCREATE INDEX "tindex_amatches_on_tournament_id" ON "amatches" ("tournament_id") /*application='Golbet'*/[0m
  [1m[35m (0.0ms)[0m  [1m[35mCREATE INDEX "tindex_amatches_on_home_team_id" ON "amatches" ("home_team_id") /*application='Golbet'*/[0m
  [1m[35m (0.0ms)[0m  [1m[35mCREATE INDEX "tindex_amatches_on_away_team_id" ON "amatches" ("away_team_id") /*application='Golbet'*/[0m
  [1m[35mSQL (0.0ms)[0m  [1m[32mINSERT INTO "amatches" ("id","away_label","away_score","away_team_id","created_at","group","home_label","home_score","home_team_id","kickoff_at","slot","stage","status","tournament_id","updated_at")
                     SELECT "id","away_label","away_score","away_team_id","created_at","group","home_label","home_score","home_team_id","kickoff_at","slot","stage","status","tournament_id","updated_at" FROM "matches" /*application='Golbet'*/[0m
  [1m[35m (0.0ms)[0m  [1m[35mDROP TABLE "matches" /*application='Golbet'*/[0m
  [1m[35m (0.0ms)[0m  [1m[35mCREATE TABLE "matches" ("id" integer PRIMARY KEY AUTOINCREMENT NOT NULL, "away_label" varchar, "away_score" integer, "away_team_id" integer, "created_at" datetime(6) NOT NULL, "group" varchar, "home_label" varchar, "home_score" integer, "home_team_id" integer, "kickoff_at" datetime(6), "slot" integer, "stage" varchar DEFAULT 'group' NOT NULL, "status" varchar, "tournament_id" integer NOT NULL, "updated_at" datetime(6) NOT NULL, CONSTRAINT "fk_rails_6a75121a9b"
FOREIGN KEY ("away_team_id")
  REFERENCES "teams" ("id")
, CONSTRAINT "fk_rails_4aed6bdf0d"
FOREIGN KEY ("home_team_id")
  REFERENCES "teams" ("id")
) /*application='Golbet'*/[0m
  [1m[35m (0.0ms)[0m  [1m[35mCREATE INDEX "index_matches_on_away_team_id" ON "matches" ("away_team_id") /*application='Golbet'*/[0m
  [1m[35m (0.0ms)[0m  [1m[35mCREATE INDEX "index_matches_on_home_team_id" ON "matches" ("home_team_id") /*application='Golbet'*/[0m
  [1m[35m (0.0ms)[0m  [1m[35mCREATE INDEX "index_matches_on_tournament_id" ON "matches" ("tournament_id") /*application='Golbet'*/[0m
  [1m[35mSQL (0.0ms)[0m  [1m[32mINSERT INTO "matches" ("id","away_label","away_score","away_team_id","created_at","group","home_label","home_score","home_team_id","kickoff_at","slot","stage","status","tournament_id","updated_at")
                     SELECT "id","away_label","away_score","away_team_id","created_at","group","home_label","home_score","home_team_id","kickoff_at","slot","stage","status","tournament_id","updated_at" FROM "amatches" /*application='Golbet'*/[0m
  [1m[35m (0.0ms)[0m  [1m[35mDROP TABLE "amatches" /*application='Golbet'*/[0m
  [1m[36mTRANSACTION (0.0ms)[0m  [1m[35mCOMMIT TRANSACTION /*application='Golbet'*/[0m
  [1m[35m (0.0ms)[0m  [1m[35mPRAGMA defer_foreign_keys = 0 /*application='Golbet'*/[0m
  [1m[35m (0.0ms)[0m  [1m[35mPRAGMA foreign_keys = 1 /*application='Golbet'*/[0m
  [1m[35m (0.0ms)[0m  [1m[35mPRAGMA foreign_keys /*application='Golbet'*/[0m
  [1m[35m (0.0ms)[0m  [1m[35mPRAGMA defer_foreign_keys /*application='Golbet'*/[0m
  [1m[35m (0.0ms)[0m  [1m[35mPRAGMA defer_foreign_keys = ON /*application='Golbet'*/[0m
  [1m[35m (0.0ms)[0m  [1m[35mPRAGMA foreign_keys = OFF /*application='Golbet'*/[0m
  [1m[36mTRANSACTION (0.0ms)[0m  [1m[35mBEGIN immediate TRANSACTION /*application='Golbet'*/[0m
  [1m[35m (0.0ms)[0m  [1m[35mCREATE TEMPORARY TABLE "amatches" ("id" integer PRIMARY KEY AUTOINCREMENT NOT NULL, "away_label" varchar, "away_score" integer, "away_team_id" integer, "created_at" datetime(6) NOT NULL, "group" varchar, "home_label" varchar, "home_score" integer, "home_team_id" integer, "kickoff_at" datetime(6), "slot" integer, "stage" varchar DEFAULT 'group' NOT NULL, "status" varchar, "tournament_id" integer NOT NULL, "updated_at" datetime(6) NOT NULL) /*application='Golbet'*/[0m
  [1m[35m (0.0ms)[0m  [1m[35mCREATE INDEX "tindex_amatches_on_tournament_id" ON "amatches" ("tournament_id") /*application='Golbet'*/[0m
  [1m[35m (0.0ms)[0m  [1m[35mCREATE INDEX "tindex_amatches_on_home_team_id" ON "amatches" ("home_team_id") /*application='Golbet'*/[0m
  [1m[35m (0.0ms)[0m  [1m[35mCREATE INDEX "tindex_amatches_on_away_team_id" ON "amatches" ("away_team_id") /*application='Golbet'*/[0m
  [1m[35mSQL (0.0ms)[0m  [1m[32mINSERT INTO "amatches" ("id","away_label","away_score","away_team_id","created_at","group","home_label","home_score","home_team_id","kickoff_at","slot","stage","status","tournament_id","updated_at")
                     SELECT "id","away_label","away_score","away_team_id","created_at","group","home_label","home_score","home_team_id","kickoff_at","slot","stage","status","tournament_id","updated_at" FROM "matches" /*application='Golbet'*/[0m
  [1m[35m (0.0ms)[0m  [1m[35mDROP TABLE "matches" /*application='Golbet'*/[0m
  [1m[35m (0.0ms)[0m  [1m[35mCREATE TABLE "matches" ("id" integer PRIMARY KEY AUTOINCREMENT NOT NULL, "away_label" varchar, "away_score" integer, "away_team_id" integer, "created_at" datetime(6) NOT NULL, "group" varchar, "home_label" varchar, "home_score" integer, "home_team_id" integer, "kickoff_at" datetime(6), "slot" integer, "stage" varchar DEFAULT 'group' NOT NULL, "status" varchar, "tournament_id" integer NOT NULL, "updated_at" datetime(6) NOT NULL, CONSTRAINT "fk_rails_4aed6bdf0d"
FOREIGN KEY ("home_team_id")
  REFERENCES "teams" ("id")
, CONSTRAINT "fk_rails_6a75121a9b"
FOREIGN KEY ("away_team_id")
  REFERENCES "teams" ("id")
, CONSTRAINT "fk_rails_700eaa2935"
FOREIGN KEY ("tournament_id")
  REFERENCES "tournaments" ("id")
) /*application='Golbet'*/[0m
  [1m[35m (0.0ms)[0m  [1m[35mCREATE INDEX "index_matches_on_away_team_id" ON "matches" ("away_team_id") /*application='Golbet'*/[0m
  [1m[35m (0.0ms)[0m  [1m[35mCREATE INDEX "index_matches_on_home_team_id" ON "matches" ("home_team_id") /*application='Golbet'*/[0m
  [1m[35m (0.0ms)[0m  [1m[35mCREATE INDEX "index_matches_on_tournament_id" ON "matches" ("tournament_id") /*application='Golbet'*/[0m
  [1m[35mSQL (0.0ms)[0m  [1m[32mINSERT INTO "matches" ("id","away_label","away_score","away_team_id","created_at","group","home_label","home_score","home_team_id","kickoff_at","slot","stage","status","tournament_id","updated_at")
                     SELECT "id","away_label","away_score","away_team_id","created_at","group","home_label","home_score","home_team_id","kickoff_at","slot","stage","status","tournament_id","updated_at" FROM "amatches" /*application='Golbet'*/[0m
  [1m[35m (0.0ms)[0m  [1m[35mDROP TABLE "amatches" /*application='Golbet'*/[0m
  [1m[36mTRANSACTION (0.0ms)[0m  [1m[35mCOMMIT TRANSACTION /*application='Golbet'*/[0m
  [1m[35m (0.0ms)[0m  [1m[35mPRAGMA defer_foreign_keys = 0 /*application='Golbet'*/[0m
  [1m[35m (0.0ms)[0m  [1m[35mPRAGMA foreign_keys = 1 /*application='Golbet'*/[0m
  [1m[35m (0.0ms)[0m  [1m[35mPRAGMA foreign_keys /*application='Golbet'*/[0m
  [1m[35m (0.0ms)[0m  [1m[35mPRAGMA defer_foreign_keys /*application='Golbet'*/[0m
  [1m[35m (0.0ms)[0m  [1m[35mPRAGMA defer_foreign_keys = ON /*application='Golbet'*/[0m
  [1m[35m (0.0ms)[0m  [1m[35mPRAGMA foreign_keys = OFF /*application='Golbet'*/[0m
  [1m[36mTRANSACTION (0.0ms)[0m  [1m[35mBEGIN immediate TRANSACTION /*application='Golbet'*/[0m
  [1m[35m (0.0ms)[0m  [1m[35mCREATE TEMPORARY TABLE "apredictions" ("id" integer PRIMARY KEY AUTOINCREMENT NOT NULL, "away_pred" integer, "created_at" datetime(6) NOT NULL, "home_pred" integer, "match_id" integer NOT NULL, "player_id" integer NOT NULL, "updated_at" datetime(6) NOT NULL) /*application='Golbet'*/[0m
  [1m[35m (0.0ms)[0m  [1m[35mCREATE INDEX "tindex_apredictions_on_player_id" ON "apredictions" ("player_id") /*application='Golbet'*/[0m
  [1m[35m (0.0ms)[0m  [1m[35mCREATE UNIQUE INDEX "tindex_apredictions_on_player_id_and_match_id" ON "apredictions" ("player_id", "match_id") /*application='Golbet'*/[0m
  [1m[35m (0.0ms)[0m  [1m[35mCREATE INDEX "tindex_apredictions_on_match_id" ON "apredictions" ("match_id") /*application='Golbet'*/[0m
  [1m[35mSQL (0.0ms)[0m  [1m[32mINSERT INTO "apredictions" ("id","away_pred","created_at","home_pred","match_id","player_id","updated_at")
                     SELECT "id","away_pred","created_at","home_pred","match_id","player_id","updated_at" FROM "predictions" /*application='Golbet'*/[0m
  [1m[35m (0.0ms)[0m  [1m[35mDROP TABLE "predictions" /*application='Golbet'*/[0m
  [1m[35m (0.0ms)[0m  [1m[35mCREATE TABLE "predictions" ("id" integer PRIMARY KEY AUTOINCREMENT NOT NULL, "away_pred" integer, "created_at" datetime(6) NOT NULL, "home_pred" integer, "match_id" integer NOT NULL, "player_id" integer NOT NULL, "updated_at" datetime(6) NOT NULL, CONSTRAINT "fk_rails_efbcaaab9d"
FOREIGN KEY ("match_id")
  REFERENCES "matches" ("id")
) /*application='Golbet'*/[0m
  [1m[35m (0.0ms)[0m  [1m[35mCREATE INDEX "index_predictions_on_match_id" ON "predictions" ("match_id") /*application='Golbet'*/[0m
  [1m[35m (0.0ms)[0m  [1m[35mCREATE UNIQUE INDEX "index_predictions_on_player_id_and_match_id" ON "predictions" ("player_id", "match_id") /*application='Golbet'*/[0m
  [1m[35m (0.0ms)[0m  [1m[35mCREATE INDEX "index_predictions_on_player_id" ON "predictions" ("player_id") /*application='Golbet'*/[0m
  [1m[35mSQL (0.0ms)[0m  [1m[32mINSERT INTO "predictions" ("id","away_pred","created_at","home_pred","match_id","player_id","updated_at")
                     SELECT "id","away_pred","created_at","home_pred","match_id","player_id","updated_at" FROM "apredictions" /*application='Golbet'*/[0m
  [1m[35m (0.0ms)[0m  [1m[35mDROP TABLE "apredictions" /*application='Golbet'*/[0m
  [1m[36mTRANSACTION (0.0ms)[0m  [1m[35mCOMMIT TRANSACTION /*application='Golbet'*/[0m
  [1m[35m (0.0ms)[0m  [1m[35mPRAGMA defer_foreign_keys = 0 /*application='Golbet'*/[0m
  [1m[35m (0.0ms)[0m  [1m[35mPRAGMA foreign_keys = 1 /*application='Golbet'*/[0m
  [1m[35m (0.0ms)[0m  [1m[35mPRAGMA foreign_keys /*application='Golbet'*/[0m
  [1m[35m (0.0ms)[0m  [1m[35mPRAGMA defer_foreign_keys /*application='Golbet'*/[0m
  [1m[35m (0.0ms)[0m  [1m[35mPRAGMA defer_foreign_keys = ON /*application='Golbet'*/[0m
  [1m[35m (0.0ms)[0m  [1m[35mPRAGMA foreign_keys = OFF /*application='Golbet'*/[0m
  [1m[36mTRANSACTION (0.0ms)[0m  [1m[35mBEGIN immediate TRANSACTION /*application='Golbet'*/[0m
  [1m[35m (0.0ms)[0m  [1m[35mCREATE TEMPORARY TABLE "apredictions" ("id" integer PRIMARY KEY AUTOINCREMENT NOT NULL, "away_pred" integer, "created_at" datetime(6) NOT NULL, "home_pred" integer, "match_id" integer NOT NULL, "player_id" integer NOT NULL, "updated_at" datetime(6) NOT NULL) /*application='Golbet'*/[0m
  [1m[35m (0.0ms)[0m  [1m[35mCREATE INDEX "tindex_apredictions_on_player_id" ON "apredictions" ("player_id") /*application='Golbet'*/[0m
  [1m[35m (0.0ms)[0m  [1m[35mCREATE UNIQUE INDEX "tindex_apredictions_on_player_id_and_match_id" ON "apredictions" ("player_id", "match_id") /*application='Golbet'*/[0m
  [1m[35m (0.0ms)[0m  [1m[35mCREATE INDEX "tindex_apredictions_on_match_id" ON "apredictions" ("match_id") /*application='Golbet'*/[0m
  [1m[35mSQL (0.0ms)[0m  [1m[32mINSERT INTO "apredictions" ("id","away_pred","created_at","home_pred","match_id","player_id","updated_at")
                     SELECT "id","away_pred","created_at","home_pred","match_id","player_id","updated_at" FROM "predictions" /*application='Golbet'*/[0m
  [1m[35m (0.0ms)[0m  [1m[35mDROP TABLE "predictions" /*application='Golbet'*/[0m
  [1m[35m (0.0ms)[0m  [1m[35mCREATE TABLE "predictions" ("id" integer PRIMARY KEY AUTOINCREMENT NOT NULL, "away_pred" integer, "created_at" datetime(6) NOT NULL, "home_pred" integer, "match_id" integer NOT NULL, "player_id" integer NOT NULL, "updated_at" datetime(6) NOT NULL, CONSTRAINT "fk_rails_efbcaaab9d"
FOREIGN KEY ("match_id")
  REFERENCES "matches" ("id")
, CONSTRAINT "fk_rails_d93e8b22fe"
FOREIGN KEY ("player_id")
  REFERENCES "players" ("id")
) /*application='Golbet'*/[0m
  [1m[35m (0.0ms)[0m  [1m[35mCREATE INDEX "index_predictions_on_match_id" ON "predictions" ("match_id") /*application='Golbet'*/[0m
  [1m[35m (0.0ms)[0m  [1m[35mCREATE UNIQUE INDEX "index_predictions_on_player_id_and_match_id" ON "predictions" ("player_id", "match_id") /*application='Golbet'*/[0m
  [1m[35m (0.0ms)[0m  [1m[35mCREATE INDEX "index_predictions_on_player_id" ON "predictions" ("player_id") /*application='Golbet'*/[0m
  [1m[35mSQL (0.0ms)[0m  [1m[32mINSERT INTO "predictions" ("id","away_pred","created_at","home_pred","match_id","player_id","updated_at")
                     SELECT "id","away_pred","created_at","home_pred","match_id","player_id","updated_at" FROM "apredictions" /*application='Golbet'*/[0m
  [1m[35m (0.0ms)[0m  [1m[35mDROP TABLE "apredictions" /*application='Golbet'*/[0m
  [1m[36mTRANSACTION (0.1ms)[0m  [1m[35mCOMMIT TRANSACTION /*application='Golbet'*/[0m
  [1m[35m (0.0ms)[0m  [1m[35mPRAGMA defer_foreign_keys = 0 /*application='Golbet'*/[0m
  [1m[35m (0.0ms)[0m  [1m[35mPRAGMA foreign_keys = 1 /*application='Golbet'*/[0m
  [1m[35m (0.0ms)[0m  [1m[35mPRAGMA foreign_keys /*application='Golbet'*/[0m
  [1m[35m (0.0ms)[0m  [1m[35mPRAGMA defer_foreign_keys /*application='Golbet'*/[0m
  [1m[35m (0.0ms)[0m  [1m[35mPRAGMA defer_foreign_keys = ON /*application='Golbet'*/[0m
  [1m[35m (0.0ms)[0m  [1m[35mPRAGMA foreign_keys = OFF /*application='Golbet'*/[0m
  [1m[36mTRANSACTION (0.0ms)[0m  [1m[35mBEGIN immediate TRANSACTION /*application='Golbet'*/[0m
  [1m[35m (0.0ms)[0m  [1m[35mCREATE TEMPORARY TABLE "ateams" ("id" integer PRIMARY KEY AUTOINCREMENT NOT NULL, "code" varchar NOT NULL, "created_at" datetime(6) NOT NULL, "flag" varchar, "group" varchar NOT NULL, "name" varchar NOT NULL, "tournament_id" integer NOT NULL, "updated_at" datetime(6) NOT NULL) /*application='Golbet'*/[0m
  [1m[35m (0.0ms)[0m  [1m[35mCREATE INDEX "tindex_ateams_on_tournament_id" ON "ateams" ("tournament_id") /*application='Golbet'*/[0m
  [1m[35m (0.0ms)[0m  [1m[35mCREATE UNIQUE INDEX "tindex_ateams_on_tournament_id_and_code" ON "ateams" ("tournament_id", "code") /*application='Golbet'*/[0m
  [1m[35mSQL (0.0ms)[0m  [1m[32mINSERT INTO "ateams" ("id","code","created_at","flag","group","name","tournament_id","updated_at")
                     SELECT "id","code","created_at","flag","group","name","tournament_id","updated_at" FROM "teams" /*application='Golbet'*/[0m
  [1m[35m (0.0ms)[0m  [1m[35mDROP TABLE "teams" /*application='Golbet'*/[0m
  [1m[35m (0.0ms)[0m  [1m[35mCREATE TABLE "teams" ("id" integer PRIMARY KEY AUTOINCREMENT NOT NULL, "code" varchar NOT NULL, "created_at" datetime(6) NOT NULL, "flag" varchar, "group" varchar NOT NULL, "name" varchar NOT NULL, "tournament_id" integer NOT NULL, "updated_at" datetime(6) NOT NULL, CONSTRAINT "fk_rails_0e7ea9f0de"
FOREIGN KEY ("tournament_id")
  REFERENCES "tournaments" ("id")
) /*application='Golbet'*/[0m
  [1m[35m (0.0ms)[0m  [1m[35mCREATE UNIQUE INDEX "index_teams_on_tournament_id_and_code" ON "teams" ("tournament_id", "code") /*application='Golbet'*/[0m
  [1m[35m (0.0ms)[0m  [1m[35mCREATE INDEX "index_teams_on_tournament_id" ON "teams" ("tournament_id") /*application='Golbet'*/[0m
  [1m[35mSQL (0.0ms)[0m  [1m[32mINSERT INTO "teams" ("id","code","created_at","flag","group","name","tournament_id","updated_at")
                     SELECT "id","code","created_at","flag","group","name","tournament_id","updated_at" FROM "ateams" /*application='Golbet'*/[0m
  [1m[35m (0.0ms)[0m  [1m[35mDROP TABLE "ateams" /*application='Golbet'*/[0m
  [1m[36mTRANSACTION (0.0ms)[0m  [1m[35mCOMMIT TRANSACTION /*application='Golbet'*/[0m
  [1m[35m (0.0ms)[0m  [1m[35mPRAGMA defer_foreign_keys = 0 /*application='Golbet'*/[0m
  [1m[35m (0.0ms)[0m  [1m[35mPRAGMA foreign_keys = 1 /*application='Golbet'*/[0m
  [1m[35m (0.0ms)[0m  [1m[35mCREATE TABLE "schema_migrations" ("version" varchar NOT NULL PRIMARY KEY) /*application='Golbet'*/[0m
  [1m[36mActiveRecord::SchemaMigration Load (0.0ms)[0m  [1m[34mSELECT "schema_migrations"."version" FROM "schema_migrations" ORDER BY "schema_migrations"."version" ASC /*application='Golbet'*/[0m
  [1m[35m (0.0ms)[0m  [1m[32mINSERT INTO "schema_migrations" (version) VALUES (20260603140644) /*application='Golbet'*/[0m
  [1m[35m (0.0ms)[0m  [1m[32mINSERT INTO "schema_migrations" (version) VALUES
(20260603140626),
(20260602040055),
(20260602040004),
(20260602035633),
(20260602035258),
(20260602035255); /*application='Golbet'*/[0m
  [1m[35m (0.1ms)[0m  [1m[35mCREATE TABLE "ar_internal_metadata" ("key" varchar NOT NULL PRIMARY KEY, "value" varchar, "created_at" datetime(6) NOT NULL, "updated_at" datetime(6) NOT NULL) /*application='Golbet'*/[0m
  [1m[36mActiveRecord::InternalMetadata Load (0.0ms)[0m  [1m[34mSELECT * FROM "ar_internal_metadata" WHERE "ar_internal_metadata"."key" = 'environment' ORDER BY "ar_internal_metadata"."key" ASC LIMIT 1 /*application='Golbet'*/[0m
  [1m[36mActiveRecord::InternalMetadata Create (0.0ms)[0m  [1m[32mINSERT INTO "ar_internal_metadata" ("key", "value", "created_at", "updated_at") VALUES ('environment', 'development', '2026-06-03 14:58:22.784449', '2026-06-03 14:58:22.784450') RETURNING "key" /*application='Golbet'*/[0m
  [1m[36mActiveRecord::InternalMetadata Load (0.0ms)[0m  [1m[34mSELECT * FROM "ar_internal_metadata" WHERE "ar_internal_metadata"."key" = 'environment' ORDER BY "ar_internal_metadata"."key" ASC LIMIT 1 /*application='Golbet'*/[0m
  [1m[36mActiveRecord::InternalMetadata Load (0.0ms)[0m  [1m[34mSELECT * FROM "ar_internal_metadata" WHERE "ar_internal_metadata"."key" = 'schema_sha1' ORDER BY "ar_internal_metadata"."key" ASC LIMIT 1 /*application='Golbet'*/[0m
  [1m[36mActiveRecord::InternalMetadata Create (0.0ms)[0m  [1m[32mINSERT INTO "ar_internal_metadata" ("key", "value", "created_at", "updated_at") VALUES ('schema_sha1', '4ec64053e2a207e290752b08346f32257691574d', '2026-06-03 14:58:22.785325', '2026-06-03 14:58:22.785325') RETURNING "key" /*application='Golbet'*/[0m
  [1m[35m (0.3ms)[0m  [1m[35mDROP TABLE IF EXISTS "matches" /*application='Golbet'*/[0m
  [1m[35m (0.1ms)[0m  [1m[35mCREATE TABLE "matches" ("id" integer PRIMARY KEY AUTOINCREMENT NOT NULL, "away_label" varchar, "away_score" integer, "away_team_id" integer, "created_at" datetime(6) NOT NULL, "group" varchar, "home_label" varchar, "home_score" integer, "home_team_id" integer, "kickoff_at" datetime(6), "slot" integer, "stage" varchar DEFAULT 'group' NOT NULL, "status" varchar, "tournament_id" integer NOT NULL, "updated_at" datetime(6) NOT NULL) /*application='Golbet'*/[0m
  [1m[35m (0.0ms)[0m  [1m[35mCREATE INDEX "index_matches_on_away_team_id" ON "matches" ("away_team_id") /*application='Golbet'*/[0m
  [1m[35m (0.0ms)[0m  [1m[35mCREATE INDEX "index_matches_on_home_team_id" ON "matches" ("home_team_id") /*application='Golbet'*/[0m
  [1m[35m (0.0ms)[0m  [1m[35mCREATE INDEX "index_matches_on_tournament_id" ON "matches" ("tournament_id") /*application='Golbet'*/[0m
  [1m[35m (0.0ms)[0m  [1m[35mDROP TABLE IF EXISTS "players" /*application='Golbet'*/[0m
  [1m[35m (0.0ms)[0m  [1m[35mCREATE TABLE "players" ("id" integer PRIMARY KEY AUTOINCREMENT NOT NULL, "created_at" datetime(6) NOT NULL, "name" varchar, "session_token" varchar, "updated_at" datetime(6) NOT NULL) /*application='Golbet'*/[0m
  [1m[35m (0.0ms)[0m  [1m[35mCREATE UNIQUE INDEX "index_players_on_session_token" ON "players" ("session_token") /*application='Golbet'*/[0m
  [1m[35m (0.0ms)[0m  [1m[35mDROP TABLE IF EXISTS "predictions" /*application='Golbet'*/[0m
  [1m[35m (0.0ms)[0m  [1m[35mCREATE TABLE "predictions" ("id" integer PRIMARY KEY AUTOINCREMENT NOT NULL, "away_pred" integer, "created_at" datetime(6) NOT NULL, "home_pred" integer, "match_id" integer NOT NULL, "player_id" integer NOT NULL, "updated_at" datetime(6) NOT NULL) /*application='Golbet'*/[0m
  [1m[35m (0.0ms)[0m  [1m[35mCREATE INDEX "index_predictions_on_match_id" ON "predictions" ("match_id") /*application='Golbet'*/[0m
  [1m[35m (0.0ms)[0m  [1m[35mCREATE UNIQUE INDEX "index_predictions_on_player_id_and_match_id" ON "predictions" ("player_id", "match_id") /*application='Golbet'*/[0m
  [1m[35m (0.0ms)[0m  [1m[35mCREATE INDEX "index_predictions_on_player_id" ON "predictions" ("player_id") /*application='Golbet'*/[0m
  [1m[35m (0.0ms)[0m  [1m[35mDROP TABLE IF EXISTS "teams" /*application='Golbet'*/[0m
  [1m[35m (0.0ms)[0m  [1m[35mCREATE TABLE "teams" ("id" integer PRIMARY KEY AUTOINCREMENT NOT NULL, "code" varchar NOT NULL, "created_at" datetime(6) NOT NULL, "flag" varchar, "group" varchar NOT NULL, "name" varchar NOT NULL, "tournament_id" integer NOT NULL, "updated_at" datetime(6) NOT NULL) /*application='Golbet'*/[0m
  [1m[35m (0.0ms)[0m  [1m[35mCREATE UNIQUE INDEX "index_teams_on_tournament_id_and_code" ON "teams" ("tournament_id", "code") /*application='Golbet'*/[0m
  [1m[35m (0.0ms)[0m  [1m[35mCREATE INDEX "index_teams_on_tournament_id" ON "teams" ("tournament_id") /*application='Golbet'*/[0m
  [1m[35m (0.0ms)[0m  [1m[35mDROP TABLE IF EXISTS "tournaments" /*application='Golbet'*/[0m
  [1m[35m (0.0ms)[0m  [1m[35mCREATE TABLE "tournaments" ("id" integer PRIMARY KEY AUTOINCREMENT NOT NULL, "created_at" datetime(6) NOT NULL, "name" varchar, "updated_at" datetime(6) NOT NULL) /*application='Golbet'*/[0m
  [1m[35m (0.0ms)[0m  [1m[35mPRAGMA foreign_keys /*application='Golbet'*/[0m
  [1m[35m (0.0ms)[0m  [1m[35mPRAGMA defer_foreign_keys /*application='Golbet'*/[0m
  [1m[35m (0.0ms)[0m  [1m[35mPRAGMA defer_foreign_keys = ON /*application='Golbet'*/[0m
  [1m[35m (0.0ms)[0m  [1m[35mPRAGMA foreign_keys = OFF /*application='Golbet'*/[0m
  [1m[36mTRANSACTION (0.0ms)[0m  [1m[35mBEGIN immediate TRANSACTION /*application='Golbet'*/[0m
  [1m[35m (0.0ms)[0m  [1m[35mCREATE TEMPORARY TABLE "amatches" ("id" integer PRIMARY KEY AUTOINCREMENT NOT NULL, "away_label" varchar, "away_score" integer, "away_team_id" integer, "created_at" datetime(6) NOT NULL, "group" varchar, "home_label" varchar, "home_score" integer, "home_team_id" integer, "kickoff_at" datetime(6), "slot" integer, "stage" varchar DEFAULT 'group' NOT NULL, "status" varchar, "tournament_id" integer NOT NULL, "updated_at" datetime(6) NOT NULL) /*application='Golbet'*/[0m
  [1m[35m (0.0ms)[0m  [1m[35mCREATE INDEX "tindex_amatches_on_tournament_id" ON "amatches" ("tournament_id") /*application='Golbet'*/[0m
  [1m[35m (0.0ms)[0m  [1m[35mCREATE INDEX "tindex_amatches_on_home_team_id" ON "amatches" ("home_team_id") /*application='Golbet'*/[0m
  [1m[35m (0.0ms)[0m  [1m[35mCREATE INDEX "tindex_amatches_on_away_team_id" ON "amatches" ("away_team_id") /*application='Golbet'*/[0m
  [1m[35mSQL (0.0ms)[0m  [1m[32mINSERT INTO "amatches" ("id","away_label","away_score","away_team_id","created_at","group","home_label","home_score","home_team_id","kickoff_at","slot","stage","status","tournament_id","updated_at")
                     SELECT "id","away_label","away_score","away_team_id","created_at","group","home_label","home_score","home_team_id","kickoff_at","slot","stage","status","tournament_id","updated_at" FROM "matches" /*application='Golbet'*/[0m
  [1m[35m (0.0ms)[0m  [1m[35mDROP TABLE "matches" /*application='Golbet'*/[0m
  [1m[35m (0.0ms)[0m  [1m[35mCREATE TABLE "matches" ("id" integer PRIMARY KEY AUTOINCREMENT NOT NULL, "away_label" varchar, "away_score" integer, "away_team_id" integer, "created_at" datetime(6) NOT NULL, "group" varchar, "home_label" varchar, "home_score" integer, "home_team_id" integer, "kickoff_at" datetime(6), "slot" integer, "stage" varchar DEFAULT 'group' NOT NULL, "status" varchar, "tournament_id" integer NOT NULL, "updated_at" datetime(6) NOT NULL, CONSTRAINT "fk_rails_6a75121a9b"
FOREIGN KEY ("away_team_id")
  REFERENCES "teams" ("id")
) /*application='Golbet'*/[0m
  [1m[35m (0.0ms)[0m  [1m[35mCREATE INDEX "index_matches_on_away_team_id" ON "matches" ("away_team_id") /*application='Golbet'*/[0m
  [1m[35m (0.0ms)[0m  [1m[35mCREATE INDEX "index_matches_on_home_team_id" ON "matches" ("home_team_id") /*application='Golbet'*/[0m
  [1m[35m (0.0ms)[0m  [1m[35mCREATE INDEX "index_matches_on_tournament_id" ON "matches" ("tournament_id") /*application='Golbet'*/[0m
  [1m[35mSQL (0.0ms)[0m  [1m[32mINSERT INTO "matches" ("id","away_label","away_score","away_team_id","created_at","group","home_label","home_score","home_team_id","kickoff_at","slot","stage","status","tournament_id","updated_at")
                     SELECT "id","away_label","away_score","away_team_id","created_at","group","home_label","home_score","home_team_id","kickoff_at","slot","stage","status","tournament_id","updated_at" FROM "amatches" /*application='Golbet'*/[0m
  [1m[35m (0.0ms)[0m  [1m[35mDROP TABLE "amatches" /*application='Golbet'*/[0m
  [1m[36mTRANSACTION (0.0ms)[0m  [1m[35mCOMMIT TRANSACTION /*application='Golbet'*/[0m
  [1m[35m (0.0ms)[0m  [1m[35mPRAGMA defer_foreign_keys = 0 /*application='Golbet'*/[0m
  [1m[35m (0.0ms)[0m  [1m[35mPRAGMA foreign_keys = 1 /*application='Golbet'*/[0m
  [1m[35m (0.0ms)[0m  [1m[35mPRAGMA foreign_keys /*application='Golbet'*/[0m
  [1m[35m (0.0ms)[0m  [1m[35mPRAGMA defer_foreign_keys /*application='Golbet'*/[0m
  [1m[35m (0.0ms)[0m  [1m[35mPRAGMA defer_foreign_keys = ON /*application='Golbet'*/[0m
  [1m[35m (0.0ms)[0m  [1m[35mPRAGMA foreign_keys = OFF /*application='Golbet'*/[0m
  [1m[36mTRANSACTION (0.0ms)[0m  [1m[35mBEGIN immediate TRANSACTION /*application='Golbet'*/[0m
  [1m[35m (0.0ms)[0m  [1m[35mCREATE TEMPORARY TABLE "amatches" ("id" integer PRIMARY KEY AUTOINCREMENT NOT NULL, "away_label" varchar, "away_score" integer, "away_team_id" integer, "created_at" datetime(6) NOT NULL, "group" varchar, "home_label" varchar, "home_score" integer, "home_team_id" integer, "kickoff_at" datetime(6), "slot" integer, "stage" varchar DEFAULT 'group' NOT NULL, "status" varchar, "tournament_id" integer NOT NULL, "updated_at" datetime(6) NOT NULL) /*application='Golbet'*/[0m
  [1m[35m (0.0ms)[0m  [1m[35mCREATE INDEX "tindex_amatches_on_tournament_id" ON "amatches" ("tournament_id") /*application='Golbet'*/[0m
  [1m[35m (0.0ms)[0m  [1m[35mCREATE INDEX "tindex_amatches_on_home_team_id" ON "amatches" ("home_team_id") /*application='Golbet'*/[0m
  [1m[35m (0.0ms)[0m  [1m[35mCREATE INDEX "tindex_amatches_on_away_team_id" ON "amatches" ("away_team_id") /*application='Golbet'*/[0m
  [1m[35mSQL (0.0ms)[0m  [1m[32mINSERT INTO "amatches" ("id","away_label","away_score","away_team_id","created_at","group","home_label","home_score","home_team_id","kickoff_at","slot","stage","status","tournament_id","updated_at")
                     SELECT "id","away_label","away_score","away_team_id","created_at","group","home_label","home_score","home_team_id","kickoff_at","slot","stage","status","tournament_id","updated_at" FROM "matches" /*application='Golbet'*/[0m
  [1m[35m (0.0ms)[0m  [1m[35mDROP TABLE "matches" /*application='Golbet'*/[0m
  [1m[35m (0.0ms)[0m  [1m[35mCREATE TABLE "matches" ("id" integer PRIMARY KEY AUTOINCREMENT NOT NULL, "away_label" varchar, "away_score" integer, "away_team_id" integer, "created_at" datetime(6) NOT NULL, "group" varchar, "home_label" varchar, "home_score" integer, "home_team_id" integer, "kickoff_at" datetime(6), "slot" integer, "stage" varchar DEFAULT 'group' NOT NULL, "status" varchar, "tournament_id" integer NOT NULL, "updated_at" datetime(6) NOT NULL, CONSTRAINT "fk_rails_6a75121a9b"
FOREIGN KEY ("away_team_id")
  REFERENCES "teams" ("id")
, CONSTRAINT "fk_rails_4aed6bdf0d"
FOREIGN KEY ("home_team_id")
  REFERENCES "teams" ("id")
) /*application='Golbet'*/[0m
  [1m[35m (0.0ms)[0m  [1m[35mCREATE INDEX "index_matches_on_away_team_id" ON "matches" ("away_team_id") /*application='Golbet'*/[0m
  [1m[35m (0.0ms)[0m  [1m[35mCREATE INDEX "index_matches_on_home_team_id" ON "matches" ("home_team_id") /*application='Golbet'*/[0m
  [1m[35m (0.0ms)[0m  [1m[35mCREATE INDEX "index_matches_on_tournament_id" ON "matches" ("tournament_id") /*application='Golbet'*/[0m
  [1m[35mSQL (0.0ms)[0m  [1m[32mINSERT INTO "matches" ("id","away_label","away_score","away_team_id","created_at","group","home_label","home_score","home_team_id","kickoff_at","slot","stage","status","tournament_id","updated_at")
                     SELECT "id","away_label","away_score","away_team_id","created_at","group","home_label","home_score","home_team_id","kickoff_at","slot","stage","status","tournament_id","updated_at" FROM "amatches" /*application='Golbet'*/[0m
  [1m[35m (0.0ms)[0m  [1m[35mDROP TABLE "amatches" /*application='Golbet'*/[0m
  [1m[36mTRANSACTION (0.0ms)[0m  [1m[35mCOMMIT TRANSACTION /*application='Golbet'*/[0m
  [1m[35m (0.0ms)[0m  [1m[35mPRAGMA defer_foreign_keys = 0 /*application='Golbet'*/[0m
  [1m[35m (0.0ms)[0m  [1m[35mPRAGMA foreign_keys = 1 /*application='Golbet'*/[0m
  [1m[35m (0.0ms)[0m  [1m[35mPRAGMA foreign_keys /*application='Golbet'*/[0m
  [1m[35m (0.0ms)[0m  [1m[35mPRAGMA defer_foreign_keys /*application='Golbet'*/[0m
  [1m[35m (0.0ms)[0m  [1m[35mPRAGMA defer_foreign_keys = ON /*application='Golbet'*/[0m
  [1m[35m (0.0ms)[0m  [1m[35mPRAGMA foreign_keys = OFF /*application='Golbet'*/[0m
  [1m[36mTRANSACTION (0.0ms)[0m  [1m[35mBEGIN immediate TRANSACTION /*application='Golbet'*/[0m
  [1m[35m (0.0ms)[0m  [1m[35mCREATE TEMPORARY TABLE "amatches" ("id" integer PRIMARY KEY AUTOINCREMENT NOT NULL, "away_label" varchar, "away_score" integer, "away_team_id" integer, "created_at" datetime(6) NOT NULL, "group" varchar, "home_label" varchar, "home_score" integer, "home_team_id" integer, "kickoff_at" datetime(6), "slot" integer, "stage" varchar DEFAULT 'group' NOT NULL, "status" varchar, "tournament_id" integer NOT NULL, "updated_at" datetime(6) NOT NULL) /*application='Golbet'*/[0m
  [1m[35m (0.0ms)[0m  [1m[35mCREATE INDEX "tindex_amatches_on_tournament_id" ON "amatches" ("tournament_id") /*application='Golbet'*/[0m
  [1m[35m (0.0ms)[0m  [1m[35mCREATE INDEX "tindex_amatches_on_home_team_id" ON "amatches" ("home_team_id") /*application='Golbet'*/[0m
  [1m[35m (0.0ms)[0m  [1m[35mCREATE INDEX "tindex_amatches_on_away_team_id" ON "amatches" ("away_team_id") /*application='Golbet'*/[0m
  [1m[35mSQL (0.0ms)[0m  [1m[32mINSERT INTO "amatches" ("id","away_label","away_score","away_team_id","created_at","group","home_label","home_score","home_team_id","kickoff_at","slot","stage","status","tournament_id","updated_at")
                     SELECT "id","away_label","away_score","away_team_id","created_at","group","home_label","home_score","home_team_id","kickoff_at","slot","stage","status","tournament_id","updated_at" FROM "matches" /*application='Golbet'*/[0m
  [1m[35m (0.0ms)[0m  [1m[35mDROP TABLE "matches" /*application='Golbet'*/[0m
  [1m[35m (0.0ms)[0m  [1m[35mCREATE TABLE "matches" ("id" integer PRIMARY KEY AUTOINCREMENT NOT NULL, "away_label" varchar, "away_score" integer, "away_team_id" integer, "created_at" datetime(6) NOT NULL, "group" varchar, "home_label" varchar, "home_score" integer, "home_team_id" integer, "kickoff_at" datetime(6), "slot" integer, "stage" varchar DEFAULT 'group' NOT NULL, "status" varchar, "tournament_id" integer NOT NULL, "updated_at" datetime(6) NOT NULL, CONSTRAINT "fk_rails_4aed6bdf0d"
FOREIGN KEY ("home_team_id")
  REFERENCES "teams" ("id")
, CONSTRAINT "fk_rails_6a75121a9b"
FOREIGN KEY ("away_team_id")
  REFERENCES "teams" ("id")
, CONSTRAINT "fk_rails_700eaa2935"
FOREIGN KEY ("tournament_id")
  REFERENCES "tournaments" ("id")
) /*application='Golbet'*/[0m
  [1m[35m (0.0ms)[0m  [1m[35mCREATE INDEX "index_matches_on_away_team_id" ON "matches" ("away_team_id") /*application='Golbet'*/[0m
  [1m[35m (0.0ms)[0m  [1m[35mCREATE INDEX "index_matches_on_home_team_id" ON "matches" ("home_team_id") /*application='Golbet'*/[0m
  [1m[35m (0.0ms)[0m  [1m[35mCREATE INDEX "index_matches_on_tournament_id" ON "matches" ("tournament_id") /*application='Golbet'*/[0m
  [1m[35mSQL (0.0ms)[0m  [1m[32mINSERT INTO "matches" ("id","away_label","away_score","away_team_id","created_at","group","home_label","home_score","home_team_id","kickoff_at","slot","stage","status","tournament_id","updated_at")
                     SELECT "id","away_label","away_score","away_team_id","created_at","group","home_label","home_score","home_team_id","kickoff_at","slot","stage","status","tournament_id","updated_at" FROM "amatches" /*application='Golbet'*/[0m
  [1m[35m (0.0ms)[0m  [1m[35mDROP TABLE "amatches" /*application='Golbet'*/[0m
  [1m[36mTRANSACTION (0.0ms)[0m  [1m[35mCOMMIT TRANSACTION /*application='Golbet'*/[0m
  [1m[35m (0.0ms)[0m  [1m[35mPRAGMA defer_foreign_keys = 0 /*application='Golbet'*/[0m
  [1m[35m (0.0ms)[0m  [1m[35mPRAGMA foreign_keys = 1 /*application='Golbet'*/[0m
  [1m[35m (0.0ms)[0m  [1m[35mPRAGMA foreign_keys /*application='Golbet'*/[0m
  [1m[35m (0.0ms)[0m  [1m[35mPRAGMA defer_foreign_keys /*application='Golbet'*/[0m
  [1m[35m (0.0ms)[0m  [1m[35mPRAGMA defer_foreign_keys = ON /*application='Golbet'*/[0m
  [1m[35m (0.0ms)[0m  [1m[35mPRAGMA foreign_keys = OFF /*application='Golbet'*/[0m
  [1m[36mTRANSACTION (0.0ms)[0m  [1m[35mBEGIN immediate TRANSACTION /*application='Golbet'*/[0m
  [1m[35m (0.0ms)[0m  [1m[35mCREATE TEMPORARY TABLE "apredictions" ("id" integer PRIMARY KEY AUTOINCREMENT NOT NULL, "away_pred" integer, "created_at" datetime(6) NOT NULL, "home_pred" integer, "match_id" integer NOT NULL, "player_id" integer NOT NULL, "updated_at" datetime(6) NOT NULL) /*application='Golbet'*/[0m
  [1m[35m (0.0ms)[0m  [1m[35mCREATE INDEX "tindex_apredictions_on_player_id" ON "apredictions" ("player_id") /*application='Golbet'*/[0m
  [1m[35m (0.0ms)[0m  [1m[35mCREATE UNIQUE INDEX "tindex_apredictions_on_player_id_and_match_id" ON "apredictions" ("player_id", "match_id") /*application='Golbet'*/[0m
  [1m[35m (0.0ms)[0m  [1m[35mCREATE INDEX "tindex_apredictions_on_match_id" ON "apredictions" ("match_id") /*application='Golbet'*/[0m
  [1m[35mSQL (0.0ms)[0m  [1m[32mINSERT INTO "apredictions" ("id","away_pred","created_at","home_pred","match_id","player_id","updated_at")
                     SELECT "id","away_pred","created_at","home_pred","match_id","player_id","updated_at" FROM "predictions" /*application='Golbet'*/[0m
  [1m[35m (0.0ms)[0m  [1m[35mDROP TABLE "predictions" /*application='Golbet'*/[0m
  [1m[35m (0.0ms)[0m  [1m[35mCREATE TABLE "predictions" ("id" integer PRIMARY KEY AUTOINCREMENT NOT NULL, "away_pred" integer, "created_at" datetime(6) NOT NULL, "home_pred" integer, "match_id" integer NOT NULL, "player_id" integer NOT NULL, "updated_at" datetime(6) NOT NULL, CONSTRAINT "fk_rails_efbcaaab9d"
FOREIGN KEY ("match_id")
  REFERENCES "matches" ("id")
) /*application='Golbet'*/[0m
  [1m[35m (0.0ms)[0m  [1m[35mCREATE INDEX "index_predictions_on_match_id" ON "predictions" ("match_id") /*application='Golbet'*/[0m
  [1m[35m (0.0ms)[0m  [1m[35mCREATE UNIQUE INDEX "index_predictions_on_player_id_and_match_id" ON "predictions" ("player_id", "match_id") /*application='Golbet'*/[0m
  [1m[35m (0.0ms)[0m  [1m[35mCREATE INDEX "index_predictions_on_player_id" ON "predictions" ("player_id") /*application='Golbet'*/[0m
  [1m[35mSQL (0.0ms)[0m  [1m[32mINSERT INTO "predictions" ("id","away_pred","created_at","home_pred","match_id","player_id","updated_at")
                     SELECT "id","away_pred","created_at","home_pred","match_id","player_id","updated_at" FROM "apredictions" /*application='Golbet'*/[0m
  [1m[35m (0.0ms)[0m  [1m[35mDROP TABLE "apredictions" /*application='Golbet'*/[0m
  [1m[36mTRANSACTION (0.0ms)[0m  [1m[35mCOMMIT TRANSACTION /*application='Golbet'*/[0m
  [1m[35m (0.0ms)[0m  [1m[35mPRAGMA defer_foreign_keys = 0 /*application='Golbet'*/[0m
  [1m[35m (0.0ms)[0m  [1m[35mPRAGMA foreign_keys = 1 /*application='Golbet'*/[0m
  [1m[35m (0.0ms)[0m  [1m[35mPRAGMA foreign_keys /*application='Golbet'*/[0m
  [1m[35m (0.0ms)[0m  [1m[35mPRAGMA defer_foreign_keys /*application='Golbet'*/[0m
  [1m[35m (0.0ms)[0m  [1m[35mPRAGMA defer_foreign_keys = ON /*application='Golbet'*/[0m
  [1m[35m (0.0ms)[0m  [1m[35mPRAGMA foreign_keys = OFF /*application='Golbet'*/[0m
  [1m[36mTRANSACTION (0.0ms)[0m  [1m[35mBEGIN immediate TRANSACTION /*application='Golbet'*/[0m
  [1m[35m (0.0ms)[0m  [1m[35mCREATE TEMPORARY TABLE "apredictions" ("id" integer PRIMARY KEY AUTOINCREMENT NOT NULL, "away_pred" integer, "created_at" datetime(6) NOT NULL, "home_pred" integer, "match_id" integer NOT NULL, "player_id" integer NOT NULL, "updated_at" datetime(6) NOT NULL) /*application='Golbet'*/[0m
  [1m[35m (0.0ms)[0m  [1m[35mCREATE INDEX "tindex_apredictions_on_player_id" ON "apredictions" ("player_id") /*application='Golbet'*/[0m
  [1m[35m (0.0ms)[0m  [1m[35mCREATE UNIQUE INDEX "tindex_apredictions_on_player_id_and_match_id" ON "apredictions" ("player_id", "match_id") /*application='Golbet'*/[0m
  [1m[35m (0.0ms)[0m  [1m[35mCREATE INDEX "tindex_apredictions_on_match_id" ON "apredictions" ("match_id") /*application='Golbet'*/[0m
  [1m[35mSQL (0.0ms)[0m  [1m[32mINSERT INTO "apredictions" ("id","away_pred","created_at","home_pred","match_id","player_id","updated_at")
                     SELECT "id","away_pred","created_at","home_pred","match_id","player_id","updated_at" FROM "predictions" /*application='Golbet'*/[0m
  [1m[35m (0.0ms)[0m  [1m[35mDROP TABLE "predictions" /*application='Golbet'*/[0m
  [1m[35m (0.0ms)[0m  [1m[35mCREATE TABLE "predictions" ("id" integer PRIMARY KEY AUTOINCREMENT NOT NULL, "away_pred" integer, "created_at" datetime(6) NOT NULL, "home_pred" integer, "match_id" integer NOT NULL, "player_id" integer NOT NULL, "updated_at" datetime(6) NOT NULL, CONSTRAINT "fk_rails_efbcaaab9d"
FOREIGN KEY ("match_id")
  REFERENCES "matches" ("id")
, CONSTRAINT "fk_rails_d93e8b22fe"
FOREIGN KEY ("player_id")
  REFERENCES "players" ("id")
) /*application='Golbet'*/[0m
  [1m[35m (0.0ms)[0m  [1m[35mCREATE INDEX "index_predictions_on_match_id" ON "predictions" ("match_id") /*application='Golbet'*/[0m
  [1m[35m (0.0ms)[0m  [1m[35mCREATE UNIQUE INDEX "index_predictions_on_player_id_and_match_id" ON "predictions" ("player_id", "match_id") /*application='Golbet'*/[0m
  [1m[35m (0.0ms)[0m  [1m[35mCREATE INDEX "index_predictions_on_player_id" ON "predictions" ("player_id") /*application='Golbet'*/[0m
  [1m[35mSQL (0.0ms)[0m  [1m[32mINSERT INTO "predictions" ("id","away_pred","created_at","home_pred","match_id","player_id","updated_at")
                     SELECT "id","away_pred","created_at","home_pred","match_id","player_id","updated_at" FROM "apredictions" /*application='Golbet'*/[0m
  [1m[35m (0.0ms)[0m  [1m[35mDROP TABLE "apredictions" /*application='Golbet'*/[0m
  [1m[36mTRANSACTION (0.1ms)[0m  [1m[35mCOMMIT TRANSACTION /*application='Golbet'*/[0m
  [1m[35m (0.0ms)[0m  [1m[35mPRAGMA defer_foreign_keys = 0 /*application='Golbet'*/[0m
  [1m[35m (0.0ms)[0m  [1m[35mPRAGMA foreign_keys = 1 /*application='Golbet'*/[0m
  [1m[35m (0.0ms)[0m  [1m[35mPRAGMA foreign_keys /*application='Golbet'*/[0m
  [1m[35m (0.0ms)[0m  [1m[35mPRAGMA defer_foreign_keys /*application='Golbet'*/[0m
  [1m[35m (0.0ms)[0m  [1m[35mPRAGMA defer_foreign_keys = ON /*application='Golbet'*/[0m
  [1m[35m (0.0ms)[0m  [1m[35mPRAGMA foreign_keys = OFF /*application='Golbet'*/[0m
  [1m[36mTRANSACTION (0.0ms)[0m  [1m[35mBEGIN immediate TRANSACTION /*application='Golbet'*/[0m
  [1m[35m (0.0ms)[0m  [1m[35mCREATE TEMPORARY TABLE "ateams" ("id" integer PRIMARY KEY AUTOINCREMENT NOT NULL, "code" varchar NOT NULL, "created_at" datetime(6) NOT NULL, "flag" varchar, "group" varchar NOT NULL, "name" varchar NOT NULL, "tournament_id" integer NOT NULL, "updated_at" datetime(6) NOT NULL) /*application='Golbet'*/[0m
  [1m[35m (0.0ms)[0m  [1m[35mCREATE INDEX "tindex_ateams_on_tournament_id" ON "ateams" ("tournament_id") /*application='Golbet'*/[0m
  [1m[35m (0.0ms)[0m  [1m[35mCREATE UNIQUE INDEX "tindex_ateams_on_tournament_id_and_code" ON "ateams" ("tournament_id", "code") /*application='Golbet'*/[0m
  [1m[35mSQL (0.0ms)[0m  [1m[32mINSERT INTO "ateams" ("id","code","created_at","flag","group","name","tournament_id","updated_at")
                     SELECT "id","code","created_at","flag","group","name","tournament_id","updated_at" FROM "teams" /*application='Golbet'*/[0m
  [1m[35m (0.0ms)[0m  [1m[35mDROP TABLE "teams" /*application='Golbet'*/[0m
  [1m[35m (0.0ms)[0m  [1m[35mCREATE TABLE "teams" ("id" integer PRIMARY KEY AUTOINCREMENT NOT NULL, "code" varchar NOT NULL, "created_at" datetime(6) NOT NULL, "flag" varchar, "group" varchar NOT NULL, "name" varchar NOT NULL, "tournament_id" integer NOT NULL, "updated_at" datetime(6) NOT NULL, CONSTRAINT "fk_rails_0e7ea9f0de"
FOREIGN KEY ("tournament_id")
  REFERENCES "tournaments" ("id")
) /*application='Golbet'*/[0m
  [1m[35m (0.0ms)[0m  [1m[35mCREATE UNIQUE INDEX "index_teams_on_tournament_id_and_code" ON "teams" ("tournament_id", "code") /*application='Golbet'*/[0m
  [1m[35m (0.0ms)[0m  [1m[35mCREATE INDEX "index_teams_on_tournament_id" ON "teams" ("tournament_id") /*application='Golbet'*/[0m
  [1m[35mSQL (0.0ms)[0m  [1m[32mINSERT INTO "teams" ("id","code","created_at","flag","group","name","tournament_id","updated_at")
                     SELECT "id","code","created_at","flag","group","name","tournament_id","updated_at" FROM "ateams" /*application='Golbet'*/[0m
  [1m[35m (0.0ms)[0m  [1m[35mDROP TABLE "ateams" /*application='Golbet'*/[0m
  [1m[36mTRANSACTION (0.0ms)[0m  [1m[35mCOMMIT TRANSACTION /*application='Golbet'*/[0m
  [1m[35m (0.0ms)[0m  [1m[35mPRAGMA defer_foreign_keys = 0 /*application='Golbet'*/[0m
  [1m[35m (0.0ms)[0m  [1m[35mPRAGMA foreign_keys = 1 /*application='Golbet'*/[0m
  [1m[35m (0.0ms)[0m  [1m[35mCREATE TABLE "schema_migrations" ("version" varchar NOT NULL PRIMARY KEY) /*application='Golbet'*/[0m
  [1m[36mActiveRecord::SchemaMigration Load (0.0ms)[0m  [1m[34mSELECT "schema_migrations"."version" FROM "schema_migrations" ORDER BY "schema_migrations"."version" ASC /*application='Golbet'*/[0m
  [1m[35m (0.0ms)[0m  [1m[32mINSERT INTO "schema_migrations" (version) VALUES (20260603140644) /*application='Golbet'*/[0m
  [1m[35m (0.0ms)[0m  [1m[32mINSERT INTO "schema_migrations" (version) VALUES
(20260603140626),
(20260602040055),
(20260602040004),
(20260602035633),
(20260602035258),
(20260602035255); /*application='Golbet'*/[0m
  [1m[35m (0.1ms)[0m  [1m[35mCREATE TABLE "ar_internal_metadata" ("key" varchar NOT NULL PRIMARY KEY, "value" varchar, "created_at" datetime(6) NOT NULL, "updated_at" datetime(6) NOT NULL) /*application='Golbet'*/[0m
  [1m[36mActiveRecord::InternalMetadata Load (0.0ms)[0m  [1m[34mSELECT * FROM "ar_internal_metadata" WHERE "ar_internal_metadata"."key" = 'environment' ORDER BY "ar_internal_metadata"."key" ASC LIMIT 1 /*application='Golbet'*/[0m
  [1m[36mActiveRecord::InternalMetadata Create (0.0ms)[0m  [1m[32mINSERT INTO "ar_internal_metadata" ("key", "value", "created_at", "updated_at") VALUES ('environment', 'development', '2026-06-03 14:58:22.837025', '2026-06-03 14:58:22.837025') RETURNING "key" /*application='Golbet'*/[0m
  [1m[36mActiveRecord::InternalMetadata Load (0.0ms)[0m  [1m[34mSELECT * FROM "ar_internal_metadata" WHERE "ar_internal_metadata"."key" = 'environment' ORDER BY "ar_internal_metadata"."key" ASC LIMIT 1 /*application='Golbet'*/[0m
  [1m[36mActiveRecord::InternalMetadata Update (0.0ms)[0m  [1m[33mUPDATE "ar_internal_metadata" SET "value" = 'test', "updated_at" = '2026-06-03 14:58:22.837565' WHERE "ar_internal_metadata"."key" = 'environment' /*application='Golbet'*/[0m
  [1m[36mActiveRecord::InternalMetadata Load (0.0ms)[0m  [1m[34mSELECT * FROM "ar_internal_metadata" WHERE "ar_internal_metadata"."key" = 'schema_sha1' ORDER BY "ar_internal_metadata"."key" ASC LIMIT 1 /*application='Golbet'*/[0m
  [1m[36mActiveRecord::InternalMetadata Create (0.0ms)[0m  [1m[32mINSERT INTO "ar_internal_metadata" ("key", "value", "created_at", "updated_at") VALUES ('schema_sha1', '4ec64053e2a207e290752b08346f32257691574d', '2026-06-03 14:58:22.837999', '2026-06-03 14:58:22.837999') RETURNING "key" /*application='Golbet'*/[0m
  [1m[36mActiveRecord::SchemaMigration Load (0.0ms)[0m  [1m[34mSELECT "schema_migrations"."version" FROM "schema_migrations" ORDER BY "schema_migrations"."version" ASC /*application='Golbet'*/[0m
  [1m[36mTournament Load (0.0ms)[0m  [1m[34mSELECT "tournaments".* FROM "tournaments" ORDER BY "tournaments"."id" ASC LIMIT 1 /*application='Golbet'*/[0m
  ↳ lib/tasks/golbet.rake:4:in 'block (2 levels) in <main>'
  [1m[36mTRANSACTION (0.0ms)[0m  [1m[35mBEGIN immediate TRANSACTION /*application='Golbet'*/[0m
  ↳ lib/tasks/golbet.rake:4:in 'block (2 levels) in <main>'
  [1m[36mTournament Create (4.1ms)[0m  [1m[32mINSERT INTO "tournaments" ("created_at", "name", "updated_at") VALUES ('2026-06-03 14:58:22.846880', 'Mundial 2026', '2026-06-03 14:58:22.846880') RETURNING "id" /*application='Golbet'*/[0m
  ↳ lib/tasks/golbet.rake:4:in 'block (2 levels) in <main>'
  [1m[36mTRANSACTION (0.1ms)[0m  [1m[35mCOMMIT TRANSACTION /*application='Golbet'*/[0m
  ↳ lib/tasks/golbet.rake:4:in 'block (2 levels) in <main>'
  [1m[36mTeam Load (0.0ms)[0m  [1m[34mSELECT "teams".* FROM "teams" WHERE "teams"."tournament_id" = 1 AND "teams"."code" = 'ARG' LIMIT 1 /*application='Golbet'*/[0m
  ↳ app/services/fixture_importer.rb:25:in 'block in FixtureImporter#import_teams'
  [1m[36mTRANSACTION (0.0ms)[0m  [1m[35mBEGIN immediate TRANSACTION /*application='Golbet'*/[0m
  ↳ app/services/fixture_importer.rb:27:in 'block in FixtureImporter#import_teams'
  [1m[36mTeam Exists? (0.3ms)[0m  [1m[34mSELECT 1 AS one FROM "teams" WHERE "teams"."code" = 'ARG' AND "teams"."tournament_id" = 1 LIMIT 1 /*application='Golbet'*/[0m
  ↳ app/services/fixture_importer.rb:27:in 'block in FixtureImporter#import_teams'
  [1m[36mTeam Create (0.0ms)[0m  [1m[32mINSERT INTO "teams" ("code", "created_at", "flag", "group", "name", "tournament_id", "updated_at") VALUES ('ARG', '2026-06-03 14:58:22.861515', '🇦🇷', 'A', 'Argentina', 1, '2026-06-03 14:58:22.861515') RETURNING "id" /*application='Golbet'*/[0m
  ↳ app/services/fixture_importer.rb:27:in 'block in FixtureImporter#import_teams'
  [1m[36mTRANSACTION (0.0ms)[0m  [1m[35mCOMMIT TRANSACTION /*application='Golbet'*/[0m
  ↳ app/services/fixture_importer.rb:27:in 'block in FixtureImporter#import_teams'
  [1m[36mTeam Load (0.0ms)[0m  [1m[34mSELECT "teams".* FROM "teams" WHERE "teams"."tournament_id" = 1 AND "teams"."code" = 'MEX' LIMIT 1 /*application='Golbet'*/[0m
  ↳ app/services/fixture_importer.rb:25:in 'block in FixtureImporter#import_teams'
  [1m[36mTRANSACTION (0.0ms)[0m  [1m[35mBEGIN immediate TRANSACTION /*application='Golbet'*/[0m
  ↳ app/services/fixture_importer.rb:27:in 'block in FixtureImporter#import_teams'
  [1m[36mTeam Exists? (0.2ms)[0m  [1m[34mSELECT 1 AS one FROM "teams" WHERE "teams"."code" = 'MEX' AND "teams"."tournament_id" = 1 LIMIT 1 /*application='Golbet'*/[0m
  ↳ app/services/fixture_importer.rb:27:in 'block in FixtureImporter#import_teams'
  [1m[36mTeam Create (0.0ms)[0m  [1m[32mINSERT INTO "teams" ("code", "created_at", "flag", "group", "name", "tournament_id", "updated_at") VALUES ('MEX', '2026-06-03 14:58:22.862770', '🇲🇽', 'A', 'México', 1, '2026-06-03 14:58:22.862770') RETURNING "id" /*application='Golbet'*/[0m
  ↳ app/services/fixture_importer.rb:27:in 'block in FixtureImporter#import_teams'
  [1m[36mTRANSACTION (0.0ms)[0m  [1m[35mCOMMIT TRANSACTION /*application='Golbet'*/[0m
  ↳ app/services/fixture_importer.rb:27:in 'block in FixtureImporter#import_teams'
  [1m[36mTeam Load (0.0ms)[0m  [1m[34mSELECT "teams".* FROM "teams" WHERE "teams"."tournament_id" = 1 AND "teams"."code" = 'BRA' LIMIT 1 /*application='Golbet'*/[0m
  ↳ app/services/fixture_importer.rb:25:in 'block in FixtureImporter#import_teams'
  [1m[36mTRANSACTION (0.0ms)[0m  [1m[35mBEGIN immediate TRANSACTION /*application='Golbet'*/[0m
  ↳ app/services/fixture_importer.rb:27:in 'block in FixtureImporter#import_teams'
  [1m[36mTeam Exists? (0.3ms)[0m  [1m[34mSELECT 1 AS one FROM "teams" WHERE "teams"."code" = 'BRA' AND "teams"."tournament_id" = 1 LIMIT 1 /*application='Golbet'*/[0m
  ↳ app/services/fixture_importer.rb:27:in 'block in FixtureImporter#import_teams'
  [1m[36mTeam Create (0.0ms)[0m  [1m[32mINSERT INTO "teams" ("code", "created_at", "flag", "group", "name", "tournament_id", "updated_at") VALUES ('BRA', '2026-06-03 14:58:22.863961', '🇧🇷', 'B', 'Brasil', 1, '2026-06-03 14:58:22.863961') RETURNING "id" /*application='Golbet'*/[0m
  ↳ app/services/fixture_importer.rb:27:in 'block in FixtureImporter#import_teams'
  [1m[36mTRANSACTION (0.0ms)[0m  [1m[35mCOMMIT TRANSACTION /*application='Golbet'*/[0m
  ↳ app/services/fixture_importer.rb:27:in 'block in FixtureImporter#import_teams'
  [1m[36mTeam Load (0.0ms)[0m  [1m[34mSELECT "teams".* FROM "teams" WHERE "teams"."tournament_id" = 1 AND "teams"."code" = 'FRA' LIMIT 1 /*application='Golbet'*/[0m
  ↳ app/services/fixture_importer.rb:25:in 'block in FixtureImporter#import_teams'
  [1m[36mTRANSACTION (0.0ms)[0m  [1m[35mBEGIN immediate TRANSACTION /*application='Golbet'*/[0m
  ↳ app/services/fixture_importer.rb:27:in 'block in FixtureImporter#import_teams'
  [1m[36mTeam Exists? (0.2ms)[0m  [1m[34mSELECT 1 AS one FROM "teams" WHERE "teams"."code" = 'FRA' AND "teams"."tournament_id" = 1 LIMIT 1 /*application='Golbet'*/[0m
  ↳ app/services/fixture_importer.rb:27:in 'block in FixtureImporter#import_teams'
  [1m[36mTeam Create (0.0ms)[0m  [1m[32mINSERT INTO "teams" ("code", "created_at", "flag", "group", "name", "tournament_id", "updated_at") VALUES ('FRA', '2026-06-03 14:58:22.865120', '🇫🇷', 'B', 'Francia', 1, '2026-06-03 14:58:22.865120') RETURNING "id" /*application='Golbet'*/[0m
  ↳ app/services/fixture_importer.rb:27:in 'block in FixtureImporter#import_teams'
  [1m[36mTRANSACTION (0.0ms)[0m  [1m[35mCOMMIT TRANSACTION /*application='Golbet'*/[0m
  ↳ app/services/fixture_importer.rb:27:in 'block in FixtureImporter#import_teams'
  [1m[36mTeam Load (0.0ms)[0m  [1m[34mSELECT "teams".* FROM "teams" WHERE "teams"."tournament_id" = 1 /*application='Golbet'*/[0m
  ↳ app/services/fixture_importer.rb:34:in 'FixtureImporter#import_matches'
  [1m[36mMatch Load (0.0ms)[0m  [1m[34mSELECT "matches".* FROM "matches" WHERE "matches"."tournament_id" = 1 AND "matches"."stage" = 'group' AND "matches"."home_team_id" = 1 AND "matches"."away_team_id" = 2 LIMIT 1 /*application='Golbet'*/[0m
  ↳ app/services/fixture_importer.rb:42:in 'block in FixtureImporter#import_matches'
  [1m[36mTRANSACTION (0.0ms)[0m  [1m[35mBEGIN immediate TRANSACTION /*application='Golbet'*/[0m
  ↳ app/services/fixture_importer.rb:44:in 'block in FixtureImporter#import_matches'
  [1m[36mMatch Create (0.2ms)[0m  [1m[32mINSERT INTO "matches" ("away_label", "away_score", "away_team_id", "created_at", "group", "home_label", "home_score", "home_team_id", "kickoff_at", "slot", "stage", "status", "tournament_id", "updated_at") VALUES (NULL, NULL, 2, '2026-06-03 14:58:22.868934', 'A', NULL, NULL, 1, '2026-06-11 19:00:00', NULL, 'group', 'scheduled', 1, '2026-06-03 14:58:22.868934') RETURNING "id" /*application='Golbet'*/[0m
  ↳ app/services/fixture_importer.rb:44:in 'block in FixtureImporter#import_matches'
  [1m[36mTRANSACTION (0.0ms)[0m  [1m[35mCOMMIT TRANSACTION /*application='Golbet'*/[0m
  ↳ app/services/fixture_importer.rb:44:in 'block in FixtureImporter#import_matches'
  [1m[36mMatch Load (0.0ms)[0m  [1m[34mSELECT "matches".* FROM "matches" WHERE "matches"."tournament_id" = 1 AND "matches"."stage" = 'group' AND "matches"."home_team_id" = 3 AND "matches"."away_team_id" = 4 LIMIT 1 /*application='Golbet'*/[0m
  ↳ app/services/fixture_importer.rb:42:in 'block in FixtureImporter#import_matches'
  [1m[36mTRANSACTION (0.0ms)[0m  [1m[35mBEGIN immediate TRANSACTION /*application='Golbet'*/[0m
  ↳ app/services/fixture_importer.rb:44:in 'block in FixtureImporter#import_matches'
  [1m[36mMatch Create (3.8ms)[0m  [1m[32mINSERT INTO "matches" ("away_label", "away_score", "away_team_id", "created_at", "group", "home_label", "home_score", "home_team_id", "kickoff_at", "slot", "stage", "status", "tournament_id", "updated_at") VALUES (NULL, NULL, 4, '2026-06-03 14:58:22.869939', 'B', NULL, NULL, 3, '2026-06-12 19:00:00', NULL, 'group', 'scheduled', 1, '2026-06-03 14:58:22.869939') RETURNING "id" /*application='Golbet'*/[0m
  ↳ app/services/fixture_importer.rb:44:in 'block in FixtureImporter#import_matches'
  [1m[36mTRANSACTION (0.0ms)[0m  [1m[35mCOMMIT TRANSACTION /*application='Golbet'*/[0m
  ↳ app/services/fixture_importer.rb:44:in 'block in FixtureImporter#import_matches'
  [1m[36mMatch Load (0.0ms)[0m  [1m[34mSELECT "matches".* FROM "matches" WHERE "matches"."tournament_id" = 1 AND "matches"."stage" = 'round_of_32' AND "matches"."slot" = 1 LIMIT 1 /*application='Golbet'*/[0m
  ↳ app/services/knockout_bracket_builder.rb:17:in 'block (2 levels) in KnockoutBracketBuilder#build'
  [1m[36mTRANSACTION (0.0ms)[0m  [1m[35mBEGIN immediate TRANSACTION /*application='Golbet'*/[0m
  ↳ app/services/knockout_bracket_builder.rb:24:in 'block (2 levels) in KnockoutBracketBuilder#build'
  [1m[36mMatch Create (0.2ms)[0m  [1m[32mINSERT INTO "matches" ("away_label", "away_score", "away_team_id", "created_at", "group", "home_label", "home_score", "home_team_id", "kickoff_at", "slot", "stage", "status", "tournament_id", "updated_at") VALUES ('R32 #1 — Visitante', NULL, NULL, '2026-06-03 14:58:22.875173', NULL, 'R32 #1 — Local', NULL, NULL, '2026-06-28 16:00:00', 1, 'round_of_32', 'scheduled', 1, '2026-06-03 14:58:22.875173') RETURNING "id" /*application='Golbet'*/[0m
  ↳ app/services/knockout_bracket_builder.rb:24:in 'block (2 levels) in KnockoutBracketBuilder#build'
  [1m[36mTRANSACTION (0.0ms)[0m  [1m[35mCOMMIT TRANSACTION /*application='Golbet'*/[0m
  ↳ app/services/knockout_bracket_builder.rb:24:in 'block (2 levels) in KnockoutBracketBuilder#build'
  [1m[36mMatch Load (0.0ms)[0m  [1m[34mSELECT "matches".* FROM "matches" WHERE "matches"."tournament_id" = 1 AND "matches"."stage" = 'round_of_32' AND "matches"."slot" = 2 LIMIT 1 /*application='Golbet'*/[0m
  ↳ app/services/knockout_bracket_builder.rb:17:in 'block (2 levels) in KnockoutBracketBuilder#build'
  [1m[36mTRANSACTION (0.0ms)[0m  [1m[35mBEGIN immediate TRANSACTION /*application='Golbet'*/[0m
  ↳ app/services/knockout_bracket_builder.rb:24:in 'block (2 levels) in KnockoutBracketBuilder#build'
  [1m[36mMatch Create (0.2ms)[0m  [1m[32mINSERT INTO "matches" ("away_label", "away_score", "away_team_id", "created_at", "group", "home_label", "home_score", "home_team_id", "kickoff_at", "slot", "stage", "status", "tournament_id", "updated_at") VALUES ('R32 #2 — Visitante', NULL, NULL, '2026-06-03 14:58:22.876154', NULL, 'R32 #2 — Local', NULL, NULL, '2026-06-28 16:00:00', 2, 'round_of_32', 'scheduled', 1, '2026-06-03 14:58:22.876154') RETURNING "id" /*application='Golbet'*/[0m
  ↳ app/services/knockout_bracket_builder.rb:24:in 'block (2 levels) in KnockoutBracketBuilder#build'
  [1m[36mTRANSACTION (0.0ms)[0m  [1m[35mCOMMIT TRANSACTION /*application='Golbet'*/[0m
  ↳ app/services/knockout_bracket_builder.rb:24:in 'block (2 levels) in KnockoutBracketBuilder#build'
  [1m[36mMatch Load (0.0ms)[0m  [1m[34mSELECT "matches".* FROM "matches" WHERE "matches"."tournament_id" = 1 AND "matches"."stage" = 'round_of_32' AND "matches"."slot" = 3 LIMIT 1 /*application='Golbet'*/[0m
  ↳ app/services/knockout_bracket_builder.rb:17:in 'block (2 levels) in KnockoutBracketBuilder#build'
  [1m[36mTRANSACTION (0.0ms)[0m  [1m[35mBEGIN immediate TRANSACTION /*application='Golbet'*/[0m
  ↳ app/services/knockout_bracket_builder.rb:24:in 'block (2 levels) in KnockoutBracketBuilder#build'
  [1m[36mMatch Create (0.2ms)[0m  [1m[32mINSERT INTO "matches" ("away_label", "away_score", "away_team_id", "created_at", "group", "home_label", "home_score", "home_team_id", "kickoff_at", "slot", "stage", "status", "tournament_id", "updated_at") VALUES ('R32 #3 — Visitante', NULL, NULL, '2026-06-03 14:58:22.877382', NULL, 'R32 #3 — Local', NULL, NULL, '2026-06-28 16:00:00', 3, 'round_of_32', 'scheduled', 1, '2026-06-03 14:58:22.877382') RETURNING "id" /*application='Golbet'*/[0m
  ↳ app/services/knockout_bracket_builder.rb:24:in 'block (2 levels) in KnockoutBracketBuilder#build'
  [1m[36mTRANSACTION (0.0ms)[0m  [1m[35mCOMMIT TRANSACTION /*application='Golbet'*/[0m
  ↳ app/services/knockout_bracket_builder.rb:24:in 'block (2 levels) in KnockoutBracketBuilder#build'
  [1m[36mMatch Load (0.0ms)[0m  [1m[34mSELECT "matches".* FROM "matches" WHERE "matches"."tournament_id" = 1 AND "matches"."stage" = 'round_of_32' AND "matches"."slot" = 4 LIMIT 1 /*application='Golbet'*/[0m
  ↳ app/services/knockout_bracket_builder.rb:17:in 'block (2 levels) in KnockoutBracketBuilder#build'
  [1m[36mTRANSACTION (0.0ms)[0m  [1m[35mBEGIN immediate TRANSACTION /*application='Golbet'*/[0m
  ↳ app/services/knockout_bracket_builder.rb:24:in 'block (2 levels) in KnockoutBracketBuilder#build'
  [1m[36mMatch Create (0.2ms)[0m  [1m[32mINSERT INTO "matches" ("away_label", "away_score", "away_team_id", "created_at", "group", "home_label", "home_score", "home_team_id", "kickoff_at", "slot", "stage", "status", "tournament_id", "updated_at") VALUES ('R32 #4 — Visitante', NULL, NULL, '2026-06-03 14:58:22.878366', NULL, 'R32 #4 — Local', NULL, NULL, '2026-06-28 16:00:00', 4, 'round_of_32', 'scheduled', 1, '2026-06-03 14:58:22.878366') RETURNING "id" /*application='Golbet'*/[0m
  ↳ app/services/knockout_bracket_builder.rb:24:in 'block (2 levels) in KnockoutBracketBuilder#build'
  [1m[36mTRANSACTION (0.0ms)[0m  [1m[35mCOMMIT TRANSACTION /*application='Golbet'*/[0m
  ↳ app/services/knockout_bracket_builder.rb:24:in 'block (2 levels) in KnockoutBracketBuilder#build'
  [1m[36mMatch Load (0.0ms)[0m  [1m[34mSELECT "matches".* FROM "matches" WHERE "matches"."tournament_id" = 1 AND "matches"."stage" = 'round_of_32' AND "matches"."slot" = 5 LIMIT 1 /*application='Golbet'*/[0m
  ↳ app/services/knockout_bracket_builder.rb:17:in 'block (2 levels) in KnockoutBracketBuilder#build'
  [1m[36mTRANSACTION (0.0ms)[0m  [1m[35mBEGIN immediate TRANSACTION /*application='Golbet'*/[0m
  ↳ app/services/knockout_bracket_builder.rb:24:in 'block (2 levels) in KnockoutBracketBuilder#build'
  [1m[36mMatch Create (0.2ms)[0m  [1m[32mINSERT INTO "matches" ("away_label", "away_score", "away_team_id", "created_at", "group", "home_label", "home_score", "home_team_id", "kickoff_at", "slot", "stage", "status", "tournament_id", "updated_at") VALUES ('R32 #5 — Visitante', NULL, NULL, '2026-06-03 14:58:22.879500', NULL, 'R32 #5 — Local', NULL, NULL, '2026-06-28 16:00:00', 5, 'round_of_32', 'scheduled', 1, '2026-06-03 14:58:22.879500') RETURNING "id" /*application='Golbet'*/[0m
  ↳ app/services/knockout_bracket_builder.rb:24:in 'block (2 levels) in KnockoutBracketBuilder#build'
  [1m[36mTRANSACTION (0.0ms)[0m  [1m[35mCOMMIT TRANSACTION /*application='Golbet'*/[0m
  ↳ app/services/knockout_bracket_builder.rb:24:in 'block (2 levels) in KnockoutBracketBuilder#build'
  [1m[36mMatch Load (0.0ms)[0m  [1m[34mSELECT "matches".* FROM "matches" WHERE "matches"."tournament_id" = 1 AND "matches"."stage" = 'round_of_32' AND "matches"."slot" = 6 LIMIT 1 /*application='Golbet'*/[0m
  ↳ app/services/knockout_bracket_builder.rb:17:in 'block (2 levels) in KnockoutBracketBuilder#build'
  [1m[36mTRANSACTION (0.0ms)[0m  [1m[35mBEGIN immediate TRANSACTION /*application='Golbet'*/[0m
  ↳ app/services/knockout_bracket_builder.rb:24:in 'block (2 levels) in KnockoutBracketBuilder#build'
  [1m[36mMatch Create (0.2ms)[0m  [1m[32mINSERT INTO "matches" ("away_label", "away_score", "away_team_id", "created_at", "group", "home_label", "home_score", "home_team_id", "kickoff_at", "slot", "stage", "status", "tournament_id", "updated_at") VALUES ('R32 #6 — Visitante', NULL, NULL, '2026-06-03 14:58:22.880379', NULL, 'R32 #6 — Local', NULL, NULL, '2026-06-28 16:00:00', 6, 'round_of_32', 'scheduled', 1, '2026-06-03 14:58:22.880379') RETURNING "id" /*application='Golbet'*/[0m
  ↳ app/services/knockout_bracket_builder.rb:24:in 'block (2 levels) in KnockoutBracketBuilder#build'
  [1m[36mTRANSACTION (0.0ms)[0m  [1m[35mCOMMIT TRANSACTION /*application='Golbet'*/[0m
  ↳ app/services/knockout_bracket_builder.rb:24:in 'block (2 levels) in KnockoutBracketBuilder#build'
  [1m[36mMatch Load (0.0ms)[0m  [1m[34mSELECT "matches".* FROM "matches" WHERE "matches"."tournament_id" = 1 AND "matches"."stage" = 'round_of_32' AND "matches"."slot" = 7 LIMIT 1 /*application='Golbet'*/[0m
  ↳ app/services/knockout_bracket_builder.rb:17:in 'block (2 levels) in KnockoutBracketBuilder#build'
  [1m[36mTRANSACTION (0.0ms)[0m  [1m[35mBEGIN immediate TRANSACTION /*application='Golbet'*/[0m
  ↳ app/services/knockout_bracket_builder.rb:24:in 'block (2 levels) in KnockoutBracketBuilder#build'
  [1m[36mMatch Create (0.2ms)[0m  [1m[32mINSERT INTO "matches" ("away_label", "away_score", "away_team_id", "created_at", "group", "home_label", "home_score", "home_team_id", "kickoff_at", "slot", "stage", "status", "tournament_id", "updated_at") VALUES ('R32 #7 — Visitante', NULL, NULL, '2026-06-03 14:58:22.881261', NULL, 'R32 #7 — Local', NULL, NULL, '2026-06-28 16:00:00', 7, 'round_of_32', 'scheduled', 1, '2026-06-03 14:58:22.881261') RETURNING "id" /*application='Golbet'*/[0m
  ↳ app/services/knockout_bracket_builder.rb:24:in 'block (2 levels) in KnockoutBracketBuilder#build'
  [1m[36mTRANSACTION (0.0ms)[0m  [1m[35mCOMMIT TRANSACTION /*application='Golbet'*/[0m
  ↳ app/services/knockout_bracket_builder.rb:24:in 'block (2 levels) in KnockoutBracketBuilder#build'
  [1m[36mMatch Load (0.0ms)[0m  [1m[34mSELECT "matches".* FROM "matches" WHERE "matches"."tournament_id" = 1 AND "matches"."stage" = 'round_of_32' AND "matches"."slot" = 8 LIMIT 1 /*application='Golbet'*/[0m
  ↳ app/services/knockout_bracket_builder.rb:17:in 'block (2 levels) in KnockoutBracketBuilder#build'
  [1m[36mTRANSACTION (0.0ms)[0m  [1m[35mBEGIN immediate TRANSACTION /*application='Golbet'*/[0m
  ↳ app/services/knockout_bracket_builder.rb:24:in 'block (2 levels) in KnockoutBracketBuilder#build'
  [1m[36mMatch Create (0.2ms)[0m  [1m[32mINSERT INTO "matches" ("away_label", "away_score", "away_team_id", "created_at", "group", "home_label", "home_score", "home_team_id", "kickoff_at", "slot", "stage", "status", "tournament_id", "updated_at") VALUES ('R32 #8 — Visitante', NULL, NULL, '2026-06-03 14:58:22.882661', NULL, 'R32 #8 — Local', NULL, NULL, '2026-06-28 16:00:00', 8, 'round_of_32', 'scheduled', 1, '2026-06-03 14:58:22.882661') RETURNING "id" /*application='Golbet'*/[0m
  ↳ app/services/knockout_bracket_builder.rb:24:in 'block (2 levels) in KnockoutBracketBuilder#build'
  [1m[36mTRANSACTION (0.0ms)[0m  [1m[35mCOMMIT TRANSACTION /*application='Golbet'*/[0m
  ↳ app/services/knockout_bracket_builder.rb:24:in 'block (2 levels) in KnockoutBracketBuilder#build'
  [1m[36mMatch Load (0.0ms)[0m  [1m[34mSELECT "matches".* FROM "matches" WHERE "matches"."tournament_id" = 1 AND "matches"."stage" = 'round_of_32' AND "matches"."slot" = 9 LIMIT 1 /*application='Golbet'*/[0m
  ↳ app/services/knockout_bracket_builder.rb:17:in 'block (2 levels) in KnockoutBracketBuilder#build'
  [1m[36mTRANSACTION (0.0ms)[0m  [1m[35mBEGIN immediate TRANSACTION /*application='Golbet'*/[0m
  ↳ app/services/knockout_bracket_builder.rb:24:in 'block (2 levels) in KnockoutBracketBuilder#build'
  [1m[36mMatch Create (0.2ms)[0m  [1m[32mINSERT INTO "matches" ("away_label", "away_score", "away_team_id", "created_at", "group", "home_label", "home_score", "home_team_id", "kickoff_at", "slot", "stage", "status", "tournament_id", "updated_at") VALUES ('R32 #9 — Visitante', NULL, NULL, '2026-06-03 14:58:22.883536', NULL, 'R32 #9 — Local', NULL, NULL, '2026-06-28 16:00:00', 9, 'round_of_32', 'scheduled', 1, '2026-06-03 14:58:22.883536') RETURNING "id" /*application='Golbet'*/[0m
  ↳ app/services/knockout_bracket_builder.rb:24:in 'block (2 levels) in KnockoutBracketBuilder#build'
  [1m[36mTRANSACTION (0.0ms)[0m  [1m[35mCOMMIT TRANSACTION /*application='Golbet'*/[0m
  ↳ app/services/knockout_bracket_builder.rb:24:in 'block (2 levels) in KnockoutBracketBuilder#build'
  [1m[36mMatch Load (0.0ms)[0m  [1m[34mSELECT "matches".* FROM "matches" WHERE "matches"."tournament_id" = 1 AND "matches"."stage" = 'round_of_32' AND "matches"."slot" = 10 LIMIT 1 /*application='Golbet'*/[0m
  ↳ app/services/knockout_bracket_builder.rb:17:in 'block (2 levels) in KnockoutBracketBuilder#build'
  [1m[36mTRANSACTION (0.0ms)[0m  [1m[35mBEGIN immediate TRANSACTION /*application='Golbet'*/[0m
  ↳ app/services/knockout_bracket_builder.rb:24:in 'block (2 levels) in KnockoutBracketBuilder#build'
  [1m[36mMatch Create (0.2ms)[0m  [1m[32mINSERT INTO "matches" ("away_label", "away_score", "away_team_id", "created_at", "group", "home_label", "home_score", "home_team_id", "kickoff_at", "slot", "stage", "status", "tournament_id", "updated_at") VALUES ('R32 #10 — Visitante', NULL, NULL, '2026-06-03 14:58:22.884603', NULL, 'R32 #10 — Local', NULL, NULL, '2026-06-28 16:00:00', 10, 'round_of_32', 'scheduled', 1, '2026-06-03 14:58:22.884603') RETURNING "id" /*application='Golbet'*/[0m
  ↳ app/services/knockout_bracket_builder.rb:24:in 'block (2 levels) in KnockoutBracketBuilder#build'
  [1m[36mTRANSACTION (0.0ms)[0m  [1m[35mCOMMIT TRANSACTION /*application='Golbet'*/[0m
  ↳ app/services/knockout_bracket_builder.rb:24:in 'block (2 levels) in KnockoutBracketBuilder#build'
  [1m[36mMatch Load (0.0ms)[0m  [1m[34mSELECT "matches".* FROM "matches" WHERE "matches"."tournament_id" = 1 AND "matches"."stage" = 'round_of_32' AND "matches"."slot" = 11 LIMIT 1 /*application='Golbet'*/[0m
  ↳ app/services/knockout_bracket_builder.rb:17:in 'block (2 levels) in KnockoutBracketBuilder#build'
  [1m[36mTRANSACTION (0.0ms)[0m  [1m[35mBEGIN immediate TRANSACTION /*application='Golbet'*/[0m
  ↳ app/services/knockout_bracket_builder.rb:24:in 'block (2 levels) in KnockoutBracketBuilder#build'
  [1m[36mMatch Create (0.2ms)[0m  [1m[32mINSERT INTO "matches" ("away_label", "away_score", "away_team_id", "created_at", "group", "home_label", "home_score", "home_team_id", "kickoff_at", "slot", "stage", "status", "tournament_id", "updated_at") VALUES ('R32 #11 — Visitante', NULL, NULL, '2026-06-03 14:58:22.885473', NULL, 'R32 #11 — Local', NULL, NULL, '2026-06-28 16:00:00', 11, 'round_of_32', 'scheduled', 1, '2026-06-03 14:58:22.885473') RETURNING "id" /*application='Golbet'*/[0m
  ↳ app/services/knockout_bracket_builder.rb:24:in 'block (2 levels) in KnockoutBracketBuilder#build'
  [1m[36mTRANSACTION (0.0ms)[0m  [1m[35mCOMMIT TRANSACTION /*application='Golbet'*/[0m
  ↳ app/services/knockout_bracket_builder.rb:24:in 'block (2 levels) in KnockoutBracketBuilder#build'
  [1m[36mMatch Load (0.0ms)[0m  [1m[34mSELECT "matches".* FROM "matches" WHERE "matches"."tournament_id" = 1 AND "matches"."stage" = 'round_of_32' AND "matches"."slot" = 12 LIMIT 1 /*application='Golbet'*/[0m
  ↳ app/services/knockout_bracket_builder.rb:17:in 'block (2 levels) in KnockoutBracketBuilder#build'
  [1m[36mTRANSACTION (0.0ms)[0m  [1m[35mBEGIN immediate TRANSACTION /*application='Golbet'*/[0m
  ↳ app/services/knockout_bracket_builder.rb:24:in 'block (2 levels) in KnockoutBracketBuilder#build'
  [1m[36mMatch Create (0.2ms)[0m  [1m[32mINSERT INTO "matches" ("away_label", "away_score", "away_team_id", "created_at", "group", "home_label", "home_score", "home_team_id", "kickoff_at", "slot", "stage", "status", "tournament_id", "updated_at") VALUES ('R32 #12 — Visitante', NULL, NULL, '2026-06-03 14:58:22.886339', NULL, 'R32 #12 — Local', NULL, NULL, '2026-06-28 16:00:00', 12, 'round_of_32', 'scheduled', 1, '2026-06-03 14:58:22.886339') RETURNING "id" /*application='Golbet'*/[0m
  ↳ app/services/knockout_bracket_builder.rb:24:in 'block (2 levels) in KnockoutBracketBuilder#build'
  [1m[36mTRANSACTION (0.0ms)[0m  [1m[35mCOMMIT TRANSACTION /*application='Golbet'*/[0m
  ↳ app/services/knockout_bracket_builder.rb:24:in 'block (2 levels) in KnockoutBracketBuilder#build'
  [1m[36mMatch Load (0.0ms)[0m  [1m[34mSELECT "matches".* FROM "matches" WHERE "matches"."tournament_id" = 1 AND "matches"."stage" = 'round_of_32' AND "matches"."slot" = 13 LIMIT 1 /*application='Golbet'*/[0m
  ↳ app/services/knockout_bracket_builder.rb:17:in 'block (2 levels) in KnockoutBracketBuilder#build'
  [1m[36mTRANSACTION (0.0ms)[0m  [1m[35mBEGIN immediate TRANSACTION /*application='Golbet'*/[0m
  ↳ app/services/knockout_bracket_builder.rb:24:in 'block (2 levels) in KnockoutBracketBuilder#build'
  [1m[36mMatch Create (0.2ms)[0m  [1m[32mINSERT INTO "matches" ("away_label", "away_score", "away_team_id", "created_at", "group", "home_label", "home_score", "home_team_id", "kickoff_at", "slot", "stage", "status", "tournament_id", "updated_at") VALUES ('R32 #13 — Visitante', NULL, NULL, '2026-06-03 14:58:22.887332', NULL, 'R32 #13 — Local', NULL, NULL, '2026-06-28 16:00:00', 13, 'round_of_32', 'scheduled', 1, '2026-06-03 14:58:22.887332') RETURNING "id" /*application='Golbet'*/[0m
  ↳ app/services/knockout_bracket_builder.rb:24:in 'block (2 levels) in KnockoutBracketBuilder#build'
  [1m[36mTRANSACTION (0.0ms)[0m  [1m[35mCOMMIT TRANSACTION /*application='Golbet'*/[0m
  ↳ app/services/knockout_bracket_builder.rb:24:in 'block (2 levels) in KnockoutBracketBuilder#build'
  [1m[36mMatch Load (0.0ms)[0m  [1m[34mSELECT "matches".* FROM "matches" WHERE "matches"."tournament_id" = 1 AND "matches"."stage" = 'round_of_32' AND "matches"."slot" = 14 LIMIT 1 /*application='Golbet'*/[0m
  ↳ app/services/knockout_bracket_builder.rb:17:in 'block (2 levels) in KnockoutBracketBuilder#build'
  [1m[36mTRANSACTION (0.0ms)[0m  [1m[35mBEGIN immediate TRANSACTION /*application='Golbet'*/[0m
  ↳ app/services/knockout_bracket_builder.rb:24:in 'block (2 levels) in KnockoutBracketBuilder#build'
  [1m[36mMatch Create (0.2ms)[0m  [1m[32mINSERT INTO "matches" ("away_label", "away_score", "away_team_id", "created_at", "group", "home_label", "home_score", "home_team_id", "kickoff_at", "slot", "stage", "status", "tournament_id", "updated_at") VALUES ('R32 #14 — Visitante', NULL, NULL, '2026-06-03 14:58:22.888195', NULL, 'R32 #14 — Local', NULL, NULL, '2026-06-28 16:00:00', 14, 'round_of_32', 'scheduled', 1, '2026-06-03 14:58:22.888195') RETURNING "id" /*application='Golbet'*/[0m
  ↳ app/services/knockout_bracket_builder.rb:24:in 'block (2 levels) in KnockoutBracketBuilder#build'
  [1m[36mTRANSACTION (0.0ms)[0m  [1m[35mCOMMIT TRANSACTION /*application='Golbet'*/[0m
  ↳ app/services/knockout_bracket_builder.rb:24:in 'block (2 levels) in KnockoutBracketBuilder#build'
  [1m[36mMatch Load (0.0ms)[0m  [1m[34mSELECT "matches".* FROM "matches" WHERE "matches"."tournament_id" = 1 AND "matches"."stage" = 'round_of_32' AND "matches"."slot" = 15 LIMIT 1 /*application='Golbet'*/[0m
  ↳ app/services/knockout_bracket_builder.rb:17:in 'block (2 levels) in KnockoutBracketBuilder#build'
  [1m[36mTRANSACTION (0.0ms)[0m  [1m[35mBEGIN immediate TRANSACTION /*application='Golbet'*/[0m
  ↳ app/services/knockout_bracket_builder.rb:24:in 'block (2 levels) in KnockoutBracketBuilder#build'
  [1m[36mMatch Create (0.3ms)[0m  [1m[32mINSERT INTO "matches" ("away_label", "away_score", "away_team_id", "created_at", "group", "home_label", "home_score", "home_team_id", "kickoff_at", "slot", "stage", "status", "tournament_id", "updated_at") VALUES ('R32 #15 — Visitante', NULL, NULL, '2026-06-03 14:58:22.889064', NULL, 'R32 #15 — Local', NULL, NULL, '2026-06-28 16:00:00', 15, 'round_of_32', 'scheduled', 1, '2026-06-03 14:58:22.889064') RETURNING "id" /*application='Golbet'*/[0m
  ↳ app/services/knockout_bracket_builder.rb:24:in 'block (2 levels) in KnockoutBracketBuilder#build'
  [1m[36mTRANSACTION (0.0ms)[0m  [1m[35mCOMMIT TRANSACTION /*application='Golbet'*/[0m
  ↳ app/services/knockout_bracket_builder.rb:24:in 'block (2 levels) in KnockoutBracketBuilder#build'
  [1m[36mMatch Load (0.0ms)[0m  [1m[34mSELECT "matches".* FROM "matches" WHERE "matches"."tournament_id" = 1 AND "matches"."stage" = 'round_of_32' AND "matches"."slot" = 16 LIMIT 1 /*application='Golbet'*/[0m
  ↳ app/services/knockout_bracket_builder.rb:17:in 'block (2 levels) in KnockoutBracketBuilder#build'
  [1m[36mTRANSACTION (0.0ms)[0m  [1m[35mBEGIN immediate TRANSACTION /*application='Golbet'*/[0m
  ↳ app/services/knockout_bracket_builder.rb:24:in 'block (2 levels) in KnockoutBracketBuilder#build'
  [1m[36mMatch Create (0.2ms)[0m  [1m[32mINSERT INTO "matches" ("away_label", "away_score", "away_team_id", "created_at", "group", "home_label", "home_score", "home_team_id", "kickoff_at", "slot", "stage", "status", "tournament_id", "updated_at") VALUES ('R32 #16 — Visitante', NULL, NULL, '2026-06-03 14:58:22.890185', NULL, 'R32 #16 — Local', NULL, NULL, '2026-06-28 16:00:00', 16, 'round_of_32', 'scheduled', 1, '2026-06-03 14:58:22.890185') RETURNING "id" /*application='Golbet'*/[0m
  ↳ app/services/knockout_bracket_builder.rb:24:in 'block (2 levels) in KnockoutBracketBuilder#build'
  [1m[36mTRANSACTION (0.0ms)[0m  [1m[35mCOMMIT TRANSACTION /*application='Golbet'*/[0m
  ↳ app/services/knockout_bracket_builder.rb:24:in 'block (2 levels) in KnockoutBracketBuilder#build'
  [1m[36mMatch Load (0.0ms)[0m  [1m[34mSELECT "matches".* FROM "matches" WHERE "matches"."tournament_id" = 1 AND "matches"."stage" = 'round_of_16' AND "matches"."slot" = 1 LIMIT 1 /*application='Golbet'*/[0m
  ↳ app/services/knockout_bracket_builder.rb:17:in 'block (2 levels) in KnockoutBracketBuilder#build'
  [1m[36mTRANSACTION (0.0ms)[0m  [1m[35mBEGIN immediate TRANSACTION /*application='Golbet'*/[0m
  ↳ app/services/knockout_bracket_builder.rb:24:in 'block (2 levels) in KnockoutBracketBuilder#build'
  [1m[36mMatch Create (0.3ms)[0m  [1m[32mINSERT INTO "matches" ("away_label", "away_score", "away_team_id", "created_at", "group", "home_label", "home_score", "home_team_id", "kickoff_at", "slot", "stage", "status", "tournament_id", "updated_at") VALUES ('Octavos #1 — Visitante', NULL, NULL, '2026-06-03 14:58:22.891098', NULL, 'Octavos #1 — Local', NULL, NULL, '2026-07-03 16:00:00', 1, 'round_of_16', 'scheduled', 1, '2026-06-03 14:58:22.891098') RETURNING "id" /*application='Golbet'*/[0m
  ↳ app/services/knockout_bracket_builder.rb:24:in 'block (2 levels) in KnockoutBracketBuilder#build'
  [1m[36mTRANSACTION (0.0ms)[0m  [1m[35mCOMMIT TRANSACTION /*application='Golbet'*/[0m
  ↳ app/services/knockout_bracket_builder.rb:24:in 'block (2 levels) in KnockoutBracketBuilder#build'
  [1m[36mMatch Load (0.0ms)[0m  [1m[34mSELECT "matches".* FROM "matches" WHERE "matches"."tournament_id" = 1 AND "matches"."stage" = 'round_of_16' AND "matches"."slot" = 2 LIMIT 1 /*application='Golbet'*/[0m
  ↳ app/services/knockout_bracket_builder.rb:17:in 'block (2 levels) in KnockoutBracketBuilder#build'
  [1m[36mTRANSACTION (0.0ms)[0m  [1m[35mBEGIN immediate TRANSACTION /*application='Golbet'*/[0m
  ↳ app/services/knockout_bracket_builder.rb:24:in 'block (2 levels) in KnockoutBracketBuilder#build'
  [1m[36mMatch Create (0.3ms)[0m  [1m[32mINSERT INTO "matches" ("away_label", "away_score", "away_team_id", "created_at", "group", "home_label", "home_score", "home_team_id", "kickoff_at", "slot", "stage", "status", "tournament_id", "updated_at") VALUES ('Octavos #2 — Visitante', NULL, NULL, '2026-06-03 14:58:22.892307', NULL, 'Octavos #2 — Local', NULL, NULL, '2026-07-03 16:00:00', 2, 'round_of_16', 'scheduled', 1, '2026-06-03 14:58:22.892307') RETURNING "id" /*application='Golbet'*/[0m
  ↳ app/services/knockout_bracket_builder.rb:24:in 'block (2 levels) in KnockoutBracketBuilder#build'
  [1m[36mTRANSACTION (0.0ms)[0m  [1m[35mCOMMIT TRANSACTION /*application='Golbet'*/[0m
  ↳ app/services/knockout_bracket_builder.rb:24:in 'block (2 levels) in KnockoutBracketBuilder#build'
  [1m[36mMatch Load (0.0ms)[0m  [1m[34mSELECT "matches".* FROM "matches" WHERE "matches"."tournament_id" = 1 AND "matches"."stage" = 'round_of_16' AND "matches"."slot" = 3 LIMIT 1 /*application='Golbet'*/[0m
  ↳ app/services/knockout_bracket_builder.rb:17:in 'block (2 levels) in KnockoutBracketBuilder#build'
  [1m[36mTRANSACTION (0.0ms)[0m  [1m[35mBEGIN immediate TRANSACTION /*application='Golbet'*/[0m
  ↳ app/services/knockout_bracket_builder.rb:24:in 'block (2 levels) in KnockoutBracketBuilder#build'
  [1m[36mMatch Create (0.2ms)[0m  [1m[32mINSERT INTO "matches" ("away_label", "away_score", "away_team_id", "created_at", "group", "home_label", "home_score", "home_team_id", "kickoff_at", "slot", "stage", "status", "tournament_id", "updated_at") VALUES ('Octavos #3 — Visitante', NULL, NULL, '2026-06-03 14:58:22.893260', NULL, 'Octavos #3 — Local', NULL, NULL, '2026-07-03 16:00:00', 3, 'round_of_16', 'scheduled', 1, '2026-06-03 14:58:22.893260') RETURNING "id" /*application='Golbet'*/[0m
  ↳ app/services/knockout_bracket_builder.rb:24:in 'block (2 levels) in KnockoutBracketBuilder#build'
  [1m[36mTRANSACTION (0.0ms)[0m  [1m[35mCOMMIT TRANSACTION /*application='Golbet'*/[0m
  ↳ app/services/knockout_bracket_builder.rb:24:in 'block (2 levels) in KnockoutBracketBuilder#build'
  [1m[36mMatch Load (0.0ms)[0m  [1m[34mSELECT "matches".* FROM "matches" WHERE "matches"."tournament_id" = 1 AND "matches"."stage" = 'round_of_16' AND "matches"."slot" = 4 LIMIT 1 /*application='Golbet'*/[0m
  ↳ app/services/knockout_bracket_builder.rb:17:in 'block (2 levels) in KnockoutBracketBuilder#build'
  [1m[36mTRANSACTION (0.0ms)[0m  [1m[35mBEGIN immediate TRANSACTION /*application='Golbet'*/[0m
  ↳ app/services/knockout_bracket_builder.rb:24:in 'block (2 levels) in KnockoutBracketBuilder#build'
  [1m[36mMatch Create (0.2ms)[0m  [1m[32mINSERT INTO "matches" ("away_label", "away_score", "away_team_id", "created_at", "group", "home_label", "home_score", "home_team_id", "kickoff_at", "slot", "stage", "status", "tournament_id", "updated_at") VALUES ('Octavos #4 — Visitante', NULL, NULL, '2026-06-03 14:58:22.894149', NULL, 'Octavos #4 — Local', NULL, NULL, '2026-07-03 16:00:00', 4, 'round_of_16', 'scheduled', 1, '2026-06-03 14:58:22.894149') RETURNING "id" /*application='Golbet'*/[0m
  ↳ app/services/knockout_bracket_builder.rb:24:in 'block (2 levels) in KnockoutBracketBuilder#build'
  [1m[36mTRANSACTION (0.0ms)[0m  [1m[35mCOMMIT TRANSACTION /*application='Golbet'*/[0m
  ↳ app/services/knockout_bracket_builder.rb:24:in 'block (2 levels) in KnockoutBracketBuilder#build'
  [1m[36mMatch Load (0.0ms)[0m  [1m[34mSELECT "matches".* FROM "matches" WHERE "matches"."tournament_id" = 1 AND "matches"."stage" = 'round_of_16' AND "matches"."slot" = 5 LIMIT 1 /*application='Golbet'*/[0m
  ↳ app/services/knockout_bracket_builder.rb:17:in 'block (2 levels) in KnockoutBracketBuilder#build'
  [1m[36mTRANSACTION (0.0ms)[0m  [1m[35mBEGIN immediate TRANSACTION /*application='Golbet'*/[0m
  ↳ app/services/knockout_bracket_builder.rb:24:in 'block (2 levels) in KnockoutBracketBuilder#build'
  [1m[36mMatch Create (0.2ms)[0m  [1m[32mINSERT INTO "matches" ("away_label", "away_score", "away_team_id", "created_at", "group", "home_label", "home_score", "home_team_id", "kickoff_at", "slot", "stage", "status", "tournament_id", "updated_at") VALUES ('Octavos #5 — Visitante', NULL, NULL, '2026-06-03 14:58:22.895037', NULL, 'Octavos #5 — Local', NULL, NULL, '2026-07-03 16:00:00', 5, 'round_of_16', 'scheduled', 1, '2026-06-03 14:58:22.895037') RETURNING "id" /*application='Golbet'*/[0m
  ↳ app/services/knockout_bracket_builder.rb:24:in 'block (2 levels) in KnockoutBracketBuilder#build'
  [1m[36mTRANSACTION (0.0ms)[0m  [1m[35mCOMMIT TRANSACTION /*application='Golbet'*/[0m
  ↳ app/services/knockout_bracket_builder.rb:24:in 'block (2 levels) in KnockoutBracketBuilder#build'
  [1m[36mMatch Load (0.0ms)[0m  [1m[34mSELECT "matches".* FROM "matches" WHERE "matches"."tournament_id" = 1 AND "matches"."stage" = 'round_of_16' AND "matches"."slot" = 6 LIMIT 1 /*application='Golbet'*/[0m
  ↳ app/services/knockout_bracket_builder.rb:17:in 'block (2 levels) in KnockoutBracketBuilder#build'
  [1m[36mTRANSACTION (0.0ms)[0m  [1m[35mBEGIN immediate TRANSACTION /*application='Golbet'*/[0m
  ↳ app/services/knockout_bracket_builder.rb:24:in 'block (2 levels) in KnockoutBracketBuilder#build'
  [1m[36mMatch Create (0.2ms)[0m  [1m[32mINSERT INTO "matches" ("away_label", "away_score", "away_team_id", "created_at", "group", "home_label", "home_score", "home_team_id", "kickoff_at", "slot", "stage", "status", "tournament_id", "updated_at") VALUES ('Octavos #6 — Visitante', NULL, NULL, '2026-06-03 14:58:22.895992', NULL, 'Octavos #6 — Local', NULL, NULL, '2026-07-03 16:00:00', 6, 'round_of_16', 'scheduled', 1, '2026-06-03 14:58:22.895992') RETURNING "id" /*application='Golbet'*/[0m
  ↳ app/services/knockout_bracket_builder.rb:24:in 'block (2 levels) in KnockoutBracketBuilder#build'
  [1m[36mTRANSACTION (0.0ms)[0m  [1m[35mCOMMIT TRANSACTION /*application='Golbet'*/[0m
  ↳ app/services/knockout_bracket_builder.rb:24:in 'block (2 levels) in KnockoutBracketBuilder#build'
  [1m[36mMatch Load (0.0ms)[0m  [1m[34mSELECT "matches".* FROM "matches" WHERE "matches"."tournament_id" = 1 AND "matches"."stage" = 'round_of_16' AND "matches"."slot" = 7 LIMIT 1 /*application='Golbet'*/[0m
  ↳ app/services/knockout_bracket_builder.rb:17:in 'block (2 levels) in KnockoutBracketBuilder#build'
  [1m[36mTRANSACTION (0.0ms)[0m  [1m[35mBEGIN immediate TRANSACTION /*application='Golbet'*/[0m
  ↳ app/services/knockout_bracket_builder.rb:24:in 'block (2 levels) in KnockoutBracketBuilder#build'
  [1m[36mMatch Create (0.2ms)[0m  [1m[32mINSERT INTO "matches" ("away_label", "away_score", "away_team_id", "created_at", "group", "home_label", "home_score", "home_team_id", "kickoff_at", "slot", "stage", "status", "tournament_id", "updated_at") VALUES ('Octavos #7 — Visitante', NULL, NULL, '2026-06-03 14:58:22.896876', NULL, 'Octavos #7 — Local', NULL, NULL, '2026-07-03 16:00:00', 7, 'round_of_16', 'scheduled', 1, '2026-06-03 14:58:22.896876') RETURNING "id" /*application='Golbet'*/[0m
  ↳ app/services/knockout_bracket_builder.rb:24:in 'block (2 levels) in KnockoutBracketBuilder#build'
  [1m[36mTRANSACTION (0.0ms)[0m  [1m[35mCOMMIT TRANSACTION /*application='Golbet'*/[0m
  ↳ app/services/knockout_bracket_builder.rb:24:in 'block (2 levels) in KnockoutBracketBuilder#build'
  [1m[36mMatch Load (0.0ms)[0m  [1m[34mSELECT "matches".* FROM "matches" WHERE "matches"."tournament_id" = 1 AND "matches"."stage" = 'round_of_16' AND "matches"."slot" = 8 LIMIT 1 /*application='Golbet'*/[0m
  ↳ app/services/knockout_bracket_builder.rb:17:in 'block (2 levels) in KnockoutBracketBuilder#build'
  [1m[36mTRANSACTION (0.0ms)[0m  [1m[35mBEGIN immediate TRANSACTION /*application='Golbet'*/[0m
  ↳ app/services/knockout_bracket_builder.rb:24:in 'block (2 levels) in KnockoutBracketBuilder#build'
  [1m[36mMatch Create (0.2ms)[0m  [1m[32mINSERT INTO "matches" ("away_label", "away_score", "away_team_id", "created_at", "group", "home_label", "home_score", "home_team_id", "kickoff_at", "slot", "stage", "status", "tournament_id", "updated_at") VALUES ('Octavos #8 — Visitante', NULL, NULL, '2026-06-03 14:58:22.897749', NULL, 'Octavos #8 — Local', NULL, NULL, '2026-07-03 16:00:00', 8, 'round_of_16', 'scheduled', 1, '2026-06-03 14:58:22.897749') RETURNING "id" /*application='Golbet'*/[0m
  ↳ app/services/knockout_bracket_builder.rb:24:in 'block (2 levels) in KnockoutBracketBuilder#build'
  [1m[36mTRANSACTION (0.0ms)[0m  [1m[35mCOMMIT TRANSACTION /*application='Golbet'*/[0m
  ↳ app/services/knockout_bracket_builder.rb:24:in 'block (2 levels) in KnockoutBracketBuilder#build'
  [1m[36mMatch Load (0.0ms)[0m  [1m[34mSELECT "matches".* FROM "matches" WHERE "matches"."tournament_id" = 1 AND "matches"."stage" = 'quarter_final' AND "matches"."slot" = 1 LIMIT 1 /*application='Golbet'*/[0m
  ↳ app/services/knockout_bracket_builder.rb:17:in 'block (2 levels) in KnockoutBracketBuilder#build'
  [1m[36mTRANSACTION (0.0ms)[0m  [1m[35mBEGIN immediate TRANSACTION /*application='Golbet'*/[0m
  ↳ app/services/knockout_bracket_builder.rb:24:in 'block (2 levels) in KnockoutBracketBuilder#build'
  [1m[36mMatch Create (0.2ms)[0m  [1m[32mINSERT INTO "matches" ("away_label", "away_score", "away_team_id", "created_at", "group", "home_label", "home_score", "home_team_id", "kickoff_at", "slot", "stage", "status", "tournament_id", "updated_at") VALUES ('Cuartos #1 — Visitante', NULL, NULL, '2026-06-03 14:58:22.898626', NULL, 'Cuartos #1 — Local', NULL, NULL, '2026-07-09 16:00:00', 1, 'quarter_final', 'scheduled', 1, '2026-06-03 14:58:22.898626') RETURNING "id" /*application='Golbet'*/[0m
  ↳ app/services/knockout_bracket_builder.rb:24:in 'block (2 levels) in KnockoutBracketBuilder#build'
  [1m[36mTRANSACTION (0.0ms)[0m  [1m[35mCOMMIT TRANSACTION /*application='Golbet'*/[0m
  ↳ app/services/knockout_bracket_builder.rb:24:in 'block (2 levels) in KnockoutBracketBuilder#build'
  [1m[36mMatch Load (0.0ms)[0m  [1m[34mSELECT "matches".* FROM "matches" WHERE "matches"."tournament_id" = 1 AND "matches"."stage" = 'quarter_final' AND "matches"."slot" = 2 LIMIT 1 /*application='Golbet'*/[0m
  ↳ app/services/knockout_bracket_builder.rb:17:in 'block (2 levels) in KnockoutBracketBuilder#build'
  [1m[36mTRANSACTION (0.0ms)[0m  [1m[35mBEGIN immediate TRANSACTION /*application='Golbet'*/[0m
  ↳ app/services/knockout_bracket_builder.rb:24:in 'block (2 levels) in KnockoutBracketBuilder#build'
  [1m[36mMatch Create (0.2ms)[0m  [1m[32mINSERT INTO "matches" ("away_label", "away_score", "away_team_id", "created_at", "group", "home_label", "home_score", "home_team_id", "kickoff_at", "slot", "stage", "status", "tournament_id", "updated_at") VALUES ('Cuartos #2 — Visitante', NULL, NULL, '2026-06-03 14:58:22.899516', NULL, 'Cuartos #2 — Local', NULL, NULL, '2026-07-09 16:00:00', 2, 'quarter_final', 'scheduled', 1, '2026-06-03 14:58:22.899516') RETURNING "id" /*application='Golbet'*/[0m
  ↳ app/services/knockout_bracket_builder.rb:24:in 'block (2 levels) in KnockoutBracketBuilder#build'
  [1m[36mTRANSACTION (0.0ms)[0m  [1m[35mCOMMIT TRANSACTION /*application='Golbet'*/[0m
  ↳ app/services/knockout_bracket_builder.rb:24:in 'block (2 levels) in KnockoutBracketBuilder#build'
  [1m[36mMatch Load (0.0ms)[0m  [1m[34mSELECT "matches".* FROM "matches" WHERE "matches"."tournament_id" = 1 AND "matches"."stage" = 'quarter_final' AND "matches"."slot" = 3 LIMIT 1 /*application='Golbet'*/[0m
  ↳ app/services/knockout_bracket_builder.rb:17:in 'block (2 levels) in KnockoutBracketBuilder#build'
  [1m[36mTRANSACTION (0.0ms)[0m  [1m[35mBEGIN immediate TRANSACTION /*application='Golbet'*/[0m
  ↳ app/services/knockout_bracket_builder.rb:24:in 'block (2 levels) in KnockoutBracketBuilder#build'
  [1m[36mMatch Create (0.2ms)[0m  [1m[32mINSERT INTO "matches" ("away_label", "away_score", "away_team_id", "created_at", "group", "home_label", "home_score", "home_team_id", "kickoff_at", "slot", "stage", "status", "tournament_id", "updated_at") VALUES ('Cuartos #3 — Visitante', NULL, NULL, '2026-06-03 14:58:22.900486', NULL, 'Cuartos #3 — Local', NULL, NULL, '2026-07-09 16:00:00', 3, 'quarter_final', 'scheduled', 1, '2026-06-03 14:58:22.900486') RETURNING "id" /*application='Golbet'*/[0m
  ↳ app/services/knockout_bracket_builder.rb:24:in 'block (2 levels) in KnockoutBracketBuilder#build'
  [1m[36mTRANSACTION (0.0ms)[0m  [1m[35mCOMMIT TRANSACTION /*application='Golbet'*/[0m
  ↳ app/services/knockout_bracket_builder.rb:24:in 'block (2 levels) in KnockoutBracketBuilder#build'
  [1m[36mMatch Load (0.0ms)[0m  [1m[34mSELECT "matches".* FROM "matches" WHERE "matches"."tournament_id" = 1 AND "matches"."stage" = 'quarter_final' AND "matches"."slot" = 4 LIMIT 1 /*application='Golbet'*/[0m
  ↳ app/services/knockout_bracket_builder.rb:17:in 'block (2 levels) in KnockoutBracketBuilder#build'
  [1m[36mTRANSACTION (0.0ms)[0m  [1m[35mBEGIN immediate TRANSACTION /*application='Golbet'*/[0m
  ↳ app/services/knockout_bracket_builder.rb:24:in 'block (2 levels) in KnockoutBracketBuilder#build'
  [1m[36mMatch Create (0.2ms)[0m  [1m[32mINSERT INTO "matches" ("away_label", "away_score", "away_team_id", "created_at", "group", "home_label", "home_score", "home_team_id", "kickoff_at", "slot", "stage", "status", "tournament_id", "updated_at") VALUES ('Cuartos #4 — Visitante', NULL, NULL, '2026-06-03 14:58:22.901373', NULL, 'Cuartos #4 — Local', NULL, NULL, '2026-07-09 16:00:00', 4, 'quarter_final', 'scheduled', 1, '2026-06-03 14:58:22.901373') RETURNING "id" /*application='Golbet'*/[0m
  ↳ app/services/knockout_bracket_builder.rb:24:in 'block (2 levels) in KnockoutBracketBuilder#build'
  [1m[36mTRANSACTION (0.0ms)[0m  [1m[35mCOMMIT TRANSACTION /*application='Golbet'*/[0m
  ↳ app/services/knockout_bracket_builder.rb:24:in 'block (2 levels) in KnockoutBracketBuilder#build'
  [1m[36mMatch Load (0.0ms)[0m  [1m[34mSELECT "matches".* FROM "matches" WHERE "matches"."tournament_id" = 1 AND "matches"."stage" = 'semi_final' AND "matches"."slot" = 1 LIMIT 1 /*application='Golbet'*/[0m
  ↳ app/services/knockout_bracket_builder.rb:17:in 'block (2 levels) in KnockoutBracketBuilder#build'
  [1m[36mTRANSACTION (0.0ms)[0m  [1m[35mBEGIN immediate TRANSACTION /*application='Golbet'*/[0m
  ↳ app/services/knockout_bracket_builder.rb:24:in 'block (2 levels) in KnockoutBracketBuilder#build'
  [1m[36mMatch Create (0.2ms)[0m  [1m[32mINSERT INTO "matches" ("away_label", "away_score", "away_team_id", "created_at", "group", "home_label", "home_score", "home_team_id", "kickoff_at", "slot", "stage", "status", "tournament_id", "updated_at") VALUES ('Semis #1 — Visitante', NULL, NULL, '2026-06-03 14:58:22.902241', NULL, 'Semis #1 — Local', NULL, NULL, '2026-07-14 16:00:00', 1, 'semi_final', 'scheduled', 1, '2026-06-03 14:58:22.902241') RETURNING "id" /*application='Golbet'*/[0m
  ↳ app/services/knockout_bracket_builder.rb:24:in 'block (2 levels) in KnockoutBracketBuilder#build'
  [1m[36mTRANSACTION (0.0ms)[0m  [1m[35mCOMMIT TRANSACTION /*application='Golbet'*/[0m
  ↳ app/services/knockout_bracket_builder.rb:24:in 'block (2 levels) in KnockoutBracketBuilder#build'
  [1m[36mMatch Load (0.0ms)[0m  [1m[34mSELECT "matches".* FROM "matches" WHERE "matches"."tournament_id" = 1 AND "matches"."stage" = 'semi_final' AND "matches"."slot" = 2 LIMIT 1 /*application='Golbet'*/[0m
  ↳ app/services/knockout_bracket_builder.rb:17:in 'block (2 levels) in KnockoutBracketBuilder#build'
  [1m[36mTRANSACTION (0.0ms)[0m  [1m[35mBEGIN immediate TRANSACTION /*application='Golbet'*/[0m
  ↳ app/services/knockout_bracket_builder.rb:24:in 'block (2 levels) in KnockoutBracketBuilder#build'
  [1m[36mMatch Create (0.2ms)[0m  [1m[32mINSERT INTO "matches" ("away_label", "away_score", "away_team_id", "created_at", "group", "home_label", "home_score", "home_team_id", "kickoff_at", "slot", "stage", "status", "tournament_id", "updated_at") VALUES ('Semis #2 — Visitante', NULL, NULL, '2026-06-03 14:58:22.903104', NULL, 'Semis #2 — Local', NULL, NULL, '2026-07-14 16:00:00', 2, 'semi_final', 'scheduled', 1, '2026-06-03 14:58:22.903104') RETURNING "id" /*application='Golbet'*/[0m
  ↳ app/services/knockout_bracket_builder.rb:24:in 'block (2 levels) in KnockoutBracketBuilder#build'
  [1m[36mTRANSACTION (0.0ms)[0m  [1m[35mCOMMIT TRANSACTION /*application='Golbet'*/[0m
  ↳ app/services/knockout_bracket_builder.rb:24:in 'block (2 levels) in KnockoutBracketBuilder#build'
  [1m[36mMatch Load (0.0ms)[0m  [1m[34mSELECT "matches".* FROM "matches" WHERE "matches"."tournament_id" = 1 AND "matches"."stage" = 'third_place' AND "matches"."slot" = 1 LIMIT 1 /*application='Golbet'*/[0m
  ↳ app/services/knockout_bracket_builder.rb:17:in 'block (2 levels) in KnockoutBracketBuilder#build'
  [1m[36mTRANSACTION (0.0ms)[0m  [1m[35mBEGIN immediate TRANSACTION /*application='Golbet'*/[0m
  ↳ app/services/knockout_bracket_builder.rb:24:in 'block (2 levels) in KnockoutBracketBuilder#build'
  [1m[36mMatch Create (0.2ms)[0m  [1m[32mINSERT INTO "matches" ("away_label", "away_score", "away_team_id", "created_at", "group", "home_label", "home_score", "home_team_id", "kickoff_at", "slot", "stage", "status", "tournament_id", "updated_at") VALUES ('3er puesto #1 — Visitante', NULL, NULL, '2026-06-03 14:58:22.903955', NULL, '3er puesto #1 — Local', NULL, NULL, '2026-07-18 16:00:00', 1, 'third_place', 'scheduled', 1, '2026-06-03 14:58:22.903955') RETURNING "id" /*application='Golbet'*/[0m
  ↳ app/services/knockout_bracket_builder.rb:24:in 'block (2 levels) in KnockoutBracketBuilder#build'
  [1m[36mTRANSACTION (0.0ms)[0m  [1m[35mCOMMIT TRANSACTION /*application='Golbet'*/[0m
  ↳ app/services/knockout_bracket_builder.rb:24:in 'block (2 levels) in KnockoutBracketBuilder#build'
  [1m[36mMatch Load (0.0ms)[0m  [1m[34mSELECT "matches".* FROM "matches" WHERE "matches"."tournament_id" = 1 AND "matches"."stage" = 'final' AND "matches"."slot" = 1 LIMIT 1 /*application='Golbet'*/[0m
  ↳ app/services/knockout_bracket_builder.rb:17:in 'block (2 levels) in KnockoutBracketBuilder#build'
  [1m[36mTRANSACTION (0.0ms)[0m  [1m[35mBEGIN immediate TRANSACTION /*application='Golbet'*/[0m
  ↳ app/services/knockout_bracket_builder.rb:24:in 'block (2 levels) in KnockoutBracketBuilder#build'
  [1m[36mMatch Create (0.2ms)[0m  [1m[32mINSERT INTO "matches" ("away_label", "away_score", "away_team_id", "created_at", "group", "home_label", "home_score", "home_team_id", "kickoff_at", "slot", "stage", "status", "tournament_id", "updated_at") VALUES ('Final #1 — Visitante', NULL, NULL, '2026-06-03 14:58:22.904809', NULL, 'Final #1 — Local', NULL, NULL, '2026-07-19 16:00:00', 1, 'final', 'scheduled', 1, '2026-06-03 14:58:22.904809') RETURNING "id" /*application='Golbet'*/[0m
  ↳ app/services/knockout_bracket_builder.rb:24:in 'block (2 levels) in KnockoutBracketBuilder#build'
  [1m[36mTRANSACTION (0.0ms)[0m  [1m[35mCOMMIT TRANSACTION /*application='Golbet'*/[0m
  ↳ app/services/knockout_bracket_builder.rb:24:in 'block (2 levels) in KnockoutBracketBuilder#build'
  [1m[36mTeam Count (0.0ms)[0m  [1m[34mSELECT COUNT(*) FROM "teams" WHERE "teams"."tournament_id" = 1 /*application='Golbet'*/[0m
  ↳ lib/tasks/golbet.rake:12:in 'block (2 levels) in <main>'
  [1m[36mMatch Count (0.0ms)[0m  [1m[34mSELECT COUNT(*) FROM "matches" WHERE "matches"."tournament_id" = 1 /*application='Golbet'*/[0m
  ↳ lib/tasks/golbet.rake:12:in 'block (2 levels) in <main>'
  [1m[36mMatch Count (0.0ms)[0m  [1m[34mSELECT COUNT(*) FROM "matches" WHERE "matches"."tournament_id" = 1 AND "matches"."stage" = 'group' /*application='Golbet'*/[0m
  ↳ lib/tasks/golbet.rake:13:in 'block (2 levels) in <main>'
  [1m[36mMatch Count (0.0ms)[0m  [1m[34mSELECT COUNT(*) FROM "matches" WHERE "matches"."tournament_id" = 1 AND "matches"."stage" != 'group' /*application='Golbet'*/[0m
  ↳ lib/tasks/golbet.rake:14:in 'block (2 levels) in <main>'
  [1m[36mTournament Load (0.1ms)[0m  [1m[34mSELECT "tournaments".* FROM "tournaments" ORDER BY "tournaments"."id" ASC LIMIT 1 /*application='Golbet'*/[0m
  ↳ lib/tasks/golbet.rake:4:in 'block (2 levels) in <main>'
  [1m[36mTeam Load (0.0ms)[0m  [1m[34mSELECT "teams".* FROM "teams" WHERE "teams"."tournament_id" = 1 AND "teams"."code" = 'ARG' LIMIT 1 /*application='Golbet'*/[0m
  ↳ app/services/fixture_importer.rb:25:in 'block in FixtureImporter#import_teams'
  [1m[36mTRANSACTION (0.0ms)[0m  [1m[35mBEGIN immediate TRANSACTION /*application='Golbet'*/[0m
  ↳ app/services/fixture_importer.rb:27:in 'block in FixtureImporter#import_teams'
  [1m[36mTRANSACTION (0.0ms)[0m  [1m[35mCOMMIT TRANSACTION /*application='Golbet'*/[0m
  ↳ app/services/fixture_importer.rb:27:in 'block in FixtureImporter#import_teams'
  [1m[36mTeam Load (0.0ms)[0m  [1m[34mSELECT "teams".* FROM "teams" WHERE "teams"."tournament_id" = 1 AND "teams"."code" = 'MEX' LIMIT 1 /*application='Golbet'*/[0m
  ↳ app/services/fixture_importer.rb:25:in 'block in FixtureImporter#import_teams'
  [1m[36mTeam Load (0.0ms)[0m  [1m[34mSELECT "teams".* FROM "teams" WHERE "teams"."tournament_id" = 1 AND "teams"."code" = 'BRA' LIMIT 1 /*application='Golbet'*/[0m
  ↳ app/services/fixture_importer.rb:25:in 'block in FixtureImporter#import_teams'
  [1m[36mTeam Load (0.0ms)[0m  [1m[34mSELECT "teams".* FROM "teams" WHERE "teams"."tournament_id" = 1 AND "teams"."code" = 'FRA' LIMIT 1 /*application='Golbet'*/[0m
  ↳ app/services/fixture_importer.rb:25:in 'block in FixtureImporter#import_teams'
  [1m[36mTeam Load (0.0ms)[0m  [1m[34mSELECT "teams".* FROM "teams" WHERE "teams"."tournament_id" = 1 /*application='Golbet'*/[0m
  ↳ app/services/fixture_importer.rb:34:in 'FixtureImporter#import_matches'
  [1m[36mMatch Load (0.0ms)[0m  [1m[34mSELECT "matches".* FROM "matches" WHERE "matches"."tournament_id" = 1 AND "matches"."stage" = 'group' AND "matches"."home_team_id" = 1 AND "matches"."away_team_id" = 2 LIMIT 1 /*application='Golbet'*/[0m
  ↳ app/services/fixture_importer.rb:42:in 'block in FixtureImporter#import_matches'
  [1m[36mMatch Load (0.0ms)[0m  [1m[34mSELECT "matches".* FROM "matches" WHERE "matches"."tournament_id" = 1 AND "matches"."stage" = 'group' AND "matches"."home_team_id" = 3 AND "matches"."away_team_id" = 4 LIMIT 1 /*application='Golbet'*/[0m
  ↳ app/services/fixture_importer.rb:42:in 'block in FixtureImporter#import_matches'
  [1m[36mMatch Load (0.0ms)[0m  [1m[34mSELECT "matches".* FROM "matches" WHERE "matches"."tournament_id" = 1 AND "matches"."stage" = 'round_of_32' AND "matches"."slot" = 1 LIMIT 1 /*application='Golbet'*/[0m
  ↳ app/services/knockout_bracket_builder.rb:17:in 'block (2 levels) in KnockoutBracketBuilder#build'
  [1m[36mMatch Load (0.0ms)[0m  [1m[34mSELECT "matches".* FROM "matches" WHERE "matches"."tournament_id" = 1 AND "matches"."stage" = 'round_of_32' AND "matches"."slot" = 2 LIMIT 1 /*application='Golbet'*/[0m
  ↳ app/services/knockout_bracket_builder.rb:17:in 'block (2 levels) in KnockoutBracketBuilder#build'
  [1m[36mMatch Load (0.0ms)[0m  [1m[34mSELECT "matches".* FROM "matches" WHERE "matches"."tournament_id" = 1 AND "matches"."stage" = 'round_of_32' AND "matches"."slot" = 3 LIMIT 1 /*application='Golbet'*/[0m
  ↳ app/services/knockout_bracket_builder.rb:17:in 'block (2 levels) in KnockoutBracketBuilder#build'
  [1m[36mMatch Load (0.0ms)[0m  [1m[34mSELECT "matches".* FROM "matches" WHERE "matches"."tournament_id" = 1 AND "matches"."stage" = 'round_of_32' AND "matches"."slot" = 4 LIMIT 1 /*application='Golbet'*/[0m
  ↳ app/services/knockout_bracket_builder.rb:17:in 'block (2 levels) in KnockoutBracketBuilder#build'
  [1m[36mMatch Load (0.0ms)[0m  [1m[34mSELECT "matches".* FROM "matches" WHERE "matches"."tournament_id" = 1 AND "matches"."stage" = 'round_of_32' AND "matches"."slot" = 5 LIMIT 1 /*application='Golbet'*/[0m
  ↳ app/services/knockout_bracket_builder.rb:17:in 'block (2 levels) in KnockoutBracketBuilder#build'
  [1m[36mMatch Load (0.0ms)[0m  [1m[34mSELECT "matches".* FROM "matches" WHERE "matches"."tournament_id" = 1 AND "matches"."stage" = 'round_of_32' AND "matches"."slot" = 6 LIMIT 1 /*application='Golbet'*/[0m
  ↳ app/services/knockout_bracket_builder.rb:17:in 'block (2 levels) in KnockoutBracketBuilder#build'
  [1m[36mMatch Load (0.0ms)[0m  [1m[34mSELECT "matches".* FROM "matches" WHERE "matches"."tournament_id" = 1 AND "matches"."stage" = 'round_of_32' AND "matches"."slot" = 7 LIMIT 1 /*application='Golbet'*/[0m
  ↳ app/services/knockout_bracket_builder.rb:17:in 'block (2 levels) in KnockoutBracketBuilder#build'
  [1m[36mMatch Load (0.0ms)[0m  [1m[34mSELECT "matches".* FROM "matches" WHERE "matches"."tournament_id" = 1 AND "matches"."stage" = 'round_of_32' AND "matches"."slot" = 8 LIMIT 1 /*application='Golbet'*/[0m
  ↳ app/services/knockout_bracket_builder.rb:17:in 'block (2 levels) in KnockoutBracketBuilder#build'
  [1m[36mMatch Load (0.0ms)[0m  [1m[34mSELECT "matches".* FROM "matches" WHERE "matches"."tournament_id" = 1 AND "matches"."stage" = 'round_of_32' AND "matches"."slot" = 9 LIMIT 1 /*application='Golbet'*/[0m
  ↳ app/services/knockout_bracket_builder.rb:17:in 'block (2 levels) in KnockoutBracketBuilder#build'
  [1m[36mMatch Load (0.0ms)[0m  [1m[34mSELECT "matches".* FROM "matches" WHERE "matches"."tournament_id" = 1 AND "matches"."stage" = 'round_of_32' AND "matches"."slot" = 10 LIMIT 1 /*application='Golbet'*/[0m
  ↳ app/services/knockout_bracket_builder.rb:17:in 'block (2 levels) in KnockoutBracketBuilder#build'
  [1m[36mMatch Load (0.0ms)[0m  [1m[34mSELECT "matches".* FROM "matches" WHERE "matches"."tournament_id" = 1 AND "matches"."stage" = 'round_of_32' AND "matches"."slot" = 11 LIMIT 1 /*application='Golbet'*/[0m
  ↳ app/services/knockout_bracket_builder.rb:17:in 'block (2 levels) in KnockoutBracketBuilder#build'
  [1m[36mMatch Load (0.0ms)[0m  [1m[34mSELECT "matches".* FROM "matches" WHERE "matches"."tournament_id" = 1 AND "matches"."stage" = 'round_of_32' AND "matches"."slot" = 12 LIMIT 1 /*application='Golbet'*/[0m
  ↳ app/services/knockout_bracket_builder.rb:17:in 'block (2 levels) in KnockoutBracketBuilder#build'
  [1m[36mMatch Load (0.0ms)[0m  [1m[34mSELECT "matches".* FROM "matches" WHERE "matches"."tournament_id" = 1 AND "matches"."stage" = 'round_of_32' AND "matches"."slot" = 13 LIMIT 1 /*application='Golbet'*/[0m
  ↳ app/services/knockout_bracket_builder.rb:17:in 'block (2 levels) in KnockoutBracketBuilder#build'
  [1m[36mMatch Load (0.0ms)[0m  [1m[34mSELECT "matches".* FROM "matches" WHERE "matches"."tournament_id" = 1 AND "matches"."stage" = 'round_of_32' AND "matches"."slot" = 14 LIMIT 1 /*application='Golbet'*/[0m
  ↳ app/services/knockout_bracket_builder.rb:17:in 'block (2 levels) in KnockoutBracketBuilder#build'
  [1m[36mMatch Load (0.0ms)[0m  [1m[34mSELECT "matches".* FROM "matches" WHERE "matches"."tournament_id" = 1 AND "matches"."stage" = 'round_of_32' AND "matches"."slot" = 15 LIMIT 1 /*application='Golbet'*/[0m
  ↳ app/services/knockout_bracket_builder.rb:17:in 'block (2 levels) in KnockoutBracketBuilder#build'
  [1m[36mMatch Load (0.0ms)[0m  [1m[34mSELECT "matches".* FROM "matches" WHERE "matches"."tournament_id" = 1 AND "matches"."stage" = 'round_of_32' AND "matches"."slot" = 16 LIMIT 1 /*application='Golbet'*/[0m
  ↳ app/services/knockout_bracket_builder.rb:17:in 'block (2 levels) in KnockoutBracketBuilder#build'
  [1m[36mMatch Load (0.0ms)[0m  [1m[34mSELECT "matches".* FROM "matches" WHERE "matches"."tournament_id" = 1 AND "matches"."stage" = 'round_of_16' AND "matches"."slot" = 1 LIMIT 1 /*application='Golbet'*/[0m
  ↳ app/services/knockout_bracket_builder.rb:17:in 'block (2 levels) in KnockoutBracketBuilder#build'
  [1m[36mMatch Load (0.0ms)[0m  [1m[34mSELECT "matches".* FROM "matches" WHERE "matches"."tournament_id" = 1 AND "matches"."stage" = 'round_of_16' AND "matches"."slot" = 2 LIMIT 1 /*application='Golbet'*/[0m
  ↳ app/services/knockout_bracket_builder.rb:17:in 'block (2 levels) in KnockoutBracketBuilder#build'
  [1m[36mMatch Load (0.0ms)[0m  [1m[34mSELECT "matches".* FROM "matches" WHERE "matches"."tournament_id" = 1 AND "matches"."stage" = 'round_of_16' AND "matches"."slot" = 3 LIMIT 1 /*application='Golbet'*/[0m
  ↳ app/services/knockout_bracket_builder.rb:17:in 'block (2 levels) in KnockoutBracketBuilder#build'
  [1m[36mMatch Load (0.0ms)[0m  [1m[34mSELECT "matches".* FROM "matches" WHERE "matches"."tournament_id" = 1 AND "matches"."stage" = 'round_of_16' AND "matches"."slot" = 4 LIMIT 1 /*application='Golbet'*/[0m
  ↳ app/services/knockout_bracket_builder.rb:17:in 'block (2 levels) in KnockoutBracketBuilder#build'
  [1m[36mMatch Load (0.0ms)[0m  [1m[34mSELECT "matches".* FROM "matches" WHERE "matches"."tournament_id" = 1 AND "matches"."stage" = 'round_of_16' AND "matches"."slot" = 5 LIMIT 1 /*application='Golbet'*/[0m
  ↳ app/services/knockout_bracket_builder.rb:17:in 'block (2 levels) in KnockoutBracketBuilder#build'
  [1m[36mMatch Load (0.0ms)[0m  [1m[34mSELECT "matches".* FROM "matches" WHERE "matches"."tournament_id" = 1 AND "matches"."stage" = 'round_of_16' AND "matches"."slot" = 6 LIMIT 1 /*application='Golbet'*/[0m
  ↳ app/services/knockout_bracket_builder.rb:17:in 'block (2 levels) in KnockoutBracketBuilder#build'
  [1m[36mMatch Load (0.0ms)[0m  [1m[34mSELECT "matches".* FROM "matches" WHERE "matches"."tournament_id" = 1 AND "matches"."stage" = 'round_of_16' AND "matches"."slot" = 7 LIMIT 1 /*application='Golbet'*/[0m
  ↳ app/services/knockout_bracket_builder.rb:17:in 'block (2 levels) in KnockoutBracketBuilder#build'
  [1m[36mMatch Load (0.0ms)[0m  [1m[34mSELECT "matches".* FROM "matches" WHERE "matches"."tournament_id" = 1 AND "matches"."stage" = 'round_of_16' AND "matches"."slot" = 8 LIMIT 1 /*application='Golbet'*/[0m
  ↳ app/services/knockout_bracket_builder.rb:17:in 'block (2 levels) in KnockoutBracketBuilder#build'
  [1m[36mMatch Load (0.0ms)[0m  [1m[34mSELECT "matches".* FROM "matches" WHERE "matches"."tournament_id" = 1 AND "matches"."stage" = 'quarter_final' AND "matches"."slot" = 1 LIMIT 1 /*application='Golbet'*/[0m
  ↳ app/services/knockout_bracket_builder.rb:17:in 'block (2 levels) in KnockoutBracketBuilder#build'
  [1m[36mMatch Load (0.0ms)[0m  [1m[34mSELECT "matches".* FROM "matches" WHERE "matches"."tournament_id" = 1 AND "matches"."stage" = 'quarter_final' AND "matches"."slot" = 2 LIMIT 1 /*application='Golbet'*/[0m
  ↳ app/services/knockout_bracket_builder.rb:17:in 'block (2 levels) in KnockoutBracketBuilder#build'
  [1m[36mMatch Load (0.0ms)[0m  [1m[34mSELECT "matches".* FROM "matches" WHERE "matches"."tournament_id" = 1 AND "matches"."stage" = 'quarter_final' AND "matches"."slot" = 3 LIMIT 1 /*application='Golbet'*/[0m
  ↳ app/services/knockout_bracket_builder.rb:17:in 'block (2 levels) in KnockoutBracketBuilder#build'
  [1m[36mMatch Load (0.0ms)[0m  [1m[34mSELECT "matches".* FROM "matches" WHERE "matches"."tournament_id" = 1 AND "matches"."stage" = 'quarter_final' AND "matches"."slot" = 4 LIMIT 1 /*application='Golbet'*/[0m
  ↳ app/services/knockout_bracket_builder.rb:17:in 'block (2 levels) in KnockoutBracketBuilder#build'
  [1m[36mMatch Load (0.0ms)[0m  [1m[34mSELECT "matches".* FROM "matches" WHERE "matches"."tournament_id" = 1 AND "matches"."stage" = 'semi_final' AND "matches"."slot" = 1 LIMIT 1 /*application='Golbet'*/[0m
  ↳ app/services/knockout_bracket_builder.rb:17:in 'block (2 levels) in KnockoutBracketBuilder#build'
  [1m[36mMatch Load (0.0ms)[0m  [1m[34mSELECT "matches".* FROM "matches" WHERE "matches"."tournament_id" = 1 AND "matches"."stage" = 'semi_final' AND "matches"."slot" = 2 LIMIT 1 /*application='Golbet'*/[0m
  ↳ app/services/knockout_bracket_builder.rb:17:in 'block (2 levels) in KnockoutBracketBuilder#build'
  [1m[36mMatch Load (0.0ms)[0m  [1m[34mSELECT "matches".* FROM "matches" WHERE "matches"."tournament_id" = 1 AND "matches"."stage" = 'third_place' AND "matches"."slot" = 1 LIMIT 1 /*application='Golbet'*/[0m
  ↳ app/services/knockout_bracket_builder.rb:17:in 'block (2 levels) in KnockoutBracketBuilder#build'
  [1m[36mMatch Load (0.0ms)[0m  [1m[34mSELECT "matches".* FROM "matches" WHERE "matches"."tournament_id" = 1 AND "matches"."stage" = 'final' AND "matches"."slot" = 1 LIMIT 1 /*application='Golbet'*/[0m
  ↳ app/services/knockout_bracket_builder.rb:17:in 'block (2 levels) in KnockoutBracketBuilder#build'
  [1m[36mTeam Count (0.0ms)[0m  [1m[34mSELECT COUNT(*) FROM "teams" WHERE "teams"."tournament_id" = 1 /*application='Golbet'*/[0m
  ↳ lib/tasks/golbet.rake:12:in 'block (2 levels) in <main>'
  [1m[36mMatch Count (0.0ms)[0m  [1m[34mSELECT COUNT(*) FROM "matches" WHERE "matches"."tournament_id" = 1 /*application='Golbet'*/[0m
  ↳ lib/tasks/golbet.rake:12:in 'block (2 levels) in <main>'
  [1m[36mMatch Count (0.0ms)[0m  [1m[34mSELECT COUNT(*) FROM "matches" WHERE "matches"."tournament_id" = 1 AND "matches"."stage" = 'group' /*application='Golbet'*/[0m
  ↳ lib/tasks/golbet.rake:13:in 'block (2 levels) in <main>'
  [1m[36mMatch Count (0.0ms)[0m  [1m[34mSELECT COUNT(*) FROM "matches" WHERE "matches"."tournament_id" = 1 AND "matches"."stage" != 'group' /*application='Golbet'*/[0m
  ↳ lib/tasks/golbet.rake:14:in 'block (2 levels) in <main>'
  [1m[36mTeam Count (0.6ms)[0m  [1m[34mSELECT COUNT(*) FROM "teams" /*application='Golbet'*/[0m
  [1m[36mMatch Count (0.0ms)[0m  [1m[34mSELECT COUNT(*) FROM "matches" /*application='Golbet'*/[0m
  [1m[36mTournament Load (0.0ms)[0m  [1m[34mSELECT "tournaments".* FROM "tournaments" ORDER BY "tournaments"."id" ASC LIMIT 1 /*application='Golbet'*/[0m
  [1m[36mTeam Load (0.0ms)[0m  [1m[34mSELECT "teams".* FROM "teams" WHERE "teams"."tournament_id" = 1 ORDER BY "teams"."id" ASC LIMIT 1 /*application='Golbet'*/[0m
  [1m[36mTRANSACTION (0.0ms)[0m  [1m[35mBEGIN immediate TRANSACTION /*application='Golbet'*/[0m
  [1m[36mMatch Create (0.4ms)[0m  [1m[32mINSERT INTO "matches" ("away_label", "away_score", "away_team_id", "created_at", "group", "home_label", "home_score", "home_team_id", "kickoff_at", "slot", "stage", "status", "tournament_id", "updated_at") VALUES ('Y', NULL, NULL, '2026-06-03 16:29:01.488890', NULL, 'X', NULL, 1, '2026-06-04 16:29:01.486546', 999, 'round_of_32', 'scheduled', 1, '2026-06-03 16:29:01.488890') RETURNING "id" /*application='Golbet'*/[0m
  [1m[36mTRANSACTION (0.3ms)[0m  [1m[35mCOMMIT TRANSACTION /*application='Golbet'*/[0m
  [1m[36mActiveRecord::SchemaMigration Load (0.0ms)[0m  [1m[34mSELECT "schema_migrations"."version" FROM "schema_migrations" ORDER BY "schema_migrations"."version" ASC /*application='Golbet'*/[0m
  [1m[36mActiveRecord::InternalMetadata Load (0.0ms)[0m  [1m[34mSELECT * FROM "ar_internal_metadata" WHERE "ar_internal_metadata"."key" = 'environment' ORDER BY "ar_internal_metadata"."key" ASC LIMIT 1 /*application='Golbet'*/[0m
  [1m[36mActiveRecord::SchemaMigration Load (0.0ms)[0m  [1m[34mSELECT "schema_migrations"."version" FROM "schema_migrations" ORDER BY "schema_migrations"."version" ASC /*application='Golbet'*/[0m
  [1m[36mActiveRecord::InternalMetadata Load (0.0ms)[0m  [1m[34mSELECT * FROM "ar_internal_metadata" WHERE "ar_internal_metadata"."key" = 'environment' ORDER BY "ar_internal_metadata"."key" ASC LIMIT 1 /*application='Golbet'*/[0m
  [1m[36mActiveRecord::SchemaMigration Load (0.0ms)[0m  [1m[34mSELECT "schema_migrations"."version" FROM "schema_migrations" ORDER BY "schema_migrations"."version" ASC /*application='Golbet'*/[0m
  [1m[36mActiveRecord::InternalMetadata Load (0.0ms)[0m  [1m[34mSELECT * FROM "ar_internal_metadata" WHERE "ar_internal_metadata"."key" = 'environment' ORDER BY "ar_internal_metadata"."key" ASC LIMIT 1 /*application='Golbet'*/[0m
  [1m[35m (0.3ms)[0m  [1m[35mDROP TABLE IF EXISTS "matches" /*application='Golbet'*/[0m
  [1m[35m (0.1ms)[0m  [1m[35mCREATE TABLE "matches" ("id" integer PRIMARY KEY AUTOINCREMENT NOT NULL, "away_label" varchar, "away_score" integer, "away_team_id" integer, "created_at" datetime(6) NOT NULL, "group" varchar, "home_label" varchar, "home_score" integer, "home_team_id" integer, "kickoff_at" datetime(6), "slot" integer, "stage" varchar DEFAULT 'group' NOT NULL, "status" varchar, "tournament_id" integer NOT NULL, "updated_at" datetime(6) NOT NULL) /*application='Golbet'*/[0m
  [1m[35m (0.1ms)[0m  [1m[35mCREATE INDEX "index_matches_on_away_team_id" ON "matches" ("away_team_id") /*application='Golbet'*/[0m
  [1m[35m (0.0ms)[0m  [1m[35mCREATE INDEX "index_matches_on_home_team_id" ON "matches" ("home_team_id") /*application='Golbet'*/[0m
  [1m[35m (0.0ms)[0m  [1m[35mCREATE INDEX "index_matches_on_tournament_id" ON "matches" ("tournament_id") /*application='Golbet'*/[0m
  [1m[35m (0.0ms)[0m  [1m[35mDROP TABLE IF EXISTS "players" /*application='Golbet'*/[0m
  [1m[35m (0.0ms)[0m  [1m[35mCREATE TABLE "players" ("id" integer PRIMARY KEY AUTOINCREMENT NOT NULL, "created_at" datetime(6) NOT NULL, "name" varchar, "session_token" varchar, "updated_at" datetime(6) NOT NULL) /*application='Golbet'*/[0m
  [1m[35m (0.0ms)[0m  [1m[35mCREATE UNIQUE INDEX "index_players_on_session_token" ON "players" ("session_token") /*application='Golbet'*/[0m
  [1m[35m (0.0ms)[0m  [1m[35mDROP TABLE IF EXISTS "predictions" /*application='Golbet'*/[0m
  [1m[35m (0.0ms)[0m  [1m[35mCREATE TABLE "predictions" ("id" integer PRIMARY KEY AUTOINCREMENT NOT NULL, "away_pred" integer, "created_at" datetime(6) NOT NULL, "home_pred" integer, "match_id" integer NOT NULL, "player_id" integer NOT NULL, "updated_at" datetime(6) NOT NULL) /*application='Golbet'*/[0m
  [1m[35m (0.0ms)[0m  [1m[35mCREATE INDEX "index_predictions_on_match_id" ON "predictions" ("match_id") /*application='Golbet'*/[0m
  [1m[35m (0.0ms)[0m  [1m[35mCREATE UNIQUE INDEX "index_predictions_on_player_id_and_match_id" ON "predictions" ("player_id", "match_id") /*application='Golbet'*/[0m
  [1m[35m (0.0ms)[0m  [1m[35mCREATE INDEX "index_predictions_on_player_id" ON "predictions" ("player_id") /*application='Golbet'*/[0m
  [1m[35m (0.0ms)[0m  [1m[35mDROP TABLE IF EXISTS "teams" /*application='Golbet'*/[0m
  [1m[35m (0.0ms)[0m  [1m[35mCREATE TABLE "teams" ("id" integer PRIMARY KEY AUTOINCREMENT NOT NULL, "code" varchar NOT NULL, "created_at" datetime(6) NOT NULL, "flag" varchar, "group" varchar NOT NULL, "name" varchar NOT NULL, "tournament_id" integer NOT NULL, "updated_at" datetime(6) NOT NULL) /*application='Golbet'*/[0m
  [1m[35m (0.0ms)[0m  [1m[35mCREATE UNIQUE INDEX "index_teams_on_tournament_id_and_code" ON "teams" ("tournament_id", "code") /*application='Golbet'*/[0m
  [1m[35m (0.0ms)[0m  [1m[35mCREATE INDEX "index_teams_on_tournament_id" ON "teams" ("tournament_id") /*application='Golbet'*/[0m
  [1m[35m (0.0ms)[0m  [1m[35mDROP TABLE IF EXISTS "tournaments" /*application='Golbet'*/[0m
  [1m[35m (0.0ms)[0m  [1m[35mCREATE TABLE "tournaments" ("id" integer PRIMARY KEY AUTOINCREMENT NOT NULL, "created_at" datetime(6) NOT NULL, "name" varchar, "updated_at" datetime(6) NOT NULL) /*application='Golbet'*/[0m
  [1m[35m (0.0ms)[0m  [1m[35mPRAGMA foreign_keys /*application='Golbet'*/[0m
  [1m[35m (0.0ms)[0m  [1m[35mPRAGMA defer_foreign_keys /*application='Golbet'*/[0m
  [1m[35m (0.0ms)[0m  [1m[35mPRAGMA defer_foreign_keys = ON /*application='Golbet'*/[0m
  [1m[35m (0.0ms)[0m  [1m[35mPRAGMA foreign_keys = OFF /*application='Golbet'*/[0m
  [1m[36mTRANSACTION (0.0ms)[0m  [1m[35mBEGIN immediate TRANSACTION /*application='Golbet'*/[0m
  [1m[35m (0.0ms)[0m  [1m[35mCREATE TEMPORARY TABLE "amatches" ("id" integer PRIMARY KEY AUTOINCREMENT NOT NULL, "away_label" varchar, "away_score" integer, "away_team_id" integer, "created_at" datetime(6) NOT NULL, "group" varchar, "home_label" varchar, "home_score" integer, "home_team_id" integer, "kickoff_at" datetime(6), "slot" integer, "stage" varchar DEFAULT 'group' NOT NULL, "status" varchar, "tournament_id" integer NOT NULL, "updated_at" datetime(6) NOT NULL) /*application='Golbet'*/[0m
  [1m[35m (0.0ms)[0m  [1m[35mCREATE INDEX "tindex_amatches_on_tournament_id" ON "amatches" ("tournament_id") /*application='Golbet'*/[0m
  [1m[35m (0.0ms)[0m  [1m[35mCREATE INDEX "tindex_amatches_on_home_team_id" ON "amatches" ("home_team_id") /*application='Golbet'*/[0m
  [1m[35m (0.0ms)[0m  [1m[35mCREATE INDEX "tindex_amatches_on_away_team_id" ON "amatches" ("away_team_id") /*application='Golbet'*/[0m
  [1m[35mSQL (0.0ms)[0m  [1m[32mINSERT INTO "amatches" ("id","away_label","away_score","away_team_id","created_at","group","home_label","home_score","home_team_id","kickoff_at","slot","stage","status","tournament_id","updated_at")
                     SELECT "id","away_label","away_score","away_team_id","created_at","group","home_label","home_score","home_team_id","kickoff_at","slot","stage","status","tournament_id","updated_at" FROM "matches" /*application='Golbet'*/[0m
  [1m[35m (0.0ms)[0m  [1m[35mDROP TABLE "matches" /*application='Golbet'*/[0m
  [1m[35m (0.0ms)[0m  [1m[35mCREATE TABLE "matches" ("id" integer PRIMARY KEY AUTOINCREMENT NOT NULL, "away_label" varchar, "away_score" integer, "away_team_id" integer, "created_at" datetime(6) NOT NULL, "group" varchar, "home_label" varchar, "home_score" integer, "home_team_id" integer, "kickoff_at" datetime(6), "slot" integer, "stage" varchar DEFAULT 'group' NOT NULL, "status" varchar, "tournament_id" integer NOT NULL, "updated_at" datetime(6) NOT NULL, CONSTRAINT "fk_rails_6a75121a9b"
FOREIGN KEY ("away_team_id")
  REFERENCES "teams" ("id")
) /*application='Golbet'*/[0m
  [1m[35m (0.0ms)[0m  [1m[35mCREATE INDEX "index_matches_on_away_team_id" ON "matches" ("away_team_id") /*application='Golbet'*/[0m
  [1m[35m (0.0ms)[0m  [1m[35mCREATE INDEX "index_matches_on_home_team_id" ON "matches" ("home_team_id") /*application='Golbet'*/[0m
  [1m[35m (0.0ms)[0m  [1m[35mCREATE INDEX "index_matches_on_tournament_id" ON "matches" ("tournament_id") /*application='Golbet'*/[0m
  [1m[35mSQL (0.0ms)[0m  [1m[32mINSERT INTO "matches" ("id","away_label","away_score","away_team_id","created_at","group","home_label","home_score","home_team_id","kickoff_at","slot","stage","status","tournament_id","updated_at")
                     SELECT "id","away_label","away_score","away_team_id","created_at","group","home_label","home_score","home_team_id","kickoff_at","slot","stage","status","tournament_id","updated_at" FROM "amatches" /*application='Golbet'*/[0m
  [1m[35m (0.0ms)[0m  [1m[35mDROP TABLE "amatches" /*application='Golbet'*/[0m
  [1m[36mTRANSACTION (0.1ms)[0m  [1m[35mCOMMIT TRANSACTION /*application='Golbet'*/[0m
  [1m[35m (0.0ms)[0m  [1m[35mPRAGMA defer_foreign_keys = 0 /*application='Golbet'*/[0m
  [1m[35m (0.0ms)[0m  [1m[35mPRAGMA foreign_keys = 1 /*application='Golbet'*/[0m
  [1m[35m (0.0ms)[0m  [1m[35mPRAGMA foreign_keys /*application='Golbet'*/[0m
  [1m[35m (0.0ms)[0m  [1m[35mPRAGMA defer_foreign_keys /*application='Golbet'*/[0m
  [1m[35m (0.0ms)[0m  [1m[35mPRAGMA defer_foreign_keys = ON /*application='Golbet'*/[0m
  [1m[35m (0.0ms)[0m  [1m[35mPRAGMA foreign_keys = OFF /*application='Golbet'*/[0m
  [1m[36mTRANSACTION (0.0ms)[0m  [1m[35mBEGIN immediate TRANSACTION /*application='Golbet'*/[0m
  [1m[35m (0.0ms)[0m  [1m[35mCREATE TEMPORARY TABLE "amatches" ("id" integer PRIMARY KEY AUTOINCREMENT NOT NULL, "away_label" varchar, "away_score" integer, "away_team_id" integer, "created_at" datetime(6) NOT NULL, "group" varchar, "home_label" varchar, "home_score" integer, "home_team_id" integer, "kickoff_at" datetime(6), "slot" integer, "stage" varchar DEFAULT 'group' NOT NULL, "status" varchar, "tournament_id" integer NOT NULL, "updated_at" datetime(6) NOT NULL) /*application='Golbet'*/[0m
  [1m[35m (0.0ms)[0m  [1m[35mCREATE INDEX "tindex_amatches_on_tournament_id" ON "amatches" ("tournament_id") /*application='Golbet'*/[0m
  [1m[35m (0.0ms)[0m  [1m[35mCREATE INDEX "tindex_amatches_on_home_team_id" ON "amatches" ("home_team_id") /*application='Golbet'*/[0m
  [1m[35m (0.0ms)[0m  [1m[35mCREATE INDEX "tindex_amatches_on_away_team_id" ON "amatches" ("away_team_id") /*application='Golbet'*/[0m
  [1m[35mSQL (0.0ms)[0m  [1m[32mINSERT INTO "amatches" ("id","away_label","away_score","away_team_id","created_at","group","home_label","home_score","home_team_id","kickoff_at","slot","stage","status","tournament_id","updated_at")
                     SELECT "id","away_label","away_score","away_team_id","created_at","group","home_label","home_score","home_team_id","kickoff_at","slot","stage","status","tournament_id","updated_at" FROM "matches" /*application='Golbet'*/[0m
  [1m[35m (0.0ms)[0m  [1m[35mDROP TABLE "matches" /*application='Golbet'*/[0m
  [1m[35m (0.0ms)[0m  [1m[35mCREATE TABLE "matches" ("id" integer PRIMARY KEY AUTOINCREMENT NOT NULL, "away_label" varchar, "away_score" integer, "away_team_id" integer, "created_at" datetime(6) NOT NULL, "group" varchar, "home_label" varchar, "home_score" integer, "home_team_id" integer, "kickoff_at" datetime(6), "slot" integer, "stage" varchar DEFAULT 'group' NOT NULL, "status" varchar, "tournament_id" integer NOT NULL, "updated_at" datetime(6) NOT NULL, CONSTRAINT "fk_rails_6a75121a9b"
FOREIGN KEY ("away_team_id")
  REFERENCES "teams" ("id")
, CONSTRAINT "fk_rails_4aed6bdf0d"
FOREIGN KEY ("home_team_id")
  REFERENCES "teams" ("id")
) /*application='Golbet'*/[0m
  [1m[35m (0.0ms)[0m  [1m[35mCREATE INDEX "index_matches_on_away_team_id" ON "matches" ("away_team_id") /*application='Golbet'*/[0m
  [1m[35m (0.0ms)[0m  [1m[35mCREATE INDEX "index_matches_on_home_team_id" ON "matches" ("home_team_id") /*application='Golbet'*/[0m
  [1m[35m (0.0ms)[0m  [1m[35mCREATE INDEX "index_matches_on_tournament_id" ON "matches" ("tournament_id") /*application='Golbet'*/[0m
  [1m[35mSQL (0.0ms)[0m  [1m[32mINSERT INTO "matches" ("id","away_label","away_score","away_team_id","created_at","group","home_label","home_score","home_team_id","kickoff_at","slot","stage","status","tournament_id","updated_at")
                     SELECT "id","away_label","away_score","away_team_id","created_at","group","home_label","home_score","home_team_id","kickoff_at","slot","stage","status","tournament_id","updated_at" FROM "amatches" /*application='Golbet'*/[0m
  [1m[35m (0.0ms)[0m  [1m[35mDROP TABLE "amatches" /*application='Golbet'*/[0m
  [1m[36mTRANSACTION (0.0ms)[0m  [1m[35mCOMMIT TRANSACTION /*application='Golbet'*/[0m
  [1m[35m (0.0ms)[0m  [1m[35mPRAGMA defer_foreign_keys = 0 /*application='Golbet'*/[0m
  [1m[35m (0.0ms)[0m  [1m[35mPRAGMA foreign_keys = 1 /*application='Golbet'*/[0m
  [1m[35m (0.0ms)[0m  [1m[35mPRAGMA foreign_keys /*application='Golbet'*/[0m
  [1m[35m (0.0ms)[0m  [1m[35mPRAGMA defer_foreign_keys /*application='Golbet'*/[0m
  [1m[35m (0.0ms)[0m  [1m[35mPRAGMA defer_foreign_keys = ON /*application='Golbet'*/[0m
  [1m[35m (0.0ms)[0m  [1m[35mPRAGMA foreign_keys = OFF /*application='Golbet'*/[0m
  [1m[36mTRANSACTION (0.0ms)[0m  [1m[35mBEGIN immediate TRANSACTION /*application='Golbet'*/[0m
  [1m[35m (0.0ms)[0m  [1m[35mCREATE TEMPORARY TABLE "amatches" ("id" integer PRIMARY KEY AUTOINCREMENT NOT NULL, "away_label" varchar, "away_score" integer, "away_team_id" integer, "created_at" datetime(6) NOT NULL, "group" varchar, "home_label" varchar, "home_score" integer, "home_team_id" integer, "kickoff_at" datetime(6), "slot" integer, "stage" varchar DEFAULT 'group' NOT NULL, "status" varchar, "tournament_id" integer NOT NULL, "updated_at" datetime(6) NOT NULL) /*application='Golbet'*/[0m
  [1m[35m (0.0ms)[0m  [1m[35mCREATE INDEX "tindex_amatches_on_tournament_id" ON "amatches" ("tournament_id") /*application='Golbet'*/[0m
  [1m[35m (0.0ms)[0m  [1m[35mCREATE INDEX "tindex_amatches_on_home_team_id" ON "amatches" ("home_team_id") /*application='Golbet'*/[0m
  [1m[35m (0.0ms)[0m  [1m[35mCREATE INDEX "tindex_amatches_on_away_team_id" ON "amatches" ("away_team_id") /*application='Golbet'*/[0m
  [1m[35mSQL (0.0ms)[0m  [1m[32mINSERT INTO "amatches" ("id","away_label","away_score","away_team_id","created_at","group","home_label","home_score","home_team_id","kickoff_at","slot","stage","status","tournament_id","updated_at")
                     SELECT "id","away_label","away_score","away_team_id","created_at","group","home_label","home_score","home_team_id","kickoff_at","slot","stage","status","tournament_id","updated_at" FROM "matches" /*application='Golbet'*/[0m
  [1m[35m (0.0ms)[0m  [1m[35mDROP TABLE "matches" /*application='Golbet'*/[0m
  [1m[35m (0.0ms)[0m  [1m[35mCREATE TABLE "matches" ("id" integer PRIMARY KEY AUTOINCREMENT NOT NULL, "away_label" varchar, "away_score" integer, "away_team_id" integer, "created_at" datetime(6) NOT NULL, "group" varchar, "home_label" varchar, "home_score" integer, "home_team_id" integer, "kickoff_at" datetime(6), "slot" integer, "stage" varchar DEFAULT 'group' NOT NULL, "status" varchar, "tournament_id" integer NOT NULL, "updated_at" datetime(6) NOT NULL, CONSTRAINT "fk_rails_4aed6bdf0d"
FOREIGN KEY ("home_team_id")
  REFERENCES "teams" ("id")
, CONSTRAINT "fk_rails_6a75121a9b"
FOREIGN KEY ("away_team_id")
  REFERENCES "teams" ("id")
, CONSTRAINT "fk_rails_700eaa2935"
FOREIGN KEY ("tournament_id")
  REFERENCES "tournaments" ("id")
) /*application='Golbet'*/[0m
  [1m[35m (0.0ms)[0m  [1m[35mCREATE INDEX "index_matches_on_away_team_id" ON "matches" ("away_team_id") /*application='Golbet'*/[0m
  [1m[35m (0.0ms)[0m  [1m[35mCREATE INDEX "index_matches_on_home_team_id" ON "matches" ("home_team_id") /*application='Golbet'*/[0m
  [1m[35m (0.0ms)[0m  [1m[35mCREATE INDEX "index_matches_on_tournament_id" ON "matches" ("tournament_id") /*application='Golbet'*/[0m
  [1m[35mSQL (0.0ms)[0m  [1m[32mINSERT INTO "matches" ("id","away_label","away_score","away_team_id","created_at","group","home_label","home_score","home_team_id","kickoff_at","slot","stage","status","tournament_id","updated_at")
                     SELECT "id","away_label","away_score","away_team_id","created_at","group","home_label","home_score","home_team_id","kickoff_at","slot","stage","status","tournament_id","updated_at" FROM "amatches" /*application='Golbet'*/[0m
  [1m[35m (0.0ms)[0m  [1m[35mDROP TABLE "amatches" /*application='Golbet'*/[0m
  [1m[36mTRANSACTION (0.0ms)[0m  [1m[35mCOMMIT TRANSACTION /*application='Golbet'*/[0m
  [1m[35m (0.0ms)[0m  [1m[35mPRAGMA defer_foreign_keys = 0 /*application='Golbet'*/[0m
  [1m[35m (0.0ms)[0m  [1m[35mPRAGMA foreign_keys = 1 /*application='Golbet'*/[0m
  [1m[35m (0.0ms)[0m  [1m[35mPRAGMA foreign_keys /*application='Golbet'*/[0m
  [1m[35m (0.0ms)[0m  [1m[35mPRAGMA defer_foreign_keys /*application='Golbet'*/[0m
  [1m[35m (0.0ms)[0m  [1m[35mPRAGMA defer_foreign_keys = ON /*application='Golbet'*/[0m
  [1m[35m (0.0ms)[0m  [1m[35mPRAGMA foreign_keys = OFF /*application='Golbet'*/[0m
  [1m[36mTRANSACTION (0.0ms)[0m  [1m[35mBEGIN immediate TRANSACTION /*application='Golbet'*/[0m
  [1m[35m (0.0ms)[0m  [1m[35mCREATE TEMPORARY TABLE "apredictions" ("id" integer PRIMARY KEY AUTOINCREMENT NOT NULL, "away_pred" integer, "created_at" datetime(6) NOT NULL, "home_pred" integer, "match_id" integer NOT NULL, "player_id" integer NOT NULL, "updated_at" datetime(6) NOT NULL) /*application='Golbet'*/[0m
  [1m[35m (0.0ms)[0m  [1m[35mCREATE INDEX "tindex_apredictions_on_player_id" ON "apredictions" ("player_id") /*application='Golbet'*/[0m
  [1m[35m (0.0ms)[0m  [1m[35mCREATE UNIQUE INDEX "tindex_apredictions_on_player_id_and_match_id" ON "apredictions" ("player_id", "match_id") /*application='Golbet'*/[0m
  [1m[35m (0.0ms)[0m  [1m[35mCREATE INDEX "tindex_apredictions_on_match_id" ON "apredictions" ("match_id") /*application='Golbet'*/[0m
  [1m[35mSQL (0.0ms)[0m  [1m[32mINSERT INTO "apredictions" ("id","away_pred","created_at","home_pred","match_id","player_id","updated_at")
                     SELECT "id","away_pred","created_at","home_pred","match_id","player_id","updated_at" FROM "predictions" /*application='Golbet'*/[0m
  [1m[35m (0.0ms)[0m  [1m[35mDROP TABLE "predictions" /*application='Golbet'*/[0m
  [1m[35m (0.0ms)[0m  [1m[35mCREATE TABLE "predictions" ("id" integer PRIMARY KEY AUTOINCREMENT NOT NULL, "away_pred" integer, "created_at" datetime(6) NOT NULL, "home_pred" integer, "match_id" integer NOT NULL, "player_id" integer NOT NULL, "updated_at" datetime(6) NOT NULL, CONSTRAINT "fk_rails_efbcaaab9d"
FOREIGN KEY ("match_id")
  REFERENCES "matches" ("id")
) /*application='Golbet'*/[0m
  [1m[35m (0.0ms)[0m  [1m[35mCREATE INDEX "index_predictions_on_match_id" ON "predictions" ("match_id") /*application='Golbet'*/[0m
  [1m[35m (0.0ms)[0m  [1m[35mCREATE UNIQUE INDEX "index_predictions_on_player_id_and_match_id" ON "predictions" ("player_id", "match_id") /*application='Golbet'*/[0m
  [1m[35m (0.0ms)[0m  [1m[35mCREATE INDEX "index_predictions_on_player_id" ON "predictions" ("player_id") /*application='Golbet'*/[0m
  [1m[35mSQL (0.0ms)[0m  [1m[32mINSERT INTO "predictions" ("id","away_pred","created_at","home_pred","match_id","player_id","updated_at")
                     SELECT "id","away_pred","created_at","home_pred","match_id","player_id","updated_at" FROM "apredictions" /*application='Golbet'*/[0m
  [1m[35m (0.0ms)[0m  [1m[35mDROP TABLE "apredictions" /*application='Golbet'*/[0m
  [1m[36mTRANSACTION (0.0ms)[0m  [1m[35mCOMMIT TRANSACTION /*application='Golbet'*/[0m
  [1m[35m (0.0ms)[0m  [1m[35mPRAGMA defer_foreign_keys = 0 /*application='Golbet'*/[0m
  [1m[35m (0.0ms)[0m  [1m[35mPRAGMA foreign_keys = 1 /*application='Golbet'*/[0m
  [1m[35m (0.0ms)[0m  [1m[35mPRAGMA foreign_keys /*application='Golbet'*/[0m
  [1m[35m (0.0ms)[0m  [1m[35mPRAGMA defer_foreign_keys /*application='Golbet'*/[0m
  [1m[35m (0.0ms)[0m  [1m[35mPRAGMA defer_foreign_keys = ON /*application='Golbet'*/[0m
  [1m[35m (0.0ms)[0m  [1m[35mPRAGMA foreign_keys = OFF /*application='Golbet'*/[0m
  [1m[36mTRANSACTION (0.0ms)[0m  [1m[35mBEGIN immediate TRANSACTION /*application='Golbet'*/[0m
  [1m[35m (0.0ms)[0m  [1m[35mCREATE TEMPORARY TABLE "apredictions" ("id" integer PRIMARY KEY AUTOINCREMENT NOT NULL, "away_pred" integer, "created_at" datetime(6) NOT NULL, "home_pred" integer, "match_id" integer NOT NULL, "player_id" integer NOT NULL, "updated_at" datetime(6) NOT NULL) /*application='Golbet'*/[0m
  [1m[35m (0.0ms)[0m  [1m[35mCREATE INDEX "tindex_apredictions_on_player_id" ON "apredictions" ("player_id") /*application='Golbet'*/[0m
  [1m[35m (0.0ms)[0m  [1m[35mCREATE UNIQUE INDEX "tindex_apredictions_on_player_id_and_match_id" ON "apredictions" ("player_id", "match_id") /*application='Golbet'*/[0m
  [1m[35m (0.3ms)[0m  [1m[35mCREATE INDEX "tindex_apredictions_on_match_id" ON "apredictions" ("match_id") /*application='Golbet'*/[0m
  [1m[35mSQL (0.0ms)[0m  [1m[32mINSERT INTO "apredictions" ("id","away_pred","created_at","home_pred","match_id","player_id","updated_at")
                     SELECT "id","away_pred","created_at","home_pred","match_id","player_id","updated_at" FROM "predictions" /*application='Golbet'*/[0m
  [1m[35m (0.0ms)[0m  [1m[35mDROP TABLE "predictions" /*application='Golbet'*/[0m
  [1m[35m (0.0ms)[0m  [1m[35mCREATE TABLE "predictions" ("id" integer PRIMARY KEY AUTOINCREMENT NOT NULL, "away_pred" integer, "created_at" datetime(6) NOT NULL, "home_pred" integer, "match_id" integer NOT NULL, "player_id" integer NOT NULL, "updated_at" datetime(6) NOT NULL, CONSTRAINT "fk_rails_efbcaaab9d"
FOREIGN KEY ("match_id")
  REFERENCES "matches" ("id")
, CONSTRAINT "fk_rails_d93e8b22fe"
FOREIGN KEY ("player_id")
  REFERENCES "players" ("id")
) /*application='Golbet'*/[0m
  [1m[35m (0.0ms)[0m  [1m[35mCREATE INDEX "index_predictions_on_match_id" ON "predictions" ("match_id") /*application='Golbet'*/[0m
  [1m[35m (0.0ms)[0m  [1m[35mCREATE UNIQUE INDEX "index_predictions_on_player_id_and_match_id" ON "predictions" ("player_id", "match_id") /*application='Golbet'*/[0m
  [1m[35m (0.0ms)[0m  [1m[35mCREATE INDEX "index_predictions_on_player_id" ON "predictions" ("player_id") /*application='Golbet'*/[0m
  [1m[35mSQL (0.0ms)[0m  [1m[32mINSERT INTO "predictions" ("id","away_pred","created_at","home_pred","match_id","player_id","updated_at")
                     SELECT "id","away_pred","created_at","home_pred","match_id","player_id","updated_at" FROM "apredictions" /*application='Golbet'*/[0m
  [1m[35m (0.0ms)[0m  [1m[35mDROP TABLE "apredictions" /*application='Golbet'*/[0m
  [1m[36mTRANSACTION (0.0ms)[0m  [1m[35mCOMMIT TRANSACTION /*application='Golbet'*/[0m
  [1m[35m (0.0ms)[0m  [1m[35mPRAGMA defer_foreign_keys = 0 /*application='Golbet'*/[0m
  [1m[35m (0.0ms)[0m  [1m[35mPRAGMA foreign_keys = 1 /*application='Golbet'*/[0m
  [1m[35m (0.0ms)[0m  [1m[35mPRAGMA foreign_keys /*application='Golbet'*/[0m
  [1m[35m (0.0ms)[0m  [1m[35mPRAGMA defer_foreign_keys /*application='Golbet'*/[0m
  [1m[35m (0.0ms)[0m  [1m[35mPRAGMA defer_foreign_keys = ON /*application='Golbet'*/[0m
  [1m[35m (0.0ms)[0m  [1m[35mPRAGMA foreign_keys = OFF /*application='Golbet'*/[0m
  [1m[36mTRANSACTION (0.0ms)[0m  [1m[35mBEGIN immediate TRANSACTION /*application='Golbet'*/[0m
  [1m[35m (0.0ms)[0m  [1m[35mCREATE TEMPORARY TABLE "ateams" ("id" integer PRIMARY KEY AUTOINCREMENT NOT NULL, "code" varchar NOT NULL, "created_at" datetime(6) NOT NULL, "flag" varchar, "group" varchar NOT NULL, "name" varchar NOT NULL, "tournament_id" integer NOT NULL, "updated_at" datetime(6) NOT NULL) /*application='Golbet'*/[0m
  [1m[35m (0.0ms)[0m  [1m[35mCREATE INDEX "tindex_ateams_on_tournament_id" ON "ateams" ("tournament_id") /*application='Golbet'*/[0m
  [1m[35m (0.0ms)[0m  [1m[35mCREATE UNIQUE INDEX "tindex_ateams_on_tournament_id_and_code" ON "ateams" ("tournament_id", "code") /*application='Golbet'*/[0m
  [1m[35mSQL (0.0ms)[0m  [1m[32mINSERT INTO "ateams" ("id","code","created_at","flag","group","name","tournament_id","updated_at")
                     SELECT "id","code","created_at","flag","group","name","tournament_id","updated_at" FROM "teams" /*application='Golbet'*/[0m
  [1m[35m (0.0ms)[0m  [1m[35mDROP TABLE "teams" /*application='Golbet'*/[0m
  [1m[35m (0.0ms)[0m  [1m[35mCREATE TABLE "teams" ("id" integer PRIMARY KEY AUTOINCREMENT NOT NULL, "code" varchar NOT NULL, "created_at" datetime(6) NOT NULL, "flag" varchar, "group" varchar NOT NULL, "name" varchar NOT NULL, "tournament_id" integer NOT NULL, "updated_at" datetime(6) NOT NULL, CONSTRAINT "fk_rails_0e7ea9f0de"
FOREIGN KEY ("tournament_id")
  REFERENCES "tournaments" ("id")
) /*application='Golbet'*/[0m
  [1m[35m (0.0ms)[0m  [1m[35mCREATE UNIQUE INDEX "index_teams_on_tournament_id_and_code" ON "teams" ("tournament_id", "code") /*application='Golbet'*/[0m
  [1m[35m (0.0ms)[0m  [1m[35mCREATE INDEX "index_teams_on_tournament_id" ON "teams" ("tournament_id") /*application='Golbet'*/[0m
  [1m[35mSQL (0.0ms)[0m  [1m[32mINSERT INTO "teams" ("id","code","created_at","flag","group","name","tournament_id","updated_at")
                     SELECT "id","code","created_at","flag","group","name","tournament_id","updated_at" FROM "ateams" /*application='Golbet'*/[0m
  [1m[35m (0.0ms)[0m  [1m[35mDROP TABLE "ateams" /*application='Golbet'*/[0m
  [1m[36mTRANSACTION (0.0ms)[0m  [1m[35mCOMMIT TRANSACTION /*application='Golbet'*/[0m
  [1m[35m (0.0ms)[0m  [1m[35mPRAGMA defer_foreign_keys = 0 /*application='Golbet'*/[0m
  [1m[35m (0.0ms)[0m  [1m[35mPRAGMA foreign_keys = 1 /*application='Golbet'*/[0m
  [1m[35m (0.0ms)[0m  [1m[35mCREATE TABLE "schema_migrations" ("version" varchar NOT NULL PRIMARY KEY) /*application='Golbet'*/[0m
  [1m[36mActiveRecord::SchemaMigration Load (0.0ms)[0m  [1m[34mSELECT "schema_migrations"."version" FROM "schema_migrations" ORDER BY "schema_migrations"."version" ASC /*application='Golbet'*/[0m
  [1m[35m (0.0ms)[0m  [1m[32mINSERT INTO "schema_migrations" (version) VALUES (20260603140644) /*application='Golbet'*/[0m
  [1m[35m (0.0ms)[0m  [1m[32mINSERT INTO "schema_migrations" (version) VALUES
(20260603140626),
(20260602040055),
(20260602040004),
(20260602035633),
(20260602035258),
(20260602035255); /*application='Golbet'*/[0m
  [1m[35m (0.1ms)[0m  [1m[35mCREATE TABLE "ar_internal_metadata" ("key" varchar NOT NULL PRIMARY KEY, "value" varchar, "created_at" datetime(6) NOT NULL, "updated_at" datetime(6) NOT NULL) /*application='Golbet'*/[0m
  [1m[36mActiveRecord::InternalMetadata Load (0.0ms)[0m  [1m[34mSELECT * FROM "ar_internal_metadata" WHERE "ar_internal_metadata"."key" = 'environment' ORDER BY "ar_internal_metadata"."key" ASC LIMIT 1 /*application='Golbet'*/[0m
  [1m[36mActiveRecord::InternalMetadata Create (0.0ms)[0m  [1m[32mINSERT INTO "ar_internal_metadata" ("key", "value", "created_at", "updated_at") VALUES ('environment', 'development', '2026-06-03 16:32:41.157245', '2026-06-03 16:32:41.157246') RETURNING "key" /*application='Golbet'*/[0m
  [1m[36mActiveRecord::InternalMetadata Load (0.0ms)[0m  [1m[34mSELECT * FROM "ar_internal_metadata" WHERE "ar_internal_metadata"."key" = 'environment' ORDER BY "ar_internal_metadata"."key" ASC LIMIT 1 /*application='Golbet'*/[0m
  [1m[36mActiveRecord::InternalMetadata Load (0.0ms)[0m  [1m[34mSELECT * FROM "ar_internal_metadata" WHERE "ar_internal_metadata"."key" = 'schema_sha1' ORDER BY "ar_internal_metadata"."key" ASC LIMIT 1 /*application='Golbet'*/[0m
  [1m[36mActiveRecord::InternalMetadata Create (0.0ms)[0m  [1m[32mINSERT INTO "ar_internal_metadata" ("key", "value", "created_at", "updated_at") VALUES ('schema_sha1', '4ec64053e2a207e290752b08346f32257691574d', '2026-06-03 16:32:41.157951', '2026-06-03 16:32:41.157951') RETURNING "key" /*application='Golbet'*/[0m
  [1m[35m (0.3ms)[0m  [1m[35mDROP TABLE IF EXISTS "matches" /*application='Golbet'*/[0m
  [1m[35m (0.1ms)[0m  [1m[35mCREATE TABLE "matches" ("id" integer PRIMARY KEY AUTOINCREMENT NOT NULL, "away_label" varchar, "away_score" integer, "away_team_id" integer, "created_at" datetime(6) NOT NULL, "group" varchar, "home_label" varchar, "home_score" integer, "home_team_id" integer, "kickoff_at" datetime(6), "slot" integer, "stage" varchar DEFAULT 'group' NOT NULL, "status" varchar, "tournament_id" integer NOT NULL, "updated_at" datetime(6) NOT NULL) /*application='Golbet'*/[0m
  [1m[35m (0.0ms)[0m  [1m[35mCREATE INDEX "index_matches_on_away_team_id" ON "matches" ("away_team_id") /*application='Golbet'*/[0m
  [1m[35m (0.0ms)[0m  [1m[35mCREATE INDEX "index_matches_on_home_team_id" ON "matches" ("home_team_id") /*application='Golbet'*/[0m
  [1m[35m (0.0ms)[0m  [1m[35mCREATE INDEX "index_matches_on_tournament_id" ON "matches" ("tournament_id") /*application='Golbet'*/[0m
  [1m[35m (0.0ms)[0m  [1m[35mDROP TABLE IF EXISTS "players" /*application='Golbet'*/[0m
  [1m[35m (0.0ms)[0m  [1m[35mCREATE TABLE "players" ("id" integer PRIMARY KEY AUTOINCREMENT NOT NULL, "created_at" datetime(6) NOT NULL, "name" varchar, "session_token" varchar, "updated_at" datetime(6) NOT NULL) /*application='Golbet'*/[0m
  [1m[35m (0.0ms)[0m  [1m[35mCREATE UNIQUE INDEX "index_players_on_session_token" ON "players" ("session_token") /*application='Golbet'*/[0m
  [1m[35m (0.0ms)[0m  [1m[35mDROP TABLE IF EXISTS "predictions" /*application='Golbet'*/[0m
  [1m[35m (0.0ms)[0m  [1m[35mCREATE TABLE "predictions" ("id" integer PRIMARY KEY AUTOINCREMENT NOT NULL, "away_pred" integer, "created_at" datetime(6) NOT NULL, "home_pred" integer, "match_id" integer NOT NULL, "player_id" integer NOT NULL, "updated_at" datetime(6) NOT NULL) /*application='Golbet'*/[0m
  [1m[35m (0.0ms)[0m  [1m[35mCREATE INDEX "index_predictions_on_match_id" ON "predictions" ("match_id") /*application='Golbet'*/[0m
  [1m[35m (0.0ms)[0m  [1m[35mCREATE UNIQUE INDEX "index_predictions_on_player_id_and_match_id" ON "predictions" ("player_id", "match_id") /*application='Golbet'*/[0m
  [1m[35m (0.0ms)[0m  [1m[35mCREATE INDEX "index_predictions_on_player_id" ON "predictions" ("player_id") /*application='Golbet'*/[0m
  [1m[35m (0.0ms)[0m  [1m[35mDROP TABLE IF EXISTS "teams" /*application='Golbet'*/[0m
  [1m[35m (0.0ms)[0m  [1m[35mCREATE TABLE "teams" ("id" integer PRIMARY KEY AUTOINCREMENT NOT NULL, "code" varchar NOT NULL, "created_at" datetime(6) NOT NULL, "flag" varchar, "group" varchar NOT NULL, "name" varchar NOT NULL, "tournament_id" integer NOT NULL, "updated_at" datetime(6) NOT NULL) /*application='Golbet'*/[0m
  [1m[35m (0.0ms)[0m  [1m[35mCREATE UNIQUE INDEX "index_teams_on_tournament_id_and_code" ON "teams" ("tournament_id", "code") /*application='Golbet'*/[0m
  [1m[35m (0.0ms)[0m  [1m[35mCREATE INDEX "index_teams_on_tournament_id" ON "teams" ("tournament_id") /*application='Golbet'*/[0m
  [1m[35m (0.0ms)[0m  [1m[35mDROP TABLE IF EXISTS "tournaments" /*application='Golbet'*/[0m
  [1m[35m (0.0ms)[0m  [1m[35mCREATE TABLE "tournaments" ("id" integer PRIMARY KEY AUTOINCREMENT NOT NULL, "created_at" datetime(6) NOT NULL, "name" varchar, "updated_at" datetime(6) NOT NULL) /*application='Golbet'*/[0m
  [1m[35m (0.0ms)[0m  [1m[35mPRAGMA foreign_keys /*application='Golbet'*/[0m
  [1m[35m (0.0ms)[0m  [1m[35mPRAGMA defer_foreign_keys /*application='Golbet'*/[0m
  [1m[35m (0.0ms)[0m  [1m[35mPRAGMA defer_foreign_keys = ON /*application='Golbet'*/[0m
  [1m[35m (0.0ms)[0m  [1m[35mPRAGMA foreign_keys = OFF /*application='Golbet'*/[0m
  [1m[36mTRANSACTION (0.0ms)[0m  [1m[35mBEGIN immediate TRANSACTION /*application='Golbet'*/[0m
  [1m[35m (0.0ms)[0m  [1m[35mCREATE TEMPORARY TABLE "amatches" ("id" integer PRIMARY KEY AUTOINCREMENT NOT NULL, "away_label" varchar, "away_score" integer, "away_team_id" integer, "created_at" datetime(6) NOT NULL, "group" varchar, "home_label" varchar, "home_score" integer, "home_team_id" integer, "kickoff_at" datetime(6), "slot" integer, "stage" varchar DEFAULT 'group' NOT NULL, "status" varchar, "tournament_id" integer NOT NULL, "updated_at" datetime(6) NOT NULL) /*application='Golbet'*/[0m
  [1m[35m (0.0ms)[0m  [1m[35mCREATE INDEX "tindex_amatches_on_tournament_id" ON "amatches" ("tournament_id") /*application='Golbet'*/[0m
  [1m[35m (0.0ms)[0m  [1m[35mCREATE INDEX "tindex_amatches_on_home_team_id" ON "amatches" ("home_team_id") /*application='Golbet'*/[0m
  [1m[35m (0.0ms)[0m  [1m[35mCREATE INDEX "tindex_amatches_on_away_team_id" ON "amatches" ("away_team_id") /*application='Golbet'*/[0m
  [1m[35mSQL (0.0ms)[0m  [1m[32mINSERT INTO "amatches" ("id","away_label","away_score","away_team_id","created_at","group","home_label","home_score","home_team_id","kickoff_at","slot","stage","status","tournament_id","updated_at")
                     SELECT "id","away_label","away_score","away_team_id","created_at","group","home_label","home_score","home_team_id","kickoff_at","slot","stage","status","tournament_id","updated_at" FROM "matches" /*application='Golbet'*/[0m
  [1m[35m (0.0ms)[0m  [1m[35mDROP TABLE "matches" /*application='Golbet'*/[0m
  [1m[35m (0.0ms)[0m  [1m[35mCREATE TABLE "matches" ("id" integer PRIMARY KEY AUTOINCREMENT NOT NULL, "away_label" varchar, "away_score" integer, "away_team_id" integer, "created_at" datetime(6) NOT NULL, "group" varchar, "home_label" varchar, "home_score" integer, "home_team_id" integer, "kickoff_at" datetime(6), "slot" integer, "stage" varchar DEFAULT 'group' NOT NULL, "status" varchar, "tournament_id" integer NOT NULL, "updated_at" datetime(6) NOT NULL, CONSTRAINT "fk_rails_6a75121a9b"
FOREIGN KEY ("away_team_id")
  REFERENCES "teams" ("id")
) /*application='Golbet'*/[0m
  [1m[35m (0.0ms)[0m  [1m[35mCREATE INDEX "index_matches_on_away_team_id" ON "matches" ("away_team_id") /*application='Golbet'*/[0m
  [1m[35m (0.0ms)[0m  [1m[35mCREATE INDEX "index_matches_on_home_team_id" ON "matches" ("home_team_id") /*application='Golbet'*/[0m
  [1m[35m (0.0ms)[0m  [1m[35mCREATE INDEX "index_matches_on_tournament_id" ON "matches" ("tournament_id") /*application='Golbet'*/[0m
  [1m[35mSQL (0.0ms)[0m  [1m[32mINSERT INTO "matches" ("id","away_label","away_score","away_team_id","created_at","group","home_label","home_score","home_team_id","kickoff_at","slot","stage","status","tournament_id","updated_at")
                     SELECT "id","away_label","away_score","away_team_id","created_at","group","home_label","home_score","home_team_id","kickoff_at","slot","stage","status","tournament_id","updated_at" FROM "amatches" /*application='Golbet'*/[0m
  [1m[35m (0.0ms)[0m  [1m[35mDROP TABLE "amatches" /*application='Golbet'*/[0m
  [1m[36mTRANSACTION (0.0ms)[0m  [1m[35mCOMMIT TRANSACTION /*application='Golbet'*/[0m
  [1m[35m (0.0ms)[0m  [1m[35mPRAGMA defer_foreign_keys = 0 /*application='Golbet'*/[0m
  [1m[35m (0.0ms)[0m  [1m[35mPRAGMA foreign_keys = 1 /*application='Golbet'*/[0m
  [1m[35m (0.0ms)[0m  [1m[35mPRAGMA foreign_keys /*application='Golbet'*/[0m
  [1m[35m (0.0ms)[0m  [1m[35mPRAGMA defer_foreign_keys /*application='Golbet'*/[0m
  [1m[35m (0.0ms)[0m  [1m[35mPRAGMA defer_foreign_keys = ON /*application='Golbet'*/[0m
  [1m[35m (0.0ms)[0m  [1m[35mPRAGMA foreign_keys = OFF /*application='Golbet'*/[0m
  [1m[36mTRANSACTION (0.0ms)[0m  [1m[35mBEGIN immediate TRANSACTION /*application='Golbet'*/[0m
  [1m[35m (0.0ms)[0m  [1m[35mCREATE TEMPORARY TABLE "amatches" ("id" integer PRIMARY KEY AUTOINCREMENT NOT NULL, "away_label" varchar, "away_score" integer, "away_team_id" integer, "created_at" datetime(6) NOT NULL, "group" varchar, "home_label" varchar, "home_score" integer, "home_team_id" integer, "kickoff_at" datetime(6), "slot" integer, "stage" varchar DEFAULT 'group' NOT NULL, "status" varchar, "tournament_id" integer NOT NULL, "updated_at" datetime(6) NOT NULL) /*application='Golbet'*/[0m
  [1m[35m (0.0ms)[0m  [1m[35mCREATE INDEX "tindex_amatches_on_tournament_id" ON "amatches" ("tournament_id") /*application='Golbet'*/[0m
  [1m[35m (0.0ms)[0m  [1m[35mCREATE INDEX "tindex_amatches_on_home_team_id" ON "amatches" ("home_team_id") /*application='Golbet'*/[0m
  [1m[35m (0.0ms)[0m  [1m[35mCREATE INDEX "tindex_amatches_on_away_team_id" ON "amatches" ("away_team_id") /*application='Golbet'*/[0m
  [1m[35mSQL (0.0ms)[0m  [1m[32mINSERT INTO "amatches" ("id","away_label","away_score","away_team_id","created_at","group","home_label","home_score","home_team_id","kickoff_at","slot","stage","status","tournament_id","updated_at")
                     SELECT "id","away_label","away_score","away_team_id","created_at","group","home_label","home_score","home_team_id","kickoff_at","slot","stage","status","tournament_id","updated_at" FROM "matches" /*application='Golbet'*/[0m
  [1m[35m (0.0ms)[0m  [1m[35mDROP TABLE "matches" /*application='Golbet'*/[0m
  [1m[35m (0.0ms)[0m  [1m[35mCREATE TABLE "matches" ("id" integer PRIMARY KEY AUTOINCREMENT NOT NULL, "away_label" varchar, "away_score" integer, "away_team_id" integer, "created_at" datetime(6) NOT NULL, "group" varchar, "home_label" varchar, "home_score" integer, "home_team_id" integer, "kickoff_at" datetime(6), "slot" integer, "stage" varchar DEFAULT 'group' NOT NULL, "status" varchar, "tournament_id" integer NOT NULL, "updated_at" datetime(6) NOT NULL, CONSTRAINT "fk_rails_6a75121a9b"
FOREIGN KEY ("away_team_id")
  REFERENCES "teams" ("id")
, CONSTRAINT "fk_rails_4aed6bdf0d"
FOREIGN KEY ("home_team_id")
  REFERENCES "teams" ("id")
) /*application='Golbet'*/[0m
  [1m[35m (0.0ms)[0m  [1m[35mCREATE INDEX "index_matches_on_away_team_id" ON "matches" ("away_team_id") /*application='Golbet'*/[0m
  [1m[35m (0.0ms)[0m  [1m[35mCREATE INDEX "index_matches_on_home_team_id" ON "matches" ("home_team_id") /*application='Golbet'*/[0m
  [1m[35m (0.0ms)[0m  [1m[35mCREATE INDEX "index_matches_on_tournament_id" ON "matches" ("tournament_id") /*application='Golbet'*/[0m
  [1m[35mSQL (0.0ms)[0m  [1m[32mINSERT INTO "matches" ("id","away_label","away_score","away_team_id","created_at","group","home_label","home_score","home_team_id","kickoff_at","slot","stage","status","tournament_id","updated_at")
                     SELECT "id","away_label","away_score","away_team_id","created_at","group","home_label","home_score","home_team_id","kickoff_at","slot","stage","status","tournament_id","updated_at" FROM "amatches" /*application='Golbet'*/[0m
  [1m[35m (0.1ms)[0m  [1m[35mDROP TABLE "amatches" /*application='Golbet'*/[0m
  [1m[36mTRANSACTION (0.0ms)[0m  [1m[35mCOMMIT TRANSACTION /*application='Golbet'*/[0m
  [1m[35m (0.0ms)[0m  [1m[35mPRAGMA defer_foreign_keys = 0 /*application='Golbet'*/[0m
  [1m[35m (0.0ms)[0m  [1m[35mPRAGMA foreign_keys = 1 /*application='Golbet'*/[0m
  [1m[35m (0.0ms)[0m  [1m[35mPRAGMA foreign_keys /*application='Golbet'*/[0m
  [1m[35m (0.0ms)[0m  [1m[35mPRAGMA defer_foreign_keys /*application='Golbet'*/[0m
  [1m[35m (0.0ms)[0m  [1m[35mPRAGMA defer_foreign_keys = ON /*application='Golbet'*/[0m
  [1m[35m (0.0ms)[0m  [1m[35mPRAGMA foreign_keys = OFF /*application='Golbet'*/[0m
  [1m[36mTRANSACTION (0.0ms)[0m  [1m[35mBEGIN immediate TRANSACTION /*application='Golbet'*/[0m
  [1m[35m (0.0ms)[0m  [1m[35mCREATE TEMPORARY TABLE "amatches" ("id" integer PRIMARY KEY AUTOINCREMENT NOT NULL, "away_label" varchar, "away_score" integer, "away_team_id" integer, "created_at" datetime(6) NOT NULL, "group" varchar, "home_label" varchar, "home_score" integer, "home_team_id" integer, "kickoff_at" datetime(6), "slot" integer, "stage" varchar DEFAULT 'group' NOT NULL, "status" varchar, "tournament_id" integer NOT NULL, "updated_at" datetime(6) NOT NULL) /*application='Golbet'*/[0m
  [1m[35m (0.0ms)[0m  [1m[35mCREATE INDEX "tindex_amatches_on_tournament_id" ON "amatches" ("tournament_id") /*application='Golbet'*/[0m
  [1m[35m (0.0ms)[0m  [1m[35mCREATE INDEX "tindex_amatches_on_home_team_id" ON "amatches" ("home_team_id") /*application='Golbet'*/[0m
  [1m[35m (0.0ms)[0m  [1m[35mCREATE INDEX "tindex_amatches_on_away_team_id" ON "amatches" ("away_team_id") /*application='Golbet'*/[0m
  [1m[35mSQL (0.0ms)[0m  [1m[32mINSERT INTO "amatches" ("id","away_label","away_score","away_team_id","created_at","group","home_label","home_score","home_team_id","kickoff_at","slot","stage","status","tournament_id","updated_at")
                     SELECT "id","away_label","away_score","away_team_id","created_at","group","home_label","home_score","home_team_id","kickoff_at","slot","stage","status","tournament_id","updated_at" FROM "matches" /*application='Golbet'*/[0m
  [1m[35m (0.0ms)[0m  [1m[35mDROP TABLE "matches" /*application='Golbet'*/[0m
  [1m[35m (0.0ms)[0m  [1m[35mCREATE TABLE "matches" ("id" integer PRIMARY KEY AUTOINCREMENT NOT NULL, "away_label" varchar, "away_score" integer, "away_team_id" integer, "created_at" datetime(6) NOT NULL, "group" varchar, "home_label" varchar, "home_score" integer, "home_team_id" integer, "kickoff_at" datetime(6), "slot" integer, "stage" varchar DEFAULT 'group' NOT NULL, "status" varchar, "tournament_id" integer NOT NULL, "updated_at" datetime(6) NOT NULL, CONSTRAINT "fk_rails_4aed6bdf0d"
FOREIGN KEY ("home_team_id")
  REFERENCES "teams" ("id")
, CONSTRAINT "fk_rails_6a75121a9b"
FOREIGN KEY ("away_team_id")
  REFERENCES "teams" ("id")
, CONSTRAINT "fk_rails_700eaa2935"
FOREIGN KEY ("tournament_id")
  REFERENCES "tournaments" ("id")
) /*application='Golbet'*/[0m
  [1m[35m (0.0ms)[0m  [1m[35mCREATE INDEX "index_matches_on_away_team_id" ON "matches" ("away_team_id") /*application='Golbet'*/[0m
  [1m[35m (0.0ms)[0m  [1m[35mCREATE INDEX "index_matches_on_home_team_id" ON "matches" ("home_team_id") /*application='Golbet'*/[0m
  [1m[35m (0.0ms)[0m  [1m[35mCREATE INDEX "index_matches_on_tournament_id" ON "matches" ("tournament_id") /*application='Golbet'*/[0m
  [1m[35mSQL (0.0ms)[0m  [1m[32mINSERT INTO "matches" ("id","away_label","away_score","away_team_id","created_at","group","home_label","home_score","home_team_id","kickoff_at","slot","stage","status","tournament_id","updated_at")
                     SELECT "id","away_label","away_score","away_team_id","created_at","group","home_label","home_score","home_team_id","kickoff_at","slot","stage","status","tournament_id","updated_at" FROM "amatches" /*application='Golbet'*/[0m
  [1m[35m (0.0ms)[0m  [1m[35mDROP TABLE "amatches" /*application='Golbet'*/[0m
  [1m[36mTRANSACTION (0.0ms)[0m  [1m[35mCOMMIT TRANSACTION /*application='Golbet'*/[0m
  [1m[35m (0.0ms)[0m  [1m[35mPRAGMA defer_foreign_keys = 0 /*application='Golbet'*/[0m
  [1m[35m (0.0ms)[0m  [1m[35mPRAGMA foreign_keys = 1 /*application='Golbet'*/[0m
  [1m[35m (0.0ms)[0m  [1m[35mPRAGMA foreign_keys /*application='Golbet'*/[0m
  [1m[35m (0.0ms)[0m  [1m[35mPRAGMA defer_foreign_keys /*application='Golbet'*/[0m
  [1m[35m (0.0ms)[0m  [1m[35mPRAGMA defer_foreign_keys = ON /*application='Golbet'*/[0m
  [1m[35m (0.0ms)[0m  [1m[35mPRAGMA foreign_keys = OFF /*application='Golbet'*/[0m
  [1m[36mTRANSACTION (0.0ms)[0m  [1m[35mBEGIN immediate TRANSACTION /*application='Golbet'*/[0m
  [1m[35m (0.0ms)[0m  [1m[35mCREATE TEMPORARY TABLE "apredictions" ("id" integer PRIMARY KEY AUTOINCREMENT NOT NULL, "away_pred" integer, "created_at" datetime(6) NOT NULL, "home_pred" integer, "match_id" integer NOT NULL, "player_id" integer NOT NULL, "updated_at" datetime(6) NOT NULL) /*application='Golbet'*/[0m
  [1m[35m (0.0ms)[0m  [1m[35mCREATE INDEX "tindex_apredictions_on_player_id" ON "apredictions" ("player_id") /*application='Golbet'*/[0m
  [1m[35m (0.0ms)[0m  [1m[35mCREATE UNIQUE INDEX "tindex_apredictions_on_player_id_and_match_id" ON "apredictions" ("player_id", "match_id") /*application='Golbet'*/[0m
  [1m[35m (0.0ms)[0m  [1m[35mCREATE INDEX "tindex_apredictions_on_match_id" ON "apredictions" ("match_id") /*application='Golbet'*/[0m
  [1m[35mSQL (0.0ms)[0m  [1m[32mINSERT INTO "apredictions" ("id","away_pred","created_at","home_pred","match_id","player_id","updated_at")
                     SELECT "id","away_pred","created_at","home_pred","match_id","player_id","updated_at" FROM "predictions" /*application='Golbet'*/[0m
  [1m[35m (0.0ms)[0m  [1m[35mDROP TABLE "predictions" /*application='Golbet'*/[0m
  [1m[35m (0.0ms)[0m  [1m[35mCREATE TABLE "predictions" ("id" integer PRIMARY KEY AUTOINCREMENT NOT NULL, "away_pred" integer, "created_at" datetime(6) NOT NULL, "home_pred" integer, "match_id" integer NOT NULL, "player_id" integer NOT NULL, "updated_at" datetime(6) NOT NULL, CONSTRAINT "fk_rails_efbcaaab9d"
FOREIGN KEY ("match_id")
  REFERENCES "matches" ("id")
) /*application='Golbet'*/[0m
  [1m[35m (0.0ms)[0m  [1m[35mCREATE INDEX "index_predictions_on_match_id" ON "predictions" ("match_id") /*application='Golbet'*/[0m
  [1m[35m (0.0ms)[0m  [1m[35mCREATE UNIQUE INDEX "index_predictions_on_player_id_and_match_id" ON "predictions" ("player_id", "match_id") /*application='Golbet'*/[0m
  [1m[35m (0.0ms)[0m  [1m[35mCREATE INDEX "index_predictions_on_player_id" ON "predictions" ("player_id") /*application='Golbet'*/[0m
  [1m[35mSQL (0.0ms)[0m  [1m[32mINSERT INTO "predictions" ("id","away_pred","created_at","home_pred","match_id","player_id","updated_at")
                     SELECT "id","away_pred","created_at","home_pred","match_id","player_id","updated_at" FROM "apredictions" /*application='Golbet'*/[0m
  [1m[35m (0.0ms)[0m  [1m[35mDROP TABLE "apredictions" /*application='Golbet'*/[0m
  [1m[36mTRANSACTION (0.0ms)[0m  [1m[35mCOMMIT TRANSACTION /*application='Golbet'*/[0m
  [1m[35m (0.0ms)[0m  [1m[35mPRAGMA defer_foreign_keys = 0 /*application='Golbet'*/[0m
  [1m[35m (0.0ms)[0m  [1m[35mPRAGMA foreign_keys = 1 /*application='Golbet'*/[0m
  [1m[35m (0.0ms)[0m  [1m[35mPRAGMA foreign_keys /*application='Golbet'*/[0m
  [1m[35m (0.0ms)[0m  [1m[35mPRAGMA defer_foreign_keys /*application='Golbet'*/[0m
  [1m[35m (0.0ms)[0m  [1m[35mPRAGMA defer_foreign_keys = ON /*application='Golbet'*/[0m
  [1m[35m (0.0ms)[0m  [1m[35mPRAGMA foreign_keys = OFF /*application='Golbet'*/[0m
  [1m[36mTRANSACTION (0.0ms)[0m  [1m[35mBEGIN immediate TRANSACTION /*application='Golbet'*/[0m
  [1m[35m (0.0ms)[0m  [1m[35mCREATE TEMPORARY TABLE "apredictions" ("id" integer PRIMARY KEY AUTOINCREMENT NOT NULL, "away_pred" integer, "created_at" datetime(6) NOT NULL, "home_pred" integer, "match_id" integer NOT NULL, "player_id" integer NOT NULL, "updated_at" datetime(6) NOT NULL) /*application='Golbet'*/[0m
  [1m[35m (0.0ms)[0m  [1m[35mCREATE INDEX "tindex_apredictions_on_player_id" ON "apredictions" ("player_id") /*application='Golbet'*/[0m
  [1m[35m (0.0ms)[0m  [1m[35mCREATE UNIQUE INDEX "tindex_apredictions_on_player_id_and_match_id" ON "apredictions" ("player_id", "match_id") /*application='Golbet'*/[0m
  [1m[35m (0.0ms)[0m  [1m[35mCREATE INDEX "tindex_apredictions_on_match_id" ON "apredictions" ("match_id") /*application='Golbet'*/[0m
  [1m[35mSQL (0.0ms)[0m  [1m[32mINSERT INTO "apredictions" ("id","away_pred","created_at","home_pred","match_id","player_id","updated_at")
                     SELECT "id","away_pred","created_at","home_pred","match_id","player_id","updated_at" FROM "predictions" /*application='Golbet'*/[0m
  [1m[35m (0.0ms)[0m  [1m[35mDROP TABLE "predictions" /*application='Golbet'*/[0m
  [1m[35m (0.0ms)[0m  [1m[35mCREATE TABLE "predictions" ("id" integer PRIMARY KEY AUTOINCREMENT NOT NULL, "away_pred" integer, "created_at" datetime(6) NOT NULL, "home_pred" integer, "match_id" integer NOT NULL, "player_id" integer NOT NULL, "updated_at" datetime(6) NOT NULL, CONSTRAINT "fk_rails_efbcaaab9d"
FOREIGN KEY ("match_id")
  REFERENCES "matches" ("id")
, CONSTRAINT "fk_rails_d93e8b22fe"
FOREIGN KEY ("player_id")
  REFERENCES "players" ("id")
) /*application='Golbet'*/[0m
  [1m[35m (0.0ms)[0m  [1m[35mCREATE INDEX "index_predictions_on_match_id" ON "predictions" ("match_id") /*application='Golbet'*/[0m
  [1m[35m (0.0ms)[0m  [1m[35mCREATE UNIQUE INDEX "index_predictions_on_player_id_and_match_id" ON "predictions" ("player_id", "match_id") /*application='Golbet'*/[0m
  [1m[35m (0.0ms)[0m  [1m[35mCREATE INDEX "index_predictions_on_player_id" ON "predictions" ("player_id") /*application='Golbet'*/[0m
  [1m[35mSQL (0.0ms)[0m  [1m[32mINSERT INTO "predictions" ("id","away_pred","created_at","home_pred","match_id","player_id","updated_at")
                     SELECT "id","away_pred","created_at","home_pred","match_id","player_id","updated_at" FROM "apredictions" /*application='Golbet'*/[0m
  [1m[35m (0.0ms)[0m  [1m[35mDROP TABLE "apredictions" /*application='Golbet'*/[0m
  [1m[36mTRANSACTION (0.0ms)[0m  [1m[35mCOMMIT TRANSACTION /*application='Golbet'*/[0m
  [1m[35m (0.0ms)[0m  [1m[35mPRAGMA defer_foreign_keys = 0 /*application='Golbet'*/[0m
  [1m[35m (0.0ms)[0m  [1m[35mPRAGMA foreign_keys = 1 /*application='Golbet'*/[0m
  [1m[35m (0.0ms)[0m  [1m[35mPRAGMA foreign_keys /*application='Golbet'*/[0m
  [1m[35m (0.0ms)[0m  [1m[35mPRAGMA defer_foreign_keys /*application='Golbet'*/[0m
  [1m[35m (0.0ms)[0m  [1m[35mPRAGMA defer_foreign_keys = ON /*application='Golbet'*/[0m
  [1m[35m (0.0ms)[0m  [1m[35mPRAGMA foreign_keys = OFF /*application='Golbet'*/[0m
  [1m[36mTRANSACTION (0.0ms)[0m  [1m[35mBEGIN immediate TRANSACTION /*application='Golbet'*/[0m
  [1m[35m (0.0ms)[0m  [1m[35mCREATE TEMPORARY TABLE "ateams" ("id" integer PRIMARY KEY AUTOINCREMENT NOT NULL, "code" varchar NOT NULL, "created_at" datetime(6) NOT NULL, "flag" varchar, "group" varchar NOT NULL, "name" varchar NOT NULL, "tournament_id" integer NOT NULL, "updated_at" datetime(6) NOT NULL) /*application='Golbet'*/[0m
  [1m[35m (0.0ms)[0m  [1m[35mCREATE INDEX "tindex_ateams_on_tournament_id" ON "ateams" ("tournament_id") /*application='Golbet'*/[0m
  [1m[35m (0.0ms)[0m  [1m[35mCREATE UNIQUE INDEX "tindex_ateams_on_tournament_id_and_code" ON "ateams" ("tournament_id", "code") /*application='Golbet'*/[0m
  [1m[35mSQL (0.0ms)[0m  [1m[32mINSERT INTO "ateams" ("id","code","created_at","flag","group","name","tournament_id","updated_at")
                     SELECT "id","code","created_at","flag","group","name","tournament_id","updated_at" FROM "teams" /*application='Golbet'*/[0m
  [1m[35m (0.0ms)[0m  [1m[35mDROP TABLE "teams" /*application='Golbet'*/[0m
  [1m[35m (0.0ms)[0m  [1m[35mCREATE TABLE "teams" ("id" integer PRIMARY KEY AUTOINCREMENT NOT NULL, "code" varchar NOT NULL, "created_at" datetime(6) NOT NULL, "flag" varchar, "group" varchar NOT NULL, "name" varchar NOT NULL, "tournament_id" integer NOT NULL, "updated_at" datetime(6) NOT NULL, CONSTRAINT "fk_rails_0e7ea9f0de"
FOREIGN KEY ("tournament_id")
  REFERENCES "tournaments" ("id")
) /*application='Golbet'*/[0m
  [1m[35m (0.0ms)[0m  [1m[35mCREATE UNIQUE INDEX "index_teams_on_tournament_id_and_code" ON "teams" ("tournament_id", "code") /*application='Golbet'*/[0m
  [1m[35m (0.0ms)[0m  [1m[35mCREATE INDEX "index_teams_on_tournament_id" ON "teams" ("tournament_id") /*application='Golbet'*/[0m
  [1m[35mSQL (0.0ms)[0m  [1m[32mINSERT INTO "teams" ("id","code","created_at","flag","group","name","tournament_id","updated_at")
                     SELECT "id","code","created_at","flag","group","name","tournament_id","updated_at" FROM "ateams" /*application='Golbet'*/[0m
  [1m[35m (0.0ms)[0m  [1m[35mDROP TABLE "ateams" /*application='Golbet'*/[0m
  [1m[36mTRANSACTION (0.0ms)[0m  [1m[35mCOMMIT TRANSACTION /*application='Golbet'*/[0m
  [1m[35m (0.0ms)[0m  [1m[35mPRAGMA defer_foreign_keys = 0 /*application='Golbet'*/[0m
  [1m[35m (0.0ms)[0m  [1m[35mPRAGMA foreign_keys = 1 /*application='Golbet'*/[0m
  [1m[35m (0.0ms)[0m  [1m[35mCREATE TABLE "schema_migrations" ("version" varchar NOT NULL PRIMARY KEY) /*application='Golbet'*/[0m
  [1m[36mActiveRecord::SchemaMigration Load (0.0ms)[0m  [1m[34mSELECT "schema_migrations"."version" FROM "schema_migrations" ORDER BY "schema_migrations"."version" ASC /*application='Golbet'*/[0m
  [1m[35m (0.0ms)[0m  [1m[32mINSERT INTO "schema_migrations" (version) VALUES (20260603140644) /*application='Golbet'*/[0m
  [1m[35m (0.0ms)[0m  [1m[32mINSERT INTO "schema_migrations" (version) VALUES
(20260603140626),
(20260602040055),
(20260602040004),
(20260602035633),
(20260602035258),
(20260602035255); /*application='Golbet'*/[0m
  [1m[35m (0.1ms)[0m  [1m[35mCREATE TABLE "ar_internal_metadata" ("key" varchar NOT NULL PRIMARY KEY, "value" varchar, "created_at" datetime(6) NOT NULL, "updated_at" datetime(6) NOT NULL) /*application='Golbet'*/[0m
  [1m[36mActiveRecord::InternalMetadata Load (0.0ms)[0m  [1m[34mSELECT * FROM "ar_internal_metadata" WHERE "ar_internal_metadata"."key" = 'environment' ORDER BY "ar_internal_metadata"."key" ASC LIMIT 1 /*application='Golbet'*/[0m
  [1m[36mActiveRecord::InternalMetadata Create (0.0ms)[0m  [1m[32mINSERT INTO "ar_internal_metadata" ("key", "value", "created_at", "updated_at") VALUES ('environment', 'development', '2026-06-03 16:32:41.209964', '2026-06-03 16:32:41.209964') RETURNING "key" /*application='Golbet'*/[0m
  [1m[36mActiveRecord::InternalMetadata Load (0.0ms)[0m  [1m[34mSELECT * FROM "ar_internal_metadata" WHERE "ar_internal_metadata"."key" = 'environment' ORDER BY "ar_internal_metadata"."key" ASC LIMIT 1 /*application='Golbet'*/[0m
  [1m[36mActiveRecord::InternalMetadata Update (0.0ms)[0m  [1m[33mUPDATE "ar_internal_metadata" SET "value" = 'test', "updated_at" = '2026-06-03 16:32:41.210456' WHERE "ar_internal_metadata"."key" = 'environment' /*application='Golbet'*/[0m
  [1m[36mActiveRecord::InternalMetadata Load (0.0ms)[0m  [1m[34mSELECT * FROM "ar_internal_metadata" WHERE "ar_internal_metadata"."key" = 'schema_sha1' ORDER BY "ar_internal_metadata"."key" ASC LIMIT 1 /*application='Golbet'*/[0m
  [1m[36mActiveRecord::InternalMetadata Create (0.0ms)[0m  [1m[32mINSERT INTO "ar_internal_metadata" ("key", "value", "created_at", "updated_at") VALUES ('schema_sha1', '4ec64053e2a207e290752b08346f32257691574d', '2026-06-03 16:32:41.210877', '2026-06-03 16:32:41.210877') RETURNING "key" /*application='Golbet'*/[0m
  [1m[36mActiveRecord::SchemaMigration Load (0.0ms)[0m  [1m[34mSELECT "schema_migrations"."version" FROM "schema_migrations" ORDER BY "schema_migrations"."version" ASC /*application='Golbet'*/[0m
  [1m[36mTournament Load (0.0ms)[0m  [1m[34mSELECT "tournaments".* FROM "tournaments" ORDER BY "tournaments"."id" ASC LIMIT 1 /*application='Golbet'*/[0m
  ↳ lib/tasks/golbet.rake:4:in 'block (2 levels) in <main>'
  [1m[36mTRANSACTION (0.0ms)[0m  [1m[35mBEGIN immediate TRANSACTION /*application='Golbet'*/[0m
  ↳ lib/tasks/golbet.rake:4:in 'block (2 levels) in <main>'
  [1m[36mTournament Create (0.3ms)[0m  [1m[32mINSERT INTO "tournaments" ("created_at", "name", "updated_at") VALUES ('2026-06-03 16:32:41.217573', 'Mundial 2026', '2026-06-03 16:32:41.217573') RETURNING "id" /*application='Golbet'*/[0m
  ↳ lib/tasks/golbet.rake:4:in 'block (2 levels) in <main>'
  [1m[36mTRANSACTION (0.1ms)[0m  [1m[35mCOMMIT TRANSACTION /*application='Golbet'*/[0m
  ↳ lib/tasks/golbet.rake:4:in 'block (2 levels) in <main>'
  [1m[36mTeam Load (0.0ms)[0m  [1m[34mSELECT "teams".* FROM "teams" WHERE "teams"."tournament_id" = 1 AND "teams"."code" = 'A1' LIMIT 1 /*application='Golbet'*/[0m
  ↳ app/services/fixture_importer.rb:25:in 'block in FixtureImporter#import_teams'
  [1m[36mTRANSACTION (0.0ms)[0m  [1m[35mBEGIN immediate TRANSACTION /*application='Golbet'*/[0m
  ↳ app/services/fixture_importer.rb:27:in 'block in FixtureImporter#import_teams'
  [1m[36mTeam Exists? (0.3ms)[0m  [1m[34mSELECT 1 AS one FROM "teams" WHERE "teams"."code" = 'A1' AND "teams"."tournament_id" = 1 LIMIT 1 /*application='Golbet'*/[0m
  ↳ app/services/fixture_importer.rb:27:in 'block in FixtureImporter#import_teams'
  [1m[36mTeam Create (0.0ms)[0m  [1m[32mINSERT INTO "teams" ("code", "created_at", "flag", "group", "name", "tournament_id", "updated_at") VALUES ('A1', '2026-06-03 16:32:41.222681', NULL, 'A', 'Equipo A1', 1, '2026-06-03 16:32:41.222681') RETURNING "id" /*application='Golbet'*/[0m
  ↳ app/services/fixture_importer.rb:27:in 'block in FixtureImporter#import_teams'
  [1m[36mTRANSACTION (0.0ms)[0m  [1m[35mCOMMIT TRANSACTION /*application='Golbet'*/[0m
  ↳ app/services/fixture_importer.rb:27:in 'block in FixtureImporter#import_teams'
  [1m[36mTeam Load (0.0ms)[0m  [1m[34mSELECT "teams".* FROM "teams" WHERE "teams"."tournament_id" = 1 AND "teams"."code" = 'A2' LIMIT 1 /*application='Golbet'*/[0m
  ↳ app/services/fixture_importer.rb:25:in 'block in FixtureImporter#import_teams'
  [1m[36mTRANSACTION (0.0ms)[0m  [1m[35mBEGIN immediate TRANSACTION /*application='Golbet'*/[0m
  ↳ app/services/fixture_importer.rb:27:in 'block in FixtureImporter#import_teams'
  [1m[36mTeam Exists? (0.2ms)[0m  [1m[34mSELECT 1 AS one FROM "teams" WHERE "teams"."code" = 'A2' AND "teams"."tournament_id" = 1 LIMIT 1 /*application='Golbet'*/[0m
  ↳ app/services/fixture_importer.rb:27:in 'block in FixtureImporter#import_teams'
  [1m[36mTeam Create (0.0ms)[0m  [1m[32mINSERT INTO "teams" ("code", "created_at", "flag", "group", "name", "tournament_id", "updated_at") VALUES ('A2', '2026-06-03 16:32:41.223844', NULL, 'A', 'Equipo A2', 1, '2026-06-03 16:32:41.223844') RETURNING "id" /*application='Golbet'*/[0m
  ↳ app/services/fixture_importer.rb:27:in 'block in FixtureImporter#import_teams'
  [1m[36mTRANSACTION (0.0ms)[0m  [1m[35mCOMMIT TRANSACTION /*application='Golbet'*/[0m
  ↳ app/services/fixture_importer.rb:27:in 'block in FixtureImporter#import_teams'
  [1m[36mTeam Load (0.0ms)[0m  [1m[34mSELECT "teams".* FROM "teams" WHERE "teams"."tournament_id" = 1 AND "teams"."code" = 'A3' LIMIT 1 /*application='Golbet'*/[0m
  ↳ app/services/fixture_importer.rb:25:in 'block in FixtureImporter#import_teams'
  [1m[36mTRANSACTION (0.0ms)[0m  [1m[35mBEGIN immediate TRANSACTION /*application='Golbet'*/[0m
  ↳ app/services/fixture_importer.rb:27:in 'block in FixtureImporter#import_teams'
  [1m[36mTeam Exists? (0.2ms)[0m  [1m[34mSELECT 1 AS one FROM "teams" WHERE "teams"."code" = 'A3' AND "teams"."tournament_id" = 1 LIMIT 1 /*application='Golbet'*/[0m
  ↳ app/services/fixture_importer.rb:27:in 'block in FixtureImporter#import_teams'
  [1m[36mTeam Create (0.0ms)[0m  [1m[32mINSERT INTO "teams" ("code", "created_at", "flag", "group", "name", "tournament_id", "updated_at") VALUES ('A3', '2026-06-03 16:32:41.224940', NULL, 'A', 'Equipo A3', 1, '2026-06-03 16:32:41.224940') RETURNING "id" /*application='Golbet'*/[0m
  ↳ app/services/fixture_importer.rb:27:in 'block in FixtureImporter#import_teams'
  [1m[36mTRANSACTION (0.0ms)[0m  [1m[35mCOMMIT TRANSACTION /*application='Golbet'*/[0m
  ↳ app/services/fixture_importer.rb:27:in 'block in FixtureImporter#import_teams'
  [1m[36mTeam Load (0.0ms)[0m  [1m[34mSELECT "teams".* FROM "teams" WHERE "teams"."tournament_id" = 1 AND "teams"."code" = 'A4' LIMIT 1 /*application='Golbet'*/[0m
  ↳ app/services/fixture_importer.rb:25:in 'block in FixtureImporter#import_teams'
  [1m[36mTRANSACTION (0.0ms)[0m  [1m[35mBEGIN immediate TRANSACTION /*application='Golbet'*/[0m
  ↳ app/services/fixture_importer.rb:27:in 'block in FixtureImporter#import_teams'
  [1m[36mTeam Exists? (0.2ms)[0m  [1m[34mSELECT 1 AS one FROM "teams" WHERE "teams"."code" = 'A4' AND "teams"."tournament_id" = 1 LIMIT 1 /*application='Golbet'*/[0m
  ↳ app/services/fixture_importer.rb:27:in 'block in FixtureImporter#import_teams'
  [1m[36mTeam Create (0.0ms)[0m  [1m[32mINSERT INTO "teams" ("code", "created_at", "flag", "group", "name", "tournament_id", "updated_at") VALUES ('A4', '2026-06-03 16:32:41.226035', NULL, 'A', 'Equipo A4', 1, '2026-06-03 16:32:41.226035') RETURNING "id" /*application='Golbet'*/[0m
  ↳ app/services/fixture_importer.rb:27:in 'block in FixtureImporter#import_teams'
  [1m[36mTRANSACTION (0.0ms)[0m  [1m[35mCOMMIT TRANSACTION /*application='Golbet'*/[0m
  ↳ app/services/fixture_importer.rb:27:in 'block in FixtureImporter#import_teams'
  [1m[36mTeam Load (0.0ms)[0m  [1m[34mSELECT "teams".* FROM "teams" WHERE "teams"."tournament_id" = 1 AND "teams"."code" = 'B1' LIMIT 1 /*application='Golbet'*/[0m
  ↳ app/services/fixture_importer.rb:25:in 'block in FixtureImporter#import_teams'
  [1m[36mTRANSACTION (0.0ms)[0m  [1m[35mBEGIN immediate TRANSACTION /*application='Golbet'*/[0m
  ↳ app/services/fixture_importer.rb:27:in 'block in FixtureImporter#import_teams'
  [1m[36mTeam Exists? (0.2ms)[0m  [1m[34mSELECT 1 AS one FROM "teams" WHERE "teams"."code" = 'B1' AND "teams"."tournament_id" = 1 LIMIT 1 /*application='Golbet'*/[0m
  ↳ app/services/fixture_importer.rb:27:in 'block in FixtureImporter#import_teams'
  [1m[36mTeam Create (0.0ms)[0m  [1m[32mINSERT INTO "teams" ("code", "created_at", "flag", "group", "name", "tournament_id", "updated_at") VALUES ('B1', '2026-06-03 16:32:41.227113', NULL, 'B', 'Equipo B1', 1, '2026-06-03 16:32:41.227113') RETURNING "id" /*application='Golbet'*/[0m
  ↳ app/services/fixture_importer.rb:27:in 'block in FixtureImporter#import_teams'
  [1m[36mTRANSACTION (0.0ms)[0m  [1m[35mCOMMIT TRANSACTION /*application='Golbet'*/[0m
  ↳ app/services/fixture_importer.rb:27:in 'block in FixtureImporter#import_teams'
  [1m[36mTeam Load (0.0ms)[0m  [1m[34mSELECT "teams".* FROM "teams" WHERE "teams"."tournament_id" = 1 AND "teams"."code" = 'B2' LIMIT 1 /*application='Golbet'*/[0m
  ↳ app/services/fixture_importer.rb:25:in 'block in FixtureImporter#import_teams'
  [1m[36mTRANSACTION (0.0ms)[0m  [1m[35mBEGIN immediate TRANSACTION /*application='Golbet'*/[0m
  ↳ app/services/fixture_importer.rb:27:in 'block in FixtureImporter#import_teams'
  [1m[36mTeam Exists? (0.2ms)[0m  [1m[34mSELECT 1 AS one FROM "teams" WHERE "teams"."code" = 'B2' AND "teams"."tournament_id" = 1 LIMIT 1 /*application='Golbet'*/[0m
  ↳ app/services/fixture_importer.rb:27:in 'block in FixtureImporter#import_teams'
  [1m[36mTeam Create (0.0ms)[0m  [1m[32mINSERT INTO "teams" ("code", "created_at", "flag", "group", "name", "tournament_id", "updated_at") VALUES ('B2', '2026-06-03 16:32:41.228182', NULL, 'B', 'Equipo B2', 1, '2026-06-03 16:32:41.228182') RETURNING "id" /*application='Golbet'*/[0m
  ↳ app/services/fixture_importer.rb:27:in 'block in FixtureImporter#import_teams'
  [1m[36mTRANSACTION (0.0ms)[0m  [1m[35mCOMMIT TRANSACTION /*application='Golbet'*/[0m
  ↳ app/services/fixture_importer.rb:27:in 'block in FixtureImporter#import_teams'
  [1m[36mTeam Load (0.0ms)[0m  [1m[34mSELECT "teams".* FROM "teams" WHERE "teams"."tournament_id" = 1 AND "teams"."code" = 'B3' LIMIT 1 /*application='Golbet'*/[0m
  ↳ app/services/fixture_importer.rb:25:in 'block in FixtureImporter#import_teams'
  [1m[36mTRANSACTION (0.0ms)[0m  [1m[35mBEGIN immediate TRANSACTION /*application='Golbet'*/[0m
  ↳ app/services/fixture_importer.rb:27:in 'block in FixtureImporter#import_teams'
  [1m[36mTeam Exists? (0.2ms)[0m  [1m[34mSELECT 1 AS one FROM "teams" WHERE "teams"."code" = 'B3' AND "teams"."tournament_id" = 1 LIMIT 1 /*application='Golbet'*/[0m
  ↳ app/services/fixture_importer.rb:27:in 'block in FixtureImporter#import_teams'
  [1m[36mTeam Create (0.0ms)[0m  [1m[32mINSERT INTO "teams" ("code", "created_at", "flag", "group", "name", "tournament_id", "updated_at") VALUES ('B3', '2026-06-03 16:32:41.229255', NULL, 'B', 'Equipo B3', 1, '2026-06-03 16:32:41.229255') RETURNING "id" /*application='Golbet'*/[0m
  ↳ app/services/fixture_importer.rb:27:in 'block in FixtureImporter#import_teams'
  [1m[36mTRANSACTION (0.0ms)[0m  [1m[35mCOMMIT TRANSACTION /*application='Golbet'*/[0m
  ↳ app/services/fixture_importer.rb:27:in 'block in FixtureImporter#import_teams'
  [1m[36mTeam Load (0.0ms)[0m  [1m[34mSELECT "teams".* FROM "teams" WHERE "teams"."tournament_id" = 1 AND "teams"."code" = 'B4' LIMIT 1 /*application='Golbet'*/[0m
  ↳ app/services/fixture_importer.rb:25:in 'block in FixtureImporter#import_teams'
  [1m[36mTRANSACTION (0.0ms)[0m  [1m[35mBEGIN immediate TRANSACTION /*application='Golbet'*/[0m
  ↳ app/services/fixture_importer.rb:27:in 'block in FixtureImporter#import_teams'
  [1m[36mTeam Exists? (0.2ms)[0m  [1m[34mSELECT 1 AS one FROM "teams" WHERE "teams"."code" = 'B4' AND "teams"."tournament_id" = 1 LIMIT 1 /*application='Golbet'*/[0m
  ↳ app/services/fixture_importer.rb:27:in 'block in FixtureImporter#import_teams'
  [1m[36mTeam Create (0.0ms)[0m  [1m[32mINSERT INTO "teams" ("code", "created_at", "flag", "group", "name", "tournament_id", "updated_at") VALUES ('B4', '2026-06-03 16:32:41.234479', NULL, 'B', 'Equipo B4', 1, '2026-06-03 16:32:41.234479') RETURNING "id" /*application='Golbet'*/[0m
  ↳ app/services/fixture_importer.rb:27:in 'block in FixtureImporter#import_teams'
  [1m[36mTRANSACTION (0.0ms)[0m  [1m[35mCOMMIT TRANSACTION /*application='Golbet'*/[0m
  ↳ app/services/fixture_importer.rb:27:in 'block in FixtureImporter#import_teams'
  [1m[36mTeam Load (0.0ms)[0m  [1m[34mSELECT "teams".* FROM "teams" WHERE "teams"."tournament_id" = 1 AND "teams"."code" = 'C1' LIMIT 1 /*application='Golbet'*/[0m
  ↳ app/services/fixture_importer.rb:25:in 'block in FixtureImporter#import_teams'
  [1m[36mTRANSACTION (0.0ms)[0m  [1m[35mBEGIN immediate TRANSACTION /*application='Golbet'*/[0m
  ↳ app/services/fixture_importer.rb:27:in 'block in FixtureImporter#import_teams'
  [1m[36mTeam Exists? (0.2ms)[0m  [1m[34mSELECT 1 AS one FROM "teams" WHERE "teams"."code" = 'C1' AND "teams"."tournament_id" = 1 LIMIT 1 /*application='Golbet'*/[0m
  ↳ app/services/fixture_importer.rb:27:in 'block in FixtureImporter#import_teams'
  [1m[36mTeam Create (0.0ms)[0m  [1m[32mINSERT INTO "teams" ("code", "created_at", "flag", "group", "name", "tournament_id", "updated_at") VALUES ('C1', '2026-06-03 16:32:41.235829', NULL, 'C', 'Equipo C1', 1, '2026-06-03 16:32:41.235829') RETURNING "id" /*application='Golbet'*/[0m
  ↳ app/services/fixture_importer.rb:27:in 'block in FixtureImporter#import_teams'
  [1m[36mTRANSACTION (0.0ms)[0m  [1m[35mCOMMIT TRANSACTION /*application='Golbet'*/[0m
  ↳ app/services/fixture_importer.rb:27:in 'block in FixtureImporter#import_teams'
  [1m[36mTeam Load (0.0ms)[0m  [1m[34mSELECT "teams".* FROM "teams" WHERE "teams"."tournament_id" = 1 AND "teams"."code" = 'C2' LIMIT 1 /*application='Golbet'*/[0m
  ↳ app/services/fixture_importer.rb:25:in 'block in FixtureImporter#import_teams'
  [1m[36mTRANSACTION (0.0ms)[0m  [1m[35mBEGIN immediate TRANSACTION /*application='Golbet'*/[0m
  ↳ app/services/fixture_importer.rb:27:in 'block in FixtureImporter#import_teams'
  [1m[36mTeam Exists? (0.2ms)[0m  [1m[34mSELECT 1 AS one FROM "teams" WHERE "teams"."code" = 'C2' AND "teams"."tournament_id" = 1 LIMIT 1 /*application='Golbet'*/[0m
  ↳ app/services/fixture_importer.rb:27:in 'block in FixtureImporter#import_teams'
  [1m[36mTeam Create (0.0ms)[0m  [1m[32mINSERT INTO "teams" ("code", "created_at", "flag", "group", "name", "tournament_id", "updated_at") VALUES ('C2', '2026-06-03 16:32:41.236925', NULL, 'C', 'Equipo C2', 1, '2026-06-03 16:32:41.236925') RETURNING "id" /*application='Golbet'*/[0m
  ↳ app/services/fixture_importer.rb:27:in 'block in FixtureImporter#import_teams'
  [1m[36mTRANSACTION (0.0ms)[0m  [1m[35mCOMMIT TRANSACTION /*application='Golbet'*/[0m
  ↳ app/services/fixture_importer.rb:27:in 'block in FixtureImporter#import_teams'
  [1m[36mTeam Load (0.0ms)[0m  [1m[34mSELECT "teams".* FROM "teams" WHERE "teams"."tournament_id" = 1 AND "teams"."code" = 'C3' LIMIT 1 /*application='Golbet'*/[0m
  ↳ app/services/fixture_importer.rb:25:in 'block in FixtureImporter#import_teams'
  [1m[36mTRANSACTION (0.0ms)[0m  [1m[35mBEGIN immediate TRANSACTION /*application='Golbet'*/[0m
  ↳ app/services/fixture_importer.rb:27:in 'block in FixtureImporter#import_teams'
  [1m[36mTeam Exists? (0.5ms)[0m  [1m[34mSELECT 1 AS one FROM "teams" WHERE "teams"."code" = 'C3' AND "teams"."tournament_id" = 1 LIMIT 1 /*application='Golbet'*/[0m
  ↳ app/services/fixture_importer.rb:27:in 'block in FixtureImporter#import_teams'
  [1m[36mTeam Create (0.0ms)[0m  [1m[32mINSERT INTO "teams" ("code", "created_at", "flag", "group", "name", "tournament_id", "updated_at") VALUES ('C3', '2026-06-03 16:32:41.238216', NULL, 'C', 'Equipo C3', 1, '2026-06-03 16:32:41.238216') RETURNING "id" /*application='Golbet'*/[0m
  ↳ app/services/fixture_importer.rb:27:in 'block in FixtureImporter#import_teams'
  [1m[36mTRANSACTION (0.0ms)[0m  [1m[35mCOMMIT TRANSACTION /*application='Golbet'*/[0m
  ↳ app/services/fixture_importer.rb:27:in 'block in FixtureImporter#import_teams'
  [1m[36mTeam Load (0.0ms)[0m  [1m[34mSELECT "teams".* FROM "teams" WHERE "teams"."tournament_id" = 1 AND "teams"."code" = 'C4' LIMIT 1 /*application='Golbet'*/[0m
  ↳ app/services/fixture_importer.rb:25:in 'block in FixtureImporter#import_teams'
  [1m[36mTRANSACTION (0.0ms)[0m  [1m[35mBEGIN immediate TRANSACTION /*application='Golbet'*/[0m
  ↳ app/services/fixture_importer.rb:27:in 'block in FixtureImporter#import_teams'
  [1m[36mTeam Exists? (0.2ms)[0m  [1m[34mSELECT 1 AS one FROM "teams" WHERE "teams"."code" = 'C4' AND "teams"."tournament_id" = 1 LIMIT 1 /*application='Golbet'*/[0m
  ↳ app/services/fixture_importer.rb:27:in 'block in FixtureImporter#import_teams'
  [1m[36mTeam Create (0.0ms)[0m  [1m[32mINSERT INTO "teams" ("code", "created_at", "flag", "group", "name", "tournament_id", "updated_at") VALUES ('C4', '2026-06-03 16:32:41.239388', NULL, 'C', 'Equipo C4', 1, '2026-06-03 16:32:41.239388') RETURNING "id" /*application='Golbet'*/[0m
  ↳ app/services/fixture_importer.rb:27:in 'block in FixtureImporter#import_teams'
  [1m[36mTRANSACTION (0.0ms)[0m  [1m[35mCOMMIT TRANSACTION /*application='Golbet'*/[0m
  ↳ app/services/fixture_importer.rb:27:in 'block in FixtureImporter#import_teams'
  [1m[36mTeam Load (0.0ms)[0m  [1m[34mSELECT "teams".* FROM "teams" WHERE "teams"."tournament_id" = 1 AND "teams"."code" = 'D1' LIMIT 1 /*application='Golbet'*/[0m
  ↳ app/services/fixture_importer.rb:25:in 'block in FixtureImporter#import_teams'
  [1m[36mTRANSACTION (0.0ms)[0m  [1m[35mBEGIN immediate TRANSACTION /*application='Golbet'*/[0m
  ↳ app/services/fixture_importer.rb:27:in 'block in FixtureImporter#import_teams'
  [1m[36mTeam Exists? (0.7ms)[0m  [1m[34mSELECT 1 AS one FROM "teams" WHERE "teams"."code" = 'D1' AND "teams"."tournament_id" = 1 LIMIT 1 /*application='Golbet'*/[0m
  ↳ app/services/fixture_importer.rb:27:in 'block in FixtureImporter#import_teams'
  [1m[36mTeam Create (0.0ms)[0m  [1m[32mINSERT INTO "teams" ("code", "created_at", "flag", "group", "name", "tournament_id", "updated_at") VALUES ('D1', '2026-06-03 16:32:41.241001', NULL, 'D', 'Equipo D1', 1, '2026-06-03 16:32:41.241001') RETURNING "id" /*application='Golbet'*/[0m
  ↳ app/services/fixture_importer.rb:27:in 'block in FixtureImporter#import_teams'
  [1m[36mTRANSACTION (0.0ms)[0m  [1m[35mCOMMIT TRANSACTION /*application='Golbet'*/[0m
  ↳ app/services/fixture_importer.rb:27:in 'block in FixtureImporter#import_teams'
  [1m[36mTeam Load (0.0ms)[0m  [1m[34mSELECT "teams".* FROM "teams" WHERE "teams"."tournament_id" = 1 AND "teams"."code" = 'D2' LIMIT 1 /*application='Golbet'*/[0m
  ↳ app/services/fixture_importer.rb:25:in 'block in FixtureImporter#import_teams'
  [1m[36mTRANSACTION (0.0ms)[0m  [1m[35mBEGIN immediate TRANSACTION /*application='Golbet'*/[0m
  ↳ app/services/fixture_importer.rb:27:in 'block in FixtureImporter#import_teams'
  [1m[36mTeam Exists? (0.2ms)[0m  [1m[34mSELECT 1 AS one FROM "teams" WHERE "teams"."code" = 'D2' AND "teams"."tournament_id" = 1 LIMIT 1 /*application='Golbet'*/[0m
  ↳ app/services/fixture_importer.rb:27:in 'block in FixtureImporter#import_teams'
  [1m[36mTeam Create (0.0ms)[0m  [1m[32mINSERT INTO "teams" ("code", "created_at", "flag", "group", "name", "tournament_id", "updated_at") VALUES ('D2', '2026-06-03 16:32:41.242078', NULL, 'D', 'Equipo D2', 1, '2026-06-03 16:32:41.242078') RETURNING "id" /*application='Golbet'*/[0m
  ↳ app/services/fixture_importer.rb:27:in 'block in FixtureImporter#import_teams'
  [1m[36mTRANSACTION (0.0ms)[0m  [1m[35mCOMMIT TRANSACTION /*application='Golbet'*/[0m
  ↳ app/services/fixture_importer.rb:27:in 'block in FixtureImporter#import_teams'
  [1m[36mTeam Load (0.0ms)[0m  [1m[34mSELECT "teams".* FROM "teams" WHERE "teams"."tournament_id" = 1 AND "teams"."code" = 'D3' LIMIT 1 /*application='Golbet'*/[0m
  ↳ app/services/fixture_importer.rb:25:in 'block in FixtureImporter#import_teams'
  [1m[36mTRANSACTION (0.0ms)[0m  [1m[35mBEGIN immediate TRANSACTION /*application='Golbet'*/[0m
  ↳ app/services/fixture_importer.rb:27:in 'block in FixtureImporter#import_teams'
  [1m[36mTeam Exists? (0.4ms)[0m  [1m[34mSELECT 1 AS one FROM "teams" WHERE "teams"."code" = 'D3' AND "teams"."tournament_id" = 1 LIMIT 1 /*application='Golbet'*/[0m
  ↳ app/services/fixture_importer.rb:27:in 'block in FixtureImporter#import_teams'
  [1m[36mTeam Create (0.0ms)[0m  [1m[32mINSERT INTO "teams" ("code", "created_at", "flag", "group", "name", "tournament_id", "updated_at") VALUES ('D3', '2026-06-03 16:32:41.243323', NULL, 'D', 'Equipo D3', 1, '2026-06-03 16:32:41.243323') RETURNING "id" /*application='Golbet'*/[0m
  ↳ app/services/fixture_importer.rb:27:in 'block in FixtureImporter#import_teams'
  [1m[36mTRANSACTION (0.0ms)[0m  [1m[35mCOMMIT TRANSACTION /*application='Golbet'*/[0m
  ↳ app/services/fixture_importer.rb:27:in 'block in FixtureImporter#import_teams'
  [1m[36mTeam Load (0.0ms)[0m  [1m[34mSELECT "teams".* FROM "teams" WHERE "teams"."tournament_id" = 1 AND "teams"."code" = 'D4' LIMIT 1 /*application='Golbet'*/[0m
  ↳ app/services/fixture_importer.rb:25:in 'block in FixtureImporter#import_teams'
  [1m[36mTRANSACTION (0.0ms)[0m  [1m[35mBEGIN immediate TRANSACTION /*application='Golbet'*/[0m
  ↳ app/services/fixture_importer.rb:27:in 'block in FixtureImporter#import_teams'
  [1m[36mTeam Exists? (0.2ms)[0m  [1m[34mSELECT 1 AS one FROM "teams" WHERE "teams"."code" = 'D4' AND "teams"."tournament_id" = 1 LIMIT 1 /*application='Golbet'*/[0m
  ↳ app/services/fixture_importer.rb:27:in 'block in FixtureImporter#import_teams'
  [1m[36mTeam Create (0.0ms)[0m  [1m[32mINSERT INTO "teams" ("code", "created_at", "flag", "group", "name", "tournament_id", "updated_at") VALUES ('D4', '2026-06-03 16:32:41.244419', NULL, 'D', 'Equipo D4', 1, '2026-06-03 16:32:41.244419') RETURNING "id" /*application='Golbet'*/[0m
  ↳ app/services/fixture_importer.rb:27:in 'block in FixtureImporter#import_teams'
  [1m[36mTRANSACTION (0.0ms)[0m  [1m[35mCOMMIT TRANSACTION /*application='Golbet'*/[0m
  ↳ app/services/fixture_importer.rb:27:in 'block in FixtureImporter#import_teams'
  [1m[36mTeam Load (0.1ms)[0m  [1m[34mSELECT "teams".* FROM "teams" WHERE "teams"."tournament_id" = 1 AND "teams"."code" = 'E1' LIMIT 1 /*application='Golbet'*/[0m
  ↳ app/services/fixture_importer.rb:25:in 'block in FixtureImporter#import_teams'
  [1m[36mTRANSACTION (0.0ms)[0m  [1m[35mBEGIN immediate TRANSACTION /*application='Golbet'*/[0m
  ↳ app/services/fixture_importer.rb:27:in 'block in FixtureImporter#import_teams'
  [1m[36mTeam Exists? (0.2ms)[0m  [1m[34mSELECT 1 AS one FROM "teams" WHERE "teams"."code" = 'E1' AND "teams"."tournament_id" = 1 LIMIT 1 /*application='Golbet'*/[0m
  ↳ app/services/fixture_importer.rb:27:in 'block in FixtureImporter#import_teams'
  [1m[36mTeam Create (0.0ms)[0m  [1m[32mINSERT INTO "teams" ("code", "created_at", "flag", "group", "name", "tournament_id", "updated_at") VALUES ('E1', '2026-06-03 16:32:41.245638', NULL, 'E', 'Equipo E1', 1, '2026-06-03 16:32:41.245638') RETURNING "id" /*application='Golbet'*/[0m
  ↳ app/services/fixture_importer.rb:27:in 'block in FixtureImporter#import_teams'
  [1m[36mTRANSACTION (0.0ms)[0m  [1m[35mCOMMIT TRANSACTION /*application='Golbet'*/[0m
  ↳ app/services/fixture_importer.rb:27:in 'block in FixtureImporter#import_teams'
  [1m[36mTeam Load (0.0ms)[0m  [1m[34mSELECT "teams".* FROM "teams" WHERE "teams"."tournament_id" = 1 AND "teams"."code" = 'E2' LIMIT 1 /*application='Golbet'*/[0m
  ↳ app/services/fixture_importer.rb:25:in 'block in FixtureImporter#import_teams'
  [1m[36mTRANSACTION (0.0ms)[0m  [1m[35mBEGIN immediate TRANSACTION /*application='Golbet'*/[0m
  ↳ app/services/fixture_importer.rb:27:in 'block in FixtureImporter#import_teams'
  [1m[36mTeam Exists? (0.2ms)[0m  [1m[34mSELECT 1 AS one FROM "teams" WHERE "teams"."code" = 'E2' AND "teams"."tournament_id" = 1 LIMIT 1 /*application='Golbet'*/[0m
  ↳ app/services/fixture_importer.rb:27:in 'block in FixtureImporter#import_teams'
  [1m[36mTeam Create (0.0ms)[0m  [1m[32mINSERT INTO "teams" ("code", "created_at", "flag", "group", "name", "tournament_id", "updated_at") VALUES ('E2', '2026-06-03 16:32:41.246707', NULL, 'E', 'Equipo E2', 1, '2026-06-03 16:32:41.246707') RETURNING "id" /*application='Golbet'*/[0m
  ↳ app/services/fixture_importer.rb:27:in 'block in FixtureImporter#import_teams'
  [1m[36mTRANSACTION (0.0ms)[0m  [1m[35mCOMMIT TRANSACTION /*application='Golbet'*/[0m
  ↳ app/services/fixture_importer.rb:27:in 'block in FixtureImporter#import_teams'
  [1m[36mTeam Load (0.0ms)[0m  [1m[34mSELECT "teams".* FROM "teams" WHERE "teams"."tournament_id" = 1 AND "teams"."code" = 'E3' LIMIT 1 /*application='Golbet'*/[0m
  ↳ app/services/fixture_importer.rb:25:in 'block in FixtureImporter#import_teams'
  [1m[36mTRANSACTION (0.0ms)[0m  [1m[35mBEGIN immediate TRANSACTION /*application='Golbet'*/[0m
  ↳ app/services/fixture_importer.rb:27:in 'block in FixtureImporter#import_teams'
  [1m[36mTeam Exists? (0.3ms)[0m  [1m[34mSELECT 1 AS one FROM "teams" WHERE "teams"."code" = 'E3' AND "teams"."tournament_id" = 1 LIMIT 1 /*application='Golbet'*/[0m
  ↳ app/services/fixture_importer.rb:27:in 'block in FixtureImporter#import_teams'
  [1m[36mTeam Create (0.0ms)[0m  [1m[32mINSERT INTO "teams" ("code", "created_at", "flag", "group", "name", "tournament_id", "updated_at") VALUES ('E3', '2026-06-03 16:32:41.247955', NULL, 'E', 'Equipo E3', 1, '2026-06-03 16:32:41.247955') RETURNING "id" /*application='Golbet'*/[0m
  ↳ app/services/fixture_importer.rb:27:in 'block in FixtureImporter#import_teams'
  [1m[36mTRANSACTION (0.0ms)[0m  [1m[35mCOMMIT TRANSACTION /*application='Golbet'*/[0m
  ↳ app/services/fixture_importer.rb:27:in 'block in FixtureImporter#import_teams'
  [1m[36mTeam Load (0.0ms)[0m  [1m[34mSELECT "teams".* FROM "teams" WHERE "teams"."tournament_id" = 1 AND "teams"."code" = 'E4' LIMIT 1 /*application='Golbet'*/[0m
  ↳ app/services/fixture_importer.rb:25:in 'block in FixtureImporter#import_teams'
  [1m[36mTRANSACTION (0.0ms)[0m  [1m[35mBEGIN immediate TRANSACTION /*application='Golbet'*/[0m
  ↳ app/services/fixture_importer.rb:27:in 'block in FixtureImporter#import_teams'
  [1m[36mTeam Exists? (0.4ms)[0m  [1m[34mSELECT 1 AS one FROM "teams" WHERE "teams"."code" = 'E4' AND "teams"."tournament_id" = 1 LIMIT 1 /*application='Golbet'*/[0m
  ↳ app/services/fixture_importer.rb:27:in 'block in FixtureImporter#import_teams'
  [1m[36mTeam Create (0.0ms)[0m  [1m[32mINSERT INTO "teams" ("code", "created_at", "flag", "group", "name", "tournament_id", "updated_at") VALUES ('E4', '2026-06-03 16:32:41.249335', NULL, 'E', 'Equipo E4', 1, '2026-06-03 16:32:41.249335') RETURNING "id" /*application='Golbet'*/[0m
  ↳ app/services/fixture_importer.rb:27:in 'block in FixtureImporter#import_teams'
  [1m[36mTRANSACTION (0.0ms)[0m  [1m[35mCOMMIT TRANSACTION /*application='Golbet'*/[0m
  ↳ app/services/fixture_importer.rb:27:in 'block in FixtureImporter#import_teams'
  [1m[36mTeam Load (0.0ms)[0m  [1m[34mSELECT "teams".* FROM "teams" WHERE "teams"."tournament_id" = 1 AND "teams"."code" = 'F1' LIMIT 1 /*application='Golbet'*/[0m
  ↳ app/services/fixture_importer.rb:25:in 'block in FixtureImporter#import_teams'
  [1m[36mTRANSACTION (0.0ms)[0m  [1m[35mBEGIN immediate TRANSACTION /*application='Golbet'*/[0m
  ↳ app/services/fixture_importer.rb:27:in 'block in FixtureImporter#import_teams'
  [1m[36mTeam Exists? (0.2ms)[0m  [1m[34mSELECT 1 AS one FROM "teams" WHERE "teams"."code" = 'F1' AND "teams"."tournament_id" = 1 LIMIT 1 /*application='Golbet'*/[0m
  ↳ app/services/fixture_importer.rb:27:in 'block in FixtureImporter#import_teams'
  [1m[36mTeam Create (0.0ms)[0m  [1m[32mINSERT INTO "teams" ("code", "created_at", "flag", "group", "name", "tournament_id", "updated_at") VALUES ('F1', '2026-06-03 16:32:41.250463', NULL, 'F', 'Equipo F1', 1, '2026-06-03 16:32:41.250463') RETURNING "id" /*application='Golbet'*/[0m
  ↳ app/services/fixture_importer.rb:27:in 'block in FixtureImporter#import_teams'
  [1m[36mTRANSACTION (0.0ms)[0m  [1m[35mCOMMIT TRANSACTION /*application='Golbet'*/[0m
  ↳ app/services/fixture_importer.rb:27:in 'block in FixtureImporter#import_teams'
  [1m[36mTeam Load (0.0ms)[0m  [1m[34mSELECT "teams".* FROM "teams" WHERE "teams"."tournament_id" = 1 AND "teams"."code" = 'F2' LIMIT 1 /*application='Golbet'*/[0m
  ↳ app/services/fixture_importer.rb:25:in 'block in FixtureImporter#import_teams'
  [1m[36mTRANSACTION (0.0ms)[0m  [1m[35mBEGIN immediate TRANSACTION /*application='Golbet'*/[0m
  ↳ app/services/fixture_importer.rb:27:in 'block in FixtureImporter#import_teams'
  [1m[36mTeam Exists? (0.2ms)[0m  [1m[34mSELECT 1 AS one FROM "teams" WHERE "teams"."code" = 'F2' AND "teams"."tournament_id" = 1 LIMIT 1 /*application='Golbet'*/[0m
  ↳ app/services/fixture_importer.rb:27:in 'block in FixtureImporter#import_teams'
  [1m[36mTeam Create (0.0ms)[0m  [1m[32mINSERT INTO "teams" ("code", "created_at", "flag", "group", "name", "tournament_id", "updated_at") VALUES ('F2', '2026-06-03 16:32:41.251546', NULL, 'F', 'Equipo F2', 1, '2026-06-03 16:32:41.251546') RETURNING "id" /*application='Golbet'*/[0m
  ↳ app/services/fixture_importer.rb:27:in 'block in FixtureImporter#import_teams'
  [1m[36mTRANSACTION (0.0ms)[0m  [1m[35mCOMMIT TRANSACTION /*application='Golbet'*/[0m
  ↳ app/services/fixture_importer.rb:27:in 'block in FixtureImporter#import_teams'
  [1m[36mTeam Load (0.0ms)[0m  [1m[34mSELECT "teams".* FROM "teams" WHERE "teams"."tournament_id" = 1 AND "teams"."code" = 'F3' LIMIT 1 /*application='Golbet'*/[0m
  ↳ app/services/fixture_importer.rb:25:in 'block in FixtureImporter#import_teams'
  [1m[36mTRANSACTION (0.0ms)[0m  [1m[35mBEGIN immediate TRANSACTION /*application='Golbet'*/[0m
  ↳ app/services/fixture_importer.rb:27:in 'block in FixtureImporter#import_teams'
  [1m[36mTeam Exists? (0.2ms)[0m  [1m[34mSELECT 1 AS one FROM "teams" WHERE "teams"."code" = 'F3' AND "teams"."tournament_id" = 1 LIMIT 1 /*application='Golbet'*/[0m
  ↳ app/services/fixture_importer.rb:27:in 'block in FixtureImporter#import_teams'
  [1m[36mTeam Create (0.0ms)[0m  [1m[32mINSERT INTO "teams" ("code", "created_at", "flag", "group", "name", "tournament_id", "updated_at") VALUES ('F3', '2026-06-03 16:32:41.252613', NULL, 'F', 'Equipo F3', 1, '2026-06-03 16:32:41.252613') RETURNING "id" /*application='Golbet'*/[0m
  ↳ app/services/fixture_importer.rb:27:in 'block in FixtureImporter#import_teams'
  [1m[36mTRANSACTION (0.0ms)[0m  [1m[35mCOMMIT TRANSACTION /*application='Golbet'*/[0m
  ↳ app/services/fixture_importer.rb:27:in 'block in FixtureImporter#import_teams'
  [1m[36mTeam Load (0.0ms)[0m  [1m[34mSELECT "teams".* FROM "teams" WHERE "teams"."tournament_id" = 1 AND "teams"."code" = 'F4' LIMIT 1 /*application='Golbet'*/[0m
  ↳ app/services/fixture_importer.rb:25:in 'block in FixtureImporter#import_teams'
  [1m[36mTRANSACTION (0.0ms)[0m  [1m[35mBEGIN immediate TRANSACTION /*application='Golbet'*/[0m
  ↳ app/services/fixture_importer.rb:27:in 'block in FixtureImporter#import_teams'
  [1m[36mTeam Exists? (0.2ms)[0m  [1m[34mSELECT 1 AS one FROM "teams" WHERE "teams"."code" = 'F4' AND "teams"."tournament_id" = 1 LIMIT 1 /*application='Golbet'*/[0m
  ↳ app/services/fixture_importer.rb:27:in 'block in FixtureImporter#import_teams'
  [1m[36mTeam Create (0.0ms)[0m  [1m[32mINSERT INTO "teams" ("code", "created_at", "flag", "group", "name", "tournament_id", "updated_at") VALUES ('F4', '2026-06-03 16:32:41.253668', NULL, 'F', 'Equipo F4', 1, '2026-06-03 16:32:41.253668') RETURNING "id" /*application='Golbet'*/[0m
  ↳ app/services/fixture_importer.rb:27:in 'block in FixtureImporter#import_teams'
  [1m[36mTRANSACTION (0.0ms)[0m  [1m[35mCOMMIT TRANSACTION /*application='Golbet'*/[0m
  ↳ app/services/fixture_importer.rb:27:in 'block in FixtureImporter#import_teams'
  [1m[36mTeam Load (0.0ms)[0m  [1m[34mSELECT "teams".* FROM "teams" WHERE "teams"."tournament_id" = 1 AND "teams"."code" = 'G1' LIMIT 1 /*application='Golbet'*/[0m
  ↳ app/services/fixture_importer.rb:25:in 'block in FixtureImporter#import_teams'
  [1m[36mTRANSACTION (0.0ms)[0m  [1m[35mBEGIN immediate TRANSACTION /*application='Golbet'*/[0m
  ↳ app/services/fixture_importer.rb:27:in 'block in FixtureImporter#import_teams'
  [1m[36mTeam Exists? (0.2ms)[0m  [1m[34mSELECT 1 AS one FROM "teams" WHERE "teams"."code" = 'G1' AND "teams"."tournament_id" = 1 LIMIT 1 /*application='Golbet'*/[0m
  ↳ app/services/fixture_importer.rb:27:in 'block in FixtureImporter#import_teams'
  [1m[36mTeam Create (0.0ms)[0m  [1m[32mINSERT INTO "teams" ("code", "created_at", "flag", "group", "name", "tournament_id", "updated_at") VALUES ('G1', '2026-06-03 16:32:41.254783', NULL, 'G', 'Equipo G1', 1, '2026-06-03 16:32:41.254783') RETURNING "id" /*application='Golbet'*/[0m
  ↳ app/services/fixture_importer.rb:27:in 'block in FixtureImporter#import_teams'
  [1m[36mTRANSACTION (0.0ms)[0m  [1m[35mCOMMIT TRANSACTION /*application='Golbet'*/[0m
  ↳ app/services/fixture_importer.rb:27:in 'block in FixtureImporter#import_teams'
  [1m[36mTeam Load (0.0ms)[0m  [1m[34mSELECT "teams".* FROM "teams" WHERE "teams"."tournament_id" = 1 AND "teams"."code" = 'G2' LIMIT 1 /*application='Golbet'*/[0m
  ↳ app/services/fixture_importer.rb:25:in 'block in FixtureImporter#import_teams'
  [1m[36mTRANSACTION (0.0ms)[0m  [1m[35mBEGIN immediate TRANSACTION /*application='Golbet'*/[0m
  ↳ app/services/fixture_importer.rb:27:in 'block in FixtureImporter#import_teams'
  [1m[36mTeam Exists? (0.2ms)[0m  [1m[34mSELECT 1 AS one FROM "teams" WHERE "teams"."code" = 'G2' AND "teams"."tournament_id" = 1 LIMIT 1 /*application='Golbet'*/[0m
  ↳ app/services/fixture_importer.rb:27:in 'block in FixtureImporter#import_teams'
  [1m[36mTeam Create (0.0ms)[0m  [1m[32mINSERT INTO "teams" ("code", "created_at", "flag", "group", "name", "tournament_id", "updated_at") VALUES ('G2', '2026-06-03 16:32:41.255864', NULL, 'G', 'Equipo G2', 1, '2026-06-03 16:32:41.255864') RETURNING "id" /*application='Golbet'*/[0m
  ↳ app/services/fixture_importer.rb:27:in 'block in FixtureImporter#import_teams'
  [1m[36mTRANSACTION (0.0ms)[0m  [1m[35mCOMMIT TRANSACTION /*application='Golbet'*/[0m
  ↳ app/services/fixture_importer.rb:27:in 'block in FixtureImporter#import_teams'
  [1m[36mTeam Load (0.0ms)[0m  [1m[34mSELECT "teams".* FROM "teams" WHERE "teams"."tournament_id" = 1 AND "teams"."code" = 'G3' LIMIT 1 /*application='Golbet'*/[0m
  ↳ app/services/fixture_importer.rb:25:in 'block in FixtureImporter#import_teams'
  [1m[36mTRANSACTION (0.0ms)[0m  [1m[35mBEGIN immediate TRANSACTION /*application='Golbet'*/[0m
  ↳ app/services/fixture_importer.rb:27:in 'block in FixtureImporter#import_teams'
  [1m[36mTeam Exists? (0.2ms)[0m  [1m[34mSELECT 1 AS one FROM "teams" WHERE "teams"."code" = 'G3' AND "teams"."tournament_id" = 1 LIMIT 1 /*application='Golbet'*/[0m
  ↳ app/services/fixture_importer.rb:27:in 'block in FixtureImporter#import_teams'
  [1m[36mTeam Create (0.0ms)[0m  [1m[32mINSERT INTO "teams" ("code", "created_at", "flag", "group", "name", "tournament_id", "updated_at") VALUES ('G3', '2026-06-03 16:32:41.256932', NULL, 'G', 'Equipo G3', 1, '2026-06-03 16:32:41.256932') RETURNING "id" /*application='Golbet'*/[0m
  ↳ app/services/fixture_importer.rb:27:in 'block in FixtureImporter#import_teams'
  [1m[36mTRANSACTION (0.0ms)[0m  [1m[35mCOMMIT TRANSACTION /*application='Golbet'*/[0m
  ↳ app/services/fixture_importer.rb:27:in 'block in FixtureImporter#import_teams'
  [1m[36mTeam Load (0.0ms)[0m  [1m[34mSELECT "teams".* FROM "teams" WHERE "teams"."tournament_id" = 1 AND "teams"."code" = 'G4' LIMIT 1 /*application='Golbet'*/[0m
  ↳ app/services/fixture_importer.rb:25:in 'block in FixtureImporter#import_teams'
  [1m[36mTRANSACTION (0.0ms)[0m  [1m[35mBEGIN immediate TRANSACTION /*application='Golbet'*/[0m
  ↳ app/services/fixture_importer.rb:27:in 'block in FixtureImporter#import_teams'
  [1m[36mTeam Exists? (0.2ms)[0m  [1m[34mSELECT 1 AS one FROM "teams" WHERE "teams"."code" = 'G4' AND "teams"."tournament_id" = 1 LIMIT 1 /*application='Golbet'*/[0m
  ↳ app/services/fixture_importer.rb:27:in 'block in FixtureImporter#import_teams'
  [1m[36mTeam Create (0.0ms)[0m  [1m[32mINSERT INTO "teams" ("code", "created_at", "flag", "group", "name", "tournament_id", "updated_at") VALUES ('G4', '2026-06-03 16:32:41.257992', NULL, 'G', 'Equipo G4', 1, '2026-06-03 16:32:41.257992') RETURNING "id" /*application='Golbet'*/[0m
  ↳ app/services/fixture_importer.rb:27:in 'block in FixtureImporter#import_teams'
  [1m[36mTRANSACTION (0.0ms)[0m  [1m[35mCOMMIT TRANSACTION /*application='Golbet'*/[0m
  ↳ app/services/fixture_importer.rb:27:in 'block in FixtureImporter#import_teams'
  [1m[36mTeam Load (0.0ms)[0m  [1m[34mSELECT "teams".* FROM "teams" WHERE "teams"."tournament_id" = 1 AND "teams"."code" = 'H1' LIMIT 1 /*application='Golbet'*/[0m
  ↳ app/services/fixture_importer.rb:25:in 'block in FixtureImporter#import_teams'
  [1m[36mTRANSACTION (0.0ms)[0m  [1m[35mBEGIN immediate TRANSACTION /*application='Golbet'*/[0m
  ↳ app/services/fixture_importer.rb:27:in 'block in FixtureImporter#import_teams'
  [1m[36mTeam Exists? (0.2ms)[0m  [1m[34mSELECT 1 AS one FROM "teams" WHERE "teams"."code" = 'H1' AND "teams"."tournament_id" = 1 LIMIT 1 /*application='Golbet'*/[0m
  ↳ app/services/fixture_importer.rb:27:in 'block in FixtureImporter#import_teams'
  [1m[36mTeam Create (0.0ms)[0m  [1m[32mINSERT INTO "teams" ("code", "created_at", "flag", "group", "name", "tournament_id", "updated_at") VALUES ('H1', '2026-06-03 16:32:41.259163', NULL, 'H', 'Equipo H1', 1, '2026-06-03 16:32:41.259163') RETURNING "id" /*application='Golbet'*/[0m
  ↳ app/services/fixture_importer.rb:27:in 'block in FixtureImporter#import_teams'
  [1m[36mTRANSACTION (0.0ms)[0m  [1m[35mCOMMIT TRANSACTION /*application='Golbet'*/[0m
  ↳ app/services/fixture_importer.rb:27:in 'block in FixtureImporter#import_teams'
  [1m[36mTeam Load (0.0ms)[0m  [1m[34mSELECT "teams".* FROM "teams" WHERE "teams"."tournament_id" = 1 AND "teams"."code" = 'H2' LIMIT 1 /*application='Golbet'*/[0m
  ↳ app/services/fixture_importer.rb:25:in 'block in FixtureImporter#import_teams'
  [1m[36mTRANSACTION (0.0ms)[0m  [1m[35mBEGIN immediate TRANSACTION /*application='Golbet'*/[0m
  ↳ app/services/fixture_importer.rb:27:in 'block in FixtureImporter#import_teams'
  [1m[36mTeam Exists? (0.2ms)[0m  [1m[34mSELECT 1 AS one FROM "teams" WHERE "teams"."code" = 'H2' AND "teams"."tournament_id" = 1 LIMIT 1 /*application='Golbet'*/[0m
  ↳ app/services/fixture_importer.rb:27:in 'block in FixtureImporter#import_teams'
  [1m[36mTeam Create (0.0ms)[0m  [1m[32mINSERT INTO "teams" ("code", "created_at", "flag", "group", "name", "tournament_id", "updated_at") VALUES ('H2', '2026-06-03 16:32:41.260267', NULL, 'H', 'Equipo H2', 1, '2026-06-03 16:32:41.260267') RETURNING "id" /*application='Golbet'*/[0m
  ↳ app/services/fixture_importer.rb:27:in 'block in FixtureImporter#import_teams'
  [1m[36mTRANSACTION (0.0ms)[0m  [1m[35mCOMMIT TRANSACTION /*application='Golbet'*/[0m
  ↳ app/services/fixture_importer.rb:27:in 'block in FixtureImporter#import_teams'
  [1m[36mTeam Load (0.0ms)[0m  [1m[34mSELECT "teams".* FROM "teams" WHERE "teams"."tournament_id" = 1 AND "teams"."code" = 'H3' LIMIT 1 /*application='Golbet'*/[0m
  ↳ app/services/fixture_importer.rb:25:in 'block in FixtureImporter#import_teams'
  [1m[36mTRANSACTION (0.0ms)[0m  [1m[35mBEGIN immediate TRANSACTION /*application='Golbet'*/[0m
  ↳ app/services/fixture_importer.rb:27:in 'block in FixtureImporter#import_teams'
  [1m[36mTeam Exists? (0.2ms)[0m  [1m[34mSELECT 1 AS one FROM "teams" WHERE "teams"."code" = 'H3' AND "teams"."tournament_id" = 1 LIMIT 1 /*application='Golbet'*/[0m
  ↳ app/services/fixture_importer.rb:27:in 'block in FixtureImporter#import_teams'
  [1m[36mTeam Create (0.0ms)[0m  [1m[32mINSERT INTO "teams" ("code", "created_at", "flag", "group", "name", "tournament_id", "updated_at") VALUES ('H3', '2026-06-03 16:32:41.261351', NULL, 'H', 'Equipo H3', 1, '2026-06-03 16:32:41.261351') RETURNING "id" /*application='Golbet'*/[0m
  ↳ app/services/fixture_importer.rb:27:in 'block in FixtureImporter#import_teams'
  [1m[36mTRANSACTION (0.0ms)[0m  [1m[35mCOMMIT TRANSACTION /*application='Golbet'*/[0m
  ↳ app/services/fixture_importer.rb:27:in 'block in FixtureImporter#import_teams'
  [1m[36mTeam Load (0.0ms)[0m  [1m[34mSELECT "teams".* FROM "teams" WHERE "teams"."tournament_id" = 1 AND "teams"."code" = 'H4' LIMIT 1 /*application='Golbet'*/[0m
  ↳ app/services/fixture_importer.rb:25:in 'block in FixtureImporter#import_teams'
  [1m[36mTRANSACTION (0.0ms)[0m  [1m[35mBEGIN immediate TRANSACTION /*application='Golbet'*/[0m
  ↳ app/services/fixture_importer.rb:27:in 'block in FixtureImporter#import_teams'
  [1m[36mTeam Exists? (0.2ms)[0m  [1m[34mSELECT 1 AS one FROM "teams" WHERE "teams"."code" = 'H4' AND "teams"."tournament_id" = 1 LIMIT 1 /*application='Golbet'*/[0m
  ↳ app/services/fixture_importer.rb:27:in 'block in FixtureImporter#import_teams'
  [1m[36mTeam Create (0.0ms)[0m  [1m[32mINSERT INTO "teams" ("code", "created_at", "flag", "group", "name", "tournament_id", "updated_at") VALUES ('H4', '2026-06-03 16:32:41.262414', NULL, 'H', 'Equipo H4', 1, '2026-06-03 16:32:41.262414') RETURNING "id" /*application='Golbet'*/[0m
  ↳ app/services/fixture_importer.rb:27:in 'block in FixtureImporter#import_teams'
  [1m[36mTRANSACTION (0.0ms)[0m  [1m[35mCOMMIT TRANSACTION /*application='Golbet'*/[0m
  ↳ app/services/fixture_importer.rb:27:in 'block in FixtureImporter#import_teams'
  [1m[36mTeam Load (0.0ms)[0m  [1m[34mSELECT "teams".* FROM "teams" WHERE "teams"."tournament_id" = 1 AND "teams"."code" = 'I1' LIMIT 1 /*application='Golbet'*/[0m
  ↳ app/services/fixture_importer.rb:25:in 'block in FixtureImporter#import_teams'
  [1m[36mTRANSACTION (0.0ms)[0m  [1m[35mBEGIN immediate TRANSACTION /*application='Golbet'*/[0m
  ↳ app/services/fixture_importer.rb:27:in 'block in FixtureImporter#import_teams'
  [1m[36mTeam Exists? (0.2ms)[0m  [1m[34mSELECT 1 AS one FROM "teams" WHERE "teams"."code" = 'I1' AND "teams"."tournament_id" = 1 LIMIT 1 /*application='Golbet'*/[0m
  ↳ app/services/fixture_importer.rb:27:in 'block in FixtureImporter#import_teams'
  [1m[36mTeam Create (0.0ms)[0m  [1m[32mINSERT INTO "teams" ("code", "created_at", "flag", "group", "name", "tournament_id", "updated_at") VALUES ('I1', '2026-06-03 16:32:41.263472', NULL, 'I', 'Equipo I1', 1, '2026-06-03 16:32:41.263472') RETURNING "id" /*application='Golbet'*/[0m
  ↳ app/services/fixture_importer.rb:27:in 'block in FixtureImporter#import_teams'
  [1m[36mTRANSACTION (0.0ms)[0m  [1m[35mCOMMIT TRANSACTION /*application='Golbet'*/[0m
  ↳ app/services/fixture_importer.rb:27:in 'block in FixtureImporter#import_teams'
  [1m[36mTeam Load (0.0ms)[0m  [1m[34mSELECT "teams".* FROM "teams" WHERE "teams"."tournament_id" = 1 AND "teams"."code" = 'I2' LIMIT 1 /*application='Golbet'*/[0m
  ↳ app/services/fixture_importer.rb:25:in 'block in FixtureImporter#import_teams'
  [1m[36mTRANSACTION (0.0ms)[0m  [1m[35mBEGIN immediate TRANSACTION /*application='Golbet'*/[0m
  ↳ app/services/fixture_importer.rb:27:in 'block in FixtureImporter#import_teams'
  [1m[36mTeam Exists? (0.2ms)[0m  [1m[34mSELECT 1 AS one FROM "teams" WHERE "teams"."code" = 'I2' AND "teams"."tournament_id" = 1 LIMIT 1 /*application='Golbet'*/[0m
  ↳ app/services/fixture_importer.rb:27:in 'block in FixtureImporter#import_teams'
  [1m[36mTeam Create (0.0ms)[0m  [1m[32mINSERT INTO "teams" ("code", "created_at", "flag", "group", "name", "tournament_id", "updated_at") VALUES ('I2', '2026-06-03 16:32:41.264619', NULL, 'I', 'Equipo I2', 1, '2026-06-03 16:32:41.264619') RETURNING "id" /*application='Golbet'*/[0m
  ↳ app/services/fixture_importer.rb:27:in 'block in FixtureImporter#import_teams'
  [1m[36mTRANSACTION (0.0ms)[0m  [1m[35mCOMMIT TRANSACTION /*application='Golbet'*/[0m
  ↳ app/services/fixture_importer.rb:27:in 'block in FixtureImporter#import_teams'
  [1m[36mTeam Load (0.0ms)[0m  [1m[34mSELECT "teams".* FROM "teams" WHERE "teams"."tournament_id" = 1 AND "teams"."code" = 'I3' LIMIT 1 /*application='Golbet'*/[0m
  ↳ app/services/fixture_importer.rb:25:in 'block in FixtureImporter#import_teams'
  [1m[36mTRANSACTION (0.0ms)[0m  [1m[35mBEGIN immediate TRANSACTION /*application='Golbet'*/[0m
  ↳ app/services/fixture_importer.rb:27:in 'block in FixtureImporter#import_teams'
  [1m[36mTeam Exists? (0.2ms)[0m  [1m[34mSELECT 1 AS one FROM "teams" WHERE "teams"."code" = 'I3' AND "teams"."tournament_id" = 1 LIMIT 1 /*application='Golbet'*/[0m
  ↳ app/services/fixture_importer.rb:27:in 'block in FixtureImporter#import_teams'
  [1m[36mTeam Create (0.0ms)[0m  [1m[32mINSERT INTO "teams" ("code", "created_at", "flag", "group", "name", "tournament_id", "updated_at") VALUES ('I3', '2026-06-03 16:32:41.265703', NULL, 'I', 'Equipo I3', 1, '2026-06-03 16:32:41.265703') RETURNING "id" /*application='Golbet'*/[0m
  ↳ app/services/fixture_importer.rb:27:in 'block in FixtureImporter#import_teams'
  [1m[36mTRANSACTION (0.0ms)[0m  [1m[35mCOMMIT TRANSACTION /*application='Golbet'*/[0m
  ↳ app/services/fixture_importer.rb:27:in 'block in FixtureImporter#import_teams'
  [1m[36mTeam Load (0.0ms)[0m  [1m[34mSELECT "teams".* FROM "teams" WHERE "teams"."tournament_id" = 1 AND "teams"."code" = 'I4' LIMIT 1 /*application='Golbet'*/[0m
  ↳ app/services/fixture_importer.rb:25:in 'block in FixtureImporter#import_teams'
  [1m[36mTRANSACTION (0.0ms)[0m  [1m[35mBEGIN immediate TRANSACTION /*application='Golbet'*/[0m
  ↳ app/services/fixture_importer.rb:27:in 'block in FixtureImporter#import_teams'
  [1m[36mTeam Exists? (0.2ms)[0m  [1m[34mSELECT 1 AS one FROM "teams" WHERE "teams"."code" = 'I4' AND "teams"."tournament_id" = 1 LIMIT 1 /*application='Golbet'*/[0m
  ↳ app/services/fixture_importer.rb:27:in 'block in FixtureImporter#import_teams'
  [1m[36mTeam Create (0.0ms)[0m  [1m[32mINSERT INTO "teams" ("code", "created_at", "flag", "group", "name", "tournament_id", "updated_at") VALUES ('I4', '2026-06-03 16:32:41.266799', NULL, 'I', 'Equipo I4', 1, '2026-06-03 16:32:41.266799') RETURNING "id" /*application='Golbet'*/[0m
  ↳ app/services/fixture_importer.rb:27:in 'block in FixtureImporter#import_teams'
  [1m[36mTRANSACTION (0.0ms)[0m  [1m[35mCOMMIT TRANSACTION /*application='Golbet'*/[0m
  ↳ app/services/fixture_importer.rb:27:in 'block in FixtureImporter#import_teams'
  [1m[36mTeam Load (0.0ms)[0m  [1m[34mSELECT "teams".* FROM "teams" WHERE "teams"."tournament_id" = 1 AND "teams"."code" = 'J1' LIMIT 1 /*application='Golbet'*/[0m
  ↳ app/services/fixture_importer.rb:25:in 'block in FixtureImporter#import_teams'
  [1m[36mTRANSACTION (0.0ms)[0m  [1m[35mBEGIN immediate TRANSACTION /*application='Golbet'*/[0m
  ↳ app/services/fixture_importer.rb:27:in 'block in FixtureImporter#import_teams'
  [1m[36mTeam Exists? (0.3ms)[0m  [1m[34mSELECT 1 AS one FROM "teams" WHERE "teams"."code" = 'J1' AND "teams"."tournament_id" = 1 LIMIT 1 /*application='Golbet'*/[0m
  ↳ app/services/fixture_importer.rb:27:in 'block in FixtureImporter#import_teams'
  [1m[36mTeam Create (0.0ms)[0m  [1m[32mINSERT INTO "teams" ("code", "created_at", "flag", "group", "name", "tournament_id", "updated_at") VALUES ('J1', '2026-06-03 16:32:41.268253', NULL, 'J', 'Equipo J1', 1, '2026-06-03 16:32:41.268253') RETURNING "id" /*application='Golbet'*/[0m
  ↳ app/services/fixture_importer.rb:27:in 'block in FixtureImporter#import_teams'
  [1m[36mTRANSACTION (0.0ms)[0m  [1m[35mCOMMIT TRANSACTION /*application='Golbet'*/[0m
  ↳ app/services/fixture_importer.rb:27:in 'block in FixtureImporter#import_teams'
  [1m[36mTeam Load (0.0ms)[0m  [1m[34mSELECT "teams".* FROM "teams" WHERE "teams"."tournament_id" = 1 AND "teams"."code" = 'J2' LIMIT 1 /*application='Golbet'*/[0m
  ↳ app/services/fixture_importer.rb:25:in 'block in FixtureImporter#import_teams'
  [1m[36mTRANSACTION (0.0ms)[0m  [1m[35mBEGIN immediate TRANSACTION /*application='Golbet'*/[0m
  ↳ app/services/fixture_importer.rb:27:in 'block in FixtureImporter#import_teams'
  [1m[36mTeam Exists? (0.6ms)[0m  [1m[34mSELECT 1 AS one FROM "teams" WHERE "teams"."code" = 'J2' AND "teams"."tournament_id" = 1 LIMIT 1 /*application='Golbet'*/[0m
  ↳ app/services/fixture_importer.rb:27:in 'block in FixtureImporter#import_teams'
  [1m[36mTeam Create (0.0ms)[0m  [1m[32mINSERT INTO "teams" ("code", "created_at", "flag", "group", "name", "tournament_id", "updated_at") VALUES ('J2', '2026-06-03 16:32:41.270630', NULL, 'J', 'Equipo J2', 1, '2026-06-03 16:32:41.270630') RETURNING "id" /*application='Golbet'*/[0m
  ↳ app/services/fixture_importer.rb:27:in 'block in FixtureImporter#import_teams'
  [1m[36mTRANSACTION (0.0ms)[0m  [1m[35mCOMMIT TRANSACTION /*application='Golbet'*/[0m
  ↳ app/services/fixture_importer.rb:27:in 'block in FixtureImporter#import_teams'
  [1m[36mTeam Load (0.0ms)[0m  [1m[34mSELECT "teams".* FROM "teams" WHERE "teams"."tournament_id" = 1 AND "teams"."code" = 'J3' LIMIT 1 /*application='Golbet'*/[0m
  ↳ app/services/fixture_importer.rb:25:in 'block in FixtureImporter#import_teams'
  [1m[36mTRANSACTION (0.0ms)[0m  [1m[35mBEGIN immediate TRANSACTION /*application='Golbet'*/[0m
  ↳ app/services/fixture_importer.rb:27:in 'block in FixtureImporter#import_teams'
  [1m[36mTeam Exists? (0.8ms)[0m  [1m[34mSELECT 1 AS one FROM "teams" WHERE "teams"."code" = 'J3' AND "teams"."tournament_id" = 1 LIMIT 1 /*application='Golbet'*/[0m
  ↳ app/services/fixture_importer.rb:27:in 'block in FixtureImporter#import_teams'
  [1m[36mTeam Create (0.0ms)[0m  [1m[32mINSERT INTO "teams" ("code", "created_at", "flag", "group", "name", "tournament_id", "updated_at") VALUES ('J3', '2026-06-03 16:32:41.273881', NULL, 'J', 'Equipo J3', 1, '2026-06-03 16:32:41.273881') RETURNING "id" /*application='Golbet'*/[0m
  ↳ app/services/fixture_importer.rb:27:in 'block in FixtureImporter#import_teams'
  [1m[36mTRANSACTION (0.0ms)[0m  [1m[35mCOMMIT TRANSACTION /*application='Golbet'*/[0m
  ↳ app/services/fixture_importer.rb:27:in 'block in FixtureImporter#import_teams'
  [1m[36mTeam Load (0.0ms)[0m  [1m[34mSELECT "teams".* FROM "teams" WHERE "teams"."tournament_id" = 1 AND "teams"."code" = 'J4' LIMIT 1 /*application='Golbet'*/[0m
  ↳ app/services/fixture_importer.rb:25:in 'block in FixtureImporter#import_teams'
  [1m[36mTRANSACTION (0.0ms)[0m  [1m[35mBEGIN immediate TRANSACTION /*application='Golbet'*/[0m
  ↳ app/services/fixture_importer.rb:27:in 'block in FixtureImporter#import_teams'
  [1m[36mTeam Exists? (6.6ms)[0m  [1m[34mSELECT 1 AS one FROM "teams" WHERE "teams"."code" = 'J4' AND "teams"."tournament_id" = 1 LIMIT 1 /*application='Golbet'*/[0m
  ↳ app/services/fixture_importer.rb:27:in 'block in FixtureImporter#import_teams'
  [1m[36mTeam Create (0.0ms)[0m  [1m[32mINSERT INTO "teams" ("code", "created_at", "flag", "group", "name", "tournament_id", "updated_at") VALUES ('J4', '2026-06-03 16:32:41.282450', NULL, 'J', 'Equipo J4', 1, '2026-06-03 16:32:41.282450') RETURNING "id" /*application='Golbet'*/[0m
  ↳ app/services/fixture_importer.rb:27:in 'block in FixtureImporter#import_teams'
  [1m[36mTRANSACTION (0.0ms)[0m  [1m[35mCOMMIT TRANSACTION /*application='Golbet'*/[0m
  ↳ app/services/fixture_importer.rb:27:in 'block in FixtureImporter#import_teams'
  [1m[36mTeam Load (0.0ms)[0m  [1m[34mSELECT "teams".* FROM "teams" WHERE "teams"."tournament_id" = 1 AND "teams"."code" = 'K1' LIMIT 1 /*application='Golbet'*/[0m
  ↳ app/services/fixture_importer.rb:25:in 'block in FixtureImporter#import_teams'
  [1m[36mTRANSACTION (0.0ms)[0m  [1m[35mBEGIN immediate TRANSACTION /*application='Golbet'*/[0m
  ↳ app/services/fixture_importer.rb:27:in 'block in FixtureImporter#import_teams'
  [1m[36mTeam Exists? (0.2ms)[0m  [1m[34mSELECT 1 AS one FROM "teams" WHERE "teams"."code" = 'K1' AND "teams"."tournament_id" = 1 LIMIT 1 /*application='Golbet'*/[0m
  ↳ app/services/fixture_importer.rb:27:in 'block in FixtureImporter#import_teams'
  [1m[36mTeam Create (0.0ms)[0m  [1m[32mINSERT INTO "teams" ("code", "created_at", "flag", "group", "name", "tournament_id", "updated_at") VALUES ('K1', '2026-06-03 16:32:41.283684', NULL, 'K', 'Equipo K1', 1, '2026-06-03 16:32:41.283684') RETURNING "id" /*application='Golbet'*/[0m
  ↳ app/services/fixture_importer.rb:27:in 'block in FixtureImporter#import_teams'
  [1m[36mTRANSACTION (0.0ms)[0m  [1m[35mCOMMIT TRANSACTION /*application='Golbet'*/[0m
  ↳ app/services/fixture_importer.rb:27:in 'block in FixtureImporter#import_teams'
  [1m[36mTeam Load (0.0ms)[0m  [1m[34mSELECT "teams".* FROM "teams" WHERE "teams"."tournament_id" = 1 AND "teams"."code" = 'K2' LIMIT 1 /*application='Golbet'*/[0m
  ↳ app/services/fixture_importer.rb:25:in 'block in FixtureImporter#import_teams'
  [1m[36mTRANSACTION (0.0ms)[0m  [1m[35mBEGIN immediate TRANSACTION /*application='Golbet'*/[0m
  ↳ app/services/fixture_importer.rb:27:in 'block in FixtureImporter#import_teams'
  [1m[36mTeam Exists? (0.2ms)[0m  [1m[34mSELECT 1 AS one FROM "teams" WHERE "teams"."code" = 'K2' AND "teams"."tournament_id" = 1 LIMIT 1 /*application='Golbet'*/[0m
  ↳ app/services/fixture_importer.rb:27:in 'block in FixtureImporter#import_teams'
  [1m[36mTeam Create (0.0ms)[0m  [1m[32mINSERT INTO "teams" ("code", "created_at", "flag", "group", "name", "tournament_id", "updated_at") VALUES ('K2', '2026-06-03 16:32:41.285204', NULL, 'K', 'Equipo K2', 1, '2026-06-03 16:32:41.285204') RETURNING "id" /*application='Golbet'*/[0m
  ↳ app/services/fixture_importer.rb:27:in 'block in FixtureImporter#import_teams'
  [1m[36mTRANSACTION (0.0ms)[0m  [1m[35mCOMMIT TRANSACTION /*application='Golbet'*/[0m
  ↳ app/services/fixture_importer.rb:27:in 'block in FixtureImporter#import_teams'
  [1m[36mTeam Load (0.0ms)[0m  [1m[34mSELECT "teams".* FROM "teams" WHERE "teams"."tournament_id" = 1 AND "teams"."code" = 'K3' LIMIT 1 /*application='Golbet'*/[0m
  ↳ app/services/fixture_importer.rb:25:in 'block in FixtureImporter#import_teams'
  [1m[36mTRANSACTION (0.0ms)[0m  [1m[35mBEGIN immediate TRANSACTION /*application='Golbet'*/[0m
  ↳ app/services/fixture_importer.rb:27:in 'block in FixtureImporter#import_teams'
  [1m[36mTeam Exists? (0.2ms)[0m  [1m[34mSELECT 1 AS one FROM "teams" WHERE "teams"."code" = 'K3' AND "teams"."tournament_id" = 1 LIMIT 1 /*application='Golbet'*/[0m
  ↳ app/services/fixture_importer.rb:27:in 'block in FixtureImporter#import_teams'
  [1m[36mTeam Create (0.0ms)[0m  [1m[32mINSERT INTO "teams" ("code", "created_at", "flag", "group", "name", "tournament_id", "updated_at") VALUES ('K3', '2026-06-03 16:32:41.286298', NULL, 'K', 'Equipo K3', 1, '2026-06-03 16:32:41.286298') RETURNING "id" /*application='Golbet'*/[0m
  ↳ app/services/fixture_importer.rb:27:in 'block in FixtureImporter#import_teams'
  [1m[36mTRANSACTION (0.0ms)[0m  [1m[35mCOMMIT TRANSACTION /*application='Golbet'*/[0m
  ↳ app/services/fixture_importer.rb:27:in 'block in FixtureImporter#import_teams'
  [1m[36mTeam Load (0.0ms)[0m  [1m[34mSELECT "teams".* FROM "teams" WHERE "teams"."tournament_id" = 1 AND "teams"."code" = 'K4' LIMIT 1 /*application='Golbet'*/[0m
  ↳ app/services/fixture_importer.rb:25:in 'block in FixtureImporter#import_teams'
  [1m[36mTRANSACTION (0.0ms)[0m  [1m[35mBEGIN immediate TRANSACTION /*application='Golbet'*/[0m
  ↳ app/services/fixture_importer.rb:27:in 'block in FixtureImporter#import_teams'
  [1m[36mTeam Exists? (0.2ms)[0m  [1m[34mSELECT 1 AS one FROM "teams" WHERE "teams"."code" = 'K4' AND "teams"."tournament_id" = 1 LIMIT 1 /*application='Golbet'*/[0m
  ↳ app/services/fixture_importer.rb:27:in 'block in FixtureImporter#import_teams'
  [1m[36mTeam Create (0.0ms)[0m  [1m[32mINSERT INTO "teams" ("code", "created_at", "flag", "group", "name", "tournament_id", "updated_at") VALUES ('K4', '2026-06-03 16:32:41.287687', NULL, 'K', 'Equipo K4', 1, '2026-06-03 16:32:41.287687') RETURNING "id" /*application='Golbet'*/[0m
  ↳ app/services/fixture_importer.rb:27:in 'block in FixtureImporter#import_teams'
  [1m[36mTRANSACTION (0.0ms)[0m  [1m[35mCOMMIT TRANSACTION /*application='Golbet'*/[0m
  ↳ app/services/fixture_importer.rb:27:in 'block in FixtureImporter#import_teams'
  [1m[36mTeam Load (0.0ms)[0m  [1m[34mSELECT "teams".* FROM "teams" WHERE "teams"."tournament_id" = 1 AND "teams"."code" = 'L1' LIMIT 1 /*application='Golbet'*/[0m
  ↳ app/services/fixture_importer.rb:25:in 'block in FixtureImporter#import_teams'
  [1m[36mTRANSACTION (0.0ms)[0m  [1m[35mBEGIN immediate TRANSACTION /*application='Golbet'*/[0m
  ↳ app/services/fixture_importer.rb:27:in 'block in FixtureImporter#import_teams'
  [1m[36mTeam Exists? (0.2ms)[0m  [1m[34mSELECT 1 AS one FROM "teams" WHERE "teams"."code" = 'L1' AND "teams"."tournament_id" = 1 LIMIT 1 /*application='Golbet'*/[0m
  ↳ app/services/fixture_importer.rb:27:in 'block in FixtureImporter#import_teams'
  [1m[36mTeam Create (0.0ms)[0m  [1m[32mINSERT INTO "teams" ("code", "created_at", "flag", "group", "name", "tournament_id", "updated_at") VALUES ('L1', '2026-06-03 16:32:41.288759', NULL, 'L', 'Equipo L1', 1, '2026-06-03 16:32:41.288759') RETURNING "id" /*application='Golbet'*/[0m
  ↳ app/services/fixture_importer.rb:27:in 'block in FixtureImporter#import_teams'
  [1m[36mTRANSACTION (0.0ms)[0m  [1m[35mCOMMIT TRANSACTION /*application='Golbet'*/[0m
  ↳ app/services/fixture_importer.rb:27:in 'block in FixtureImporter#import_teams'
  [1m[36mTeam Load (0.0ms)[0m  [1m[34mSELECT "teams".* FROM "teams" WHERE "teams"."tournament_id" = 1 AND "teams"."code" = 'L2' LIMIT 1 /*application='Golbet'*/[0m
  ↳ app/services/fixture_importer.rb:25:in 'block in FixtureImporter#import_teams'
  [1m[36mTRANSACTION (0.0ms)[0m  [1m[35mBEGIN immediate TRANSACTION /*application='Golbet'*/[0m
  ↳ app/services/fixture_importer.rb:27:in 'block in FixtureImporter#import_teams'
  [1m[36mTeam Exists? (0.2ms)[0m  [1m[34mSELECT 1 AS one FROM "teams" WHERE "teams"."code" = 'L2' AND "teams"."tournament_id" = 1 LIMIT 1 /*application='Golbet'*/[0m
  ↳ app/services/fixture_importer.rb:27:in 'block in FixtureImporter#import_teams'
  [1m[36mTeam Create (0.0ms)[0m  [1m[32mINSERT INTO "teams" ("code", "created_at", "flag", "group", "name", "tournament_id", "updated_at") VALUES ('L2', '2026-06-03 16:32:41.289958', NULL, 'L', 'Equipo L2', 1, '2026-06-03 16:32:41.289958') RETURNING "id" /*application='Golbet'*/[0m
  ↳ app/services/fixture_importer.rb:27:in 'block in FixtureImporter#import_teams'
  [1m[36mTRANSACTION (0.0ms)[0m  [1m[35mCOMMIT TRANSACTION /*application='Golbet'*/[0m
  ↳ app/services/fixture_importer.rb:27:in 'block in FixtureImporter#import_teams'
  [1m[36mTeam Load (0.0ms)[0m  [1m[34mSELECT "teams".* FROM "teams" WHERE "teams"."tournament_id" = 1 AND "teams"."code" = 'L3' LIMIT 1 /*application='Golbet'*/[0m
  ↳ app/services/fixture_importer.rb:25:in 'block in FixtureImporter#import_teams'
  [1m[36mTRANSACTION (0.0ms)[0m  [1m[35mBEGIN immediate TRANSACTION /*application='Golbet'*/[0m
  ↳ app/services/fixture_importer.rb:27:in 'block in FixtureImporter#import_teams'
  [1m[36mTeam Exists? (0.2ms)[0m  [1m[34mSELECT 1 AS one FROM "teams" WHERE "teams"."code" = 'L3' AND "teams"."tournament_id" = 1 LIMIT 1 /*application='Golbet'*/[0m
  ↳ app/services/fixture_importer.rb:27:in 'block in FixtureImporter#import_teams'
  [1m[36mTeam Create (0.0ms)[0m  [1m[32mINSERT INTO "teams" ("code", "created_at", "flag", "group", "name", "tournament_id", "updated_at") VALUES ('L3', '2026-06-03 16:32:41.291148', NULL, 'L', 'Equipo L3', 1, '2026-06-03 16:32:41.291148') RETURNING "id" /*application='Golbet'*/[0m
  ↳ app/services/fixture_importer.rb:27:in 'block in FixtureImporter#import_teams'
  [1m[36mTRANSACTION (0.0ms)[0m  [1m[35mCOMMIT TRANSACTION /*application='Golbet'*/[0m
  ↳ app/services/fixture_importer.rb:27:in 'block in FixtureImporter#import_teams'
  [1m[36mTeam Load (0.0ms)[0m  [1m[34mSELECT "teams".* FROM "teams" WHERE "teams"."tournament_id" = 1 AND "teams"."code" = 'L4' LIMIT 1 /*application='Golbet'*/[0m
  ↳ app/services/fixture_importer.rb:25:in 'block in FixtureImporter#import_teams'
  [1m[36mTRANSACTION (0.0ms)[0m  [1m[35mBEGIN immediate TRANSACTION /*application='Golbet'*/[0m
  ↳ app/services/fixture_importer.rb:27:in 'block in FixtureImporter#import_teams'
  [1m[36mTeam Exists? (0.2ms)[0m  [1m[34mSELECT 1 AS one FROM "teams" WHERE "teams"."code" = 'L4' AND "teams"."tournament_id" = 1 LIMIT 1 /*application='Golbet'*/[0m
  ↳ app/services/fixture_importer.rb:27:in 'block in FixtureImporter#import_teams'
  [1m[36mTeam Create (0.0ms)[0m  [1m[32mINSERT INTO "teams" ("code", "created_at", "flag", "group", "name", "tournament_id", "updated_at") VALUES ('L4', '2026-06-03 16:32:41.292206', NULL, 'L', 'Equipo L4', 1, '2026-06-03 16:32:41.292206') RETURNING "id" /*application='Golbet'*/[0m
  ↳ app/services/fixture_importer.rb:27:in 'block in FixtureImporter#import_teams'
  [1m[36mTRANSACTION (0.0ms)[0m  [1m[35mCOMMIT TRANSACTION /*application='Golbet'*/[0m
  ↳ app/services/fixture_importer.rb:27:in 'block in FixtureImporter#import_teams'
  [1m[36mTeam Load (0.0ms)[0m  [1m[34mSELECT "teams".* FROM "teams" WHERE "teams"."tournament_id" = 1 /*application='Golbet'*/[0m
  ↳ app/services/fixture_importer.rb:34:in 'FixtureImporter#import_matches'
  [1m[36mMatch Load (0.0ms)[0m  [1m[34mSELECT "matches".* FROM "matches" WHERE "matches"."tournament_id" = 1 AND "matches"."stage" = 'group' AND "matches"."home_team_id" = 1 AND "matches"."away_team_id" = 2 LIMIT 1 /*application='Golbet'*/[0m
  ↳ app/services/fixture_importer.rb:42:in 'block in FixtureImporter#import_matches'
  [1m[36mTRANSACTION (0.0ms)[0m  [1m[35mBEGIN immediate TRANSACTION /*application='Golbet'*/[0m
  ↳ app/services/fixture_importer.rb:44:in 'block in FixtureImporter#import_matches'
  [1m[36mMatch Create (0.3ms)[0m  [1m[32mINSERT INTO "matches" ("away_label", "away_score", "away_team_id", "created_at", "group", "home_label", "home_score", "home_team_id", "kickoff_at", "slot", "stage", "status", "tournament_id", "updated_at") VALUES (NULL, NULL, 2, '2026-06-03 16:32:41.298027', 'A', NULL, NULL, 1, '2026-06-12 16:00:00', NULL, 'group', 'scheduled', 1, '2026-06-03 16:32:41.298027') RETURNING "id" /*application='Golbet'*/[0m
  ↳ app/services/fixture_importer.rb:44:in 'block in FixtureImporter#import_matches'
  [1m[36mTRANSACTION (0.0ms)[0m  [1m[35mCOMMIT TRANSACTION /*application='Golbet'*/[0m
  ↳ app/services/fixture_importer.rb:44:in 'block in FixtureImporter#import_matches'
  [1m[36mMatch Load (0.0ms)[0m  [1m[34mSELECT "matches".* FROM "matches" WHERE "matches"."tournament_id" = 1 AND "matches"."stage" = 'group' AND "matches"."home_team_id" = 3 AND "matches"."away_team_id" = 4 LIMIT 1 /*application='Golbet'*/[0m
  ↳ app/services/fixture_importer.rb:42:in 'block in FixtureImporter#import_matches'
  [1m[36mTRANSACTION (0.0ms)[0m  [1m[35mBEGIN immediate TRANSACTION /*application='Golbet'*/[0m
  ↳ app/services/fixture_importer.rb:44:in 'block in FixtureImporter#import_matches'
  [1m[36mMatch Create (0.3ms)[0m  [1m[32mINSERT INTO "matches" ("away_label", "away_score", "away_team_id", "created_at", "group", "home_label", "home_score", "home_team_id", "kickoff_at", "slot", "stage", "status", "tournament_id", "updated_at") VALUES (NULL, NULL, 4, '2026-06-03 16:32:41.299343', 'A', NULL, NULL, 3, '2026-06-12 16:00:00', NULL, 'group', 'scheduled', 1, '2026-06-03 16:32:41.299343') RETURNING "id" /*application='Golbet'*/[0m
  ↳ app/services/fixture_importer.rb:44:in 'block in FixtureImporter#import_matches'
  [1m[36mTRANSACTION (0.0ms)[0m  [1m[35mCOMMIT TRANSACTION /*application='Golbet'*/[0m
  ↳ app/services/fixture_importer.rb:44:in 'block in FixtureImporter#import_matches'
  [1m[36mMatch Load (0.0ms)[0m  [1m[34mSELECT "matches".* FROM "matches" WHERE "matches"."tournament_id" = 1 AND "matches"."stage" = 'group' AND "matches"."home_team_id" = 1 AND "matches"."away_team_id" = 3 LIMIT 1 /*application='Golbet'*/[0m
  ↳ app/services/fixture_importer.rb:42:in 'block in FixtureImporter#import_matches'
  [1m[36mTRANSACTION (0.0ms)[0m  [1m[35mBEGIN immediate TRANSACTION /*application='Golbet'*/[0m
  ↳ app/services/fixture_importer.rb:44:in 'block in FixtureImporter#import_matches'
  [1m[36mMatch Create (0.2ms)[0m  [1m[32mINSERT INTO "matches" ("away_label", "away_score", "away_team_id", "created_at", "group", "home_label", "home_score", "home_team_id", "kickoff_at", "slot", "stage", "status", "tournament_id", "updated_at") VALUES (NULL, NULL, 3, '2026-06-03 16:32:41.300401', 'A', NULL, NULL, 1, '2026-06-18 16:00:00', NULL, 'group', 'scheduled', 1, '2026-06-03 16:32:41.300401') RETURNING "id" /*application='Golbet'*/[0m
  ↳ app/services/fixture_importer.rb:44:in 'block in FixtureImporter#import_matches'
  [1m[36mTRANSACTION (0.0ms)[0m  [1m[35mCOMMIT TRANSACTION /*application='Golbet'*/[0m
  ↳ app/services/fixture_importer.rb:44:in 'block in FixtureImporter#import_matches'
  [1m[36mMatch Load (0.0ms)[0m  [1m[34mSELECT "matches".* FROM "matches" WHERE "matches"."tournament_id" = 1 AND "matches"."stage" = 'group' AND "matches"."home_team_id" = 2 AND "matches"."away_team_id" = 4 LIMIT 1 /*application='Golbet'*/[0m
  ↳ app/services/fixture_importer.rb:42:in 'block in FixtureImporter#import_matches'
  [1m[36mTRANSACTION (0.0ms)[0m  [1m[35mBEGIN immediate TRANSACTION /*application='Golbet'*/[0m
  ↳ app/services/fixture_importer.rb:44:in 'block in FixtureImporter#import_matches'
  [1m[36mMatch Create (0.2ms)[0m  [1m[32mINSERT INTO "matches" ("away_label", "away_score", "away_team_id", "created_at", "group", "home_label", "home_score", "home_team_id", "kickoff_at", "slot", "stage", "status", "tournament_id", "updated_at") VALUES (NULL, NULL, 4, '2026-06-03 16:32:41.301292', 'A', NULL, NULL, 2, '2026-06-18 16:00:00', NULL, 'group', 'scheduled', 1, '2026-06-03 16:32:41.301292') RETURNING "id" /*application='Golbet'*/[0m
  ↳ app/services/fixture_importer.rb:44:in 'block in FixtureImporter#import_matches'
  [1m[36mTRANSACTION (0.0ms)[0m  [1m[35mCOMMIT TRANSACTION /*application='Golbet'*/[0m
  ↳ app/services/fixture_importer.rb:44:in 'block in FixtureImporter#import_matches'
  [1m[36mMatch Load (0.0ms)[0m  [1m[34mSELECT "matches".* FROM "matches" WHERE "matches"."tournament_id" = 1 AND "matches"."stage" = 'group' AND "matches"."home_team_id" = 1 AND "matches"."away_team_id" = 4 LIMIT 1 /*application='Golbet'*/[0m
  ↳ app/services/fixture_importer.rb:42:in 'block in FixtureImporter#import_matches'
  [1m[36mTRANSACTION (0.0ms)[0m  [1m[35mBEGIN immediate TRANSACTION /*application='Golbet'*/[0m
  ↳ app/services/fixture_importer.rb:44:in 'block in FixtureImporter#import_matches'
  [1m[36mMatch Create (0.2ms)[0m  [1m[32mINSERT INTO "matches" ("away_label", "away_score", "away_team_id", "created_at", "group", "home_label", "home_score", "home_team_id", "kickoff_at", "slot", "stage", "status", "tournament_id", "updated_at") VALUES (NULL, NULL, 4, '2026-06-03 16:32:41.302237', 'A', NULL, NULL, 1, '2026-06-24 16:00:00', NULL, 'group', 'scheduled', 1, '2026-06-03 16:32:41.302237') RETURNING "id" /*application='Golbet'*/[0m
  ↳ app/services/fixture_importer.rb:44:in 'block in FixtureImporter#import_matches'
  [1m[36mTRANSACTION (0.0ms)[0m  [1m[35mCOMMIT TRANSACTION /*application='Golbet'*/[0m
  ↳ app/services/fixture_importer.rb:44:in 'block in FixtureImporter#import_matches'
  [1m[36mMatch Load (0.0ms)[0m  [1m[34mSELECT "matches".* FROM "matches" WHERE "matches"."tournament_id" = 1 AND "matches"."stage" = 'group' AND "matches"."home_team_id" = 2 AND "matches"."away_team_id" = 3 LIMIT 1 /*application='Golbet'*/[0m
  ↳ app/services/fixture_importer.rb:42:in 'block in FixtureImporter#import_matches'
  [1m[36mTRANSACTION (0.0ms)[0m  [1m[35mBEGIN immediate TRANSACTION /*application='Golbet'*/[0m
  ↳ app/services/fixture_importer.rb:44:in 'block in FixtureImporter#import_matches'
  [1m[36mMatch Create (0.2ms)[0m  [1m[32mINSERT INTO "matches" ("away_label", "away_score", "away_team_id", "created_at", "group", "home_label", "home_score", "home_team_id", "kickoff_at", "slot", "stage", "status", "tournament_id", "updated_at") VALUES (NULL, NULL, 3, '2026-06-03 16:32:41.303164', 'A', NULL, NULL, 2, '2026-06-24 16:00:00', NULL, 'group', 'scheduled', 1, '2026-06-03 16:32:41.303164') RETURNING "id" /*application='Golbet'*/[0m
  ↳ app/services/fixture_importer.rb:44:in 'block in FixtureImporter#import_matches'
  [1m[36mTRANSACTION (0.0ms)[0m  [1m[35mCOMMIT TRANSACTION /*application='Golbet'*/[0m
  ↳ app/services/fixture_importer.rb:44:in 'block in FixtureImporter#import_matches'
  [1m[36mMatch Load (0.0ms)[0m  [1m[34mSELECT "matches".* FROM "matches" WHERE "matches"."tournament_id" = 1 AND "matches"."stage" = 'group' AND "matches"."home_team_id" = 5 AND "matches"."away_team_id" = 6 LIMIT 1 /*application='Golbet'*/[0m
  ↳ app/services/fixture_importer.rb:42:in 'block in FixtureImporter#import_matches'
  [1m[36mTRANSACTION (0.0ms)[0m  [1m[35mBEGIN immediate TRANSACTION /*application='Golbet'*/[0m
  ↳ app/services/fixture_importer.rb:44:in 'block in FixtureImporter#import_matches'
  [1m[36mMatch Create (0.2ms)[0m  [1m[32mINSERT INTO "matches" ("away_label", "away_score", "away_team_id", "created_at", "group", "home_label", "home_score", "home_team_id", "kickoff_at", "slot", "stage", "status", "tournament_id", "updated_at") VALUES (NULL, NULL, 6, '2026-06-03 16:32:41.304058', 'B', NULL, NULL, 5, '2026-06-12 16:00:00', NULL, 'group', 'scheduled', 1, '2026-06-03 16:32:41.304058') RETURNING "id" /*application='Golbet'*/[0m
  ↳ app/services/fixture_importer.rb:44:in 'block in FixtureImporter#import_matches'
  [1m[36mTRANSACTION (0.0ms)[0m  [1m[35mCOMMIT TRANSACTION /*application='Golbet'*/[0m
  ↳ app/services/fixture_importer.rb:44:in 'block in FixtureImporter#import_matches'
  [1m[36mMatch Load (0.0ms)[0m  [1m[34mSELECT "matches".* FROM "matches" WHERE "matches"."tournament_id" = 1 AND "matches"."stage" = 'group' AND "matches"."home_team_id" = 7 AND "matches"."away_team_id" = 8 LIMIT 1 /*application='Golbet'*/[0m
  ↳ app/services/fixture_importer.rb:42:in 'block in FixtureImporter#import_matches'
  [1m[36mTRANSACTION (0.0ms)[0m  [1m[35mBEGIN immediate TRANSACTION /*application='Golbet'*/[0m
  ↳ app/services/fixture_importer.rb:44:in 'block in FixtureImporter#import_matches'
  [1m[36mMatch Create (0.2ms)[0m  [1m[32mINSERT INTO "matches" ("away_label", "away_score", "away_team_id", "created_at", "group", "home_label", "home_score", "home_team_id", "kickoff_at", "slot", "stage", "status", "tournament_id", "updated_at") VALUES (NULL, NULL, 8, '2026-06-03 16:32:41.304949', 'B', NULL, NULL, 7, '2026-06-12 16:00:00', NULL, 'group', 'scheduled', 1, '2026-06-03 16:32:41.304949') RETURNING "id" /*application='Golbet'*/[0m
  ↳ app/services/fixture_importer.rb:44:in 'block in FixtureImporter#import_matches'
  [1m[36mTRANSACTION (0.0ms)[0m  [1m[35mCOMMIT TRANSACTION /*application='Golbet'*/[0m
  ↳ app/services/fixture_importer.rb:44:in 'block in FixtureImporter#import_matches'
  [1m[36mMatch Load (0.0ms)[0m  [1m[34mSELECT "matches".* FROM "matches" WHERE "matches"."tournament_id" = 1 AND "matches"."stage" = 'group' AND "matches"."home_team_id" = 5 AND "matches"."away_team_id" = 7 LIMIT 1 /*application='Golbet'*/[0m
  ↳ app/services/fixture_importer.rb:42:in 'block in FixtureImporter#import_matches'
  [1m[36mTRANSACTION (0.0ms)[0m  [1m[35mBEGIN immediate TRANSACTION /*application='Golbet'*/[0m
  ↳ app/services/fixture_importer.rb:44:in 'block in FixtureImporter#import_matches'
  [1m[36mMatch Create (0.2ms)[0m  [1m[32mINSERT INTO "matches" ("away_label", "away_score", "away_team_id", "created_at", "group", "home_label", "home_score", "home_team_id", "kickoff_at", "slot", "stage", "status", "tournament_id", "updated_at") VALUES (NULL, NULL, 7, '2026-06-03 16:32:41.305842', 'B', NULL, NULL, 5, '2026-06-18 16:00:00', NULL, 'group', 'scheduled', 1, '2026-06-03 16:32:41.305842') RETURNING "id" /*application='Golbet'*/[0m
  ↳ app/services/fixture_importer.rb:44:in 'block in FixtureImporter#import_matches'
  [1m[36mTRANSACTION (0.0ms)[0m  [1m[35mCOMMIT TRANSACTION /*application='Golbet'*/[0m
  ↳ app/services/fixture_importer.rb:44:in 'block in FixtureImporter#import_matches'
  [1m[36mMatch Load (0.0ms)[0m  [1m[34mSELECT "matches".* FROM "matches" WHERE "matches"."tournament_id" = 1 AND "matches"."stage" = 'group' AND "matches"."home_team_id" = 6 AND "matches"."away_team_id" = 8 LIMIT 1 /*application='Golbet'*/[0m
  ↳ app/services/fixture_importer.rb:42:in 'block in FixtureImporter#import_matches'
  [1m[36mTRANSACTION (0.0ms)[0m  [1m[35mBEGIN immediate TRANSACTION /*application='Golbet'*/[0m
  ↳ app/services/fixture_importer.rb:44:in 'block in FixtureImporter#import_matches'
  [1m[36mMatch Create (0.2ms)[0m  [1m[32mINSERT INTO "matches" ("away_label", "away_score", "away_team_id", "created_at", "group", "home_label", "home_score", "home_team_id", "kickoff_at", "slot", "stage", "status", "tournament_id", "updated_at") VALUES (NULL, NULL, 8, '2026-06-03 16:32:41.306753', 'B', NULL, NULL, 6, '2026-06-18 16:00:00', NULL, 'group', 'scheduled', 1, '2026-06-03 16:32:41.306753') RETURNING "id" /*application='Golbet'*/[0m
  ↳ app/services/fixture_importer.rb:44:in 'block in FixtureImporter#import_matches'
  [1m[36mTRANSACTION (0.0ms)[0m  [1m[35mCOMMIT TRANSACTION /*application='Golbet'*/[0m
  ↳ app/services/fixture_importer.rb:44:in 'block in FixtureImporter#import_matches'
  [1m[36mMatch Load (0.0ms)[0m  [1m[34mSELECT "matches".* FROM "matches" WHERE "matches"."tournament_id" = 1 AND "matches"."stage" = 'group' AND "matches"."home_team_id" = 5 AND "matches"."away_team_id" = 8 LIMIT 1 /*application='Golbet'*/[0m
  ↳ app/services/fixture_importer.rb:42:in 'block in FixtureImporter#import_matches'
  [1m[36mTRANSACTION (0.0ms)[0m  [1m[35mBEGIN immediate TRANSACTION /*application='Golbet'*/[0m
  ↳ app/services/fixture_importer.rb:44:in 'block in FixtureImporter#import_matches'
  [1m[36mMatch Create (0.2ms)[0m  [1m[32mINSERT INTO "matches" ("away_label", "away_score", "away_team_id", "created_at", "group", "home_label", "home_score", "home_team_id", "kickoff_at", "slot", "stage", "status", "tournament_id", "updated_at") VALUES (NULL, NULL, 8, '2026-06-03 16:32:41.307648', 'B', NULL, NULL, 5, '2026-06-24 16:00:00', NULL, 'group', 'scheduled', 1, '2026-06-03 16:32:41.307648') RETURNING "id" /*application='Golbet'*/[0m
  ↳ app/services/fixture_importer.rb:44:in 'block in FixtureImporter#import_matches'
  [1m[36mTRANSACTION (0.0ms)[0m  [1m[35mCOMMIT TRANSACTION /*application='Golbet'*/[0m
  ↳ app/services/fixture_importer.rb:44:in 'block in FixtureImporter#import_matches'
  [1m[36mMatch Load (0.0ms)[0m  [1m[34mSELECT "matches".* FROM "matches" WHERE "matches"."tournament_id" = 1 AND "matches"."stage" = 'group' AND "matches"."home_team_id" = 6 AND "matches"."away_team_id" = 7 LIMIT 1 /*application='Golbet'*/[0m
  ↳ app/services/fixture_importer.rb:42:in 'block in FixtureImporter#import_matches'
  [1m[36mTRANSACTION (0.0ms)[0m  [1m[35mBEGIN immediate TRANSACTION /*application='Golbet'*/[0m
  ↳ app/services/fixture_importer.rb:44:in 'block in FixtureImporter#import_matches'
  [1m[36mMatch Create (0.2ms)[0m  [1m[32mINSERT INTO "matches" ("away_label", "away_score", "away_team_id", "created_at", "group", "home_label", "home_score", "home_team_id", "kickoff_at", "slot", "stage", "status", "tournament_id", "updated_at") VALUES (NULL, NULL, 7, '2026-06-03 16:32:41.308625', 'B', NULL, NULL, 6, '2026-06-24 16:00:00', NULL, 'group', 'scheduled', 1, '2026-06-03 16:32:41.308625') RETURNING "id" /*application='Golbet'*/[0m
  ↳ app/services/fixture_importer.rb:44:in 'block in FixtureImporter#import_matches'
  [1m[36mTRANSACTION (0.0ms)[0m  [1m[35mCOMMIT TRANSACTION /*application='Golbet'*/[0m
  ↳ app/services/fixture_importer.rb:44:in 'block in FixtureImporter#import_matches'
  [1m[36mMatch Load (0.0ms)[0m  [1m[34mSELECT "matches".* FROM "matches" WHERE "matches"."tournament_id" = 1 AND "matches"."stage" = 'group' AND "matches"."home_team_id" = 9 AND "matches"."away_team_id" = 10 LIMIT 1 /*application='Golbet'*/[0m
  ↳ app/services/fixture_importer.rb:42:in 'block in FixtureImporter#import_matches'
  [1m[36mTRANSACTION (0.0ms)[0m  [1m[35mBEGIN immediate TRANSACTION /*application='Golbet'*/[0m
  ↳ app/services/fixture_importer.rb:44:in 'block in FixtureImporter#import_matches'
  [1m[36mMatch Create (0.2ms)[0m  [1m[32mINSERT INTO "matches" ("away_label", "away_score", "away_team_id", "created_at", "group", "home_label", "home_score", "home_team_id", "kickoff_at", "slot", "stage", "status", "tournament_id", "updated_at") VALUES (NULL, NULL, 10, '2026-06-03 16:32:41.309592', 'C', NULL, NULL, 9, '2026-06-12 16:00:00', NULL, 'group', 'scheduled', 1, '2026-06-03 16:32:41.309592') RETURNING "id" /*application='Golbet'*/[0m
  ↳ app/services/fixture_importer.rb:44:in 'block in FixtureImporter#import_matches'
  [1m[36mTRANSACTION (0.0ms)[0m  [1m[35mCOMMIT TRANSACTION /*application='Golbet'*/[0m
  ↳ app/services/fixture_importer.rb:44:in 'block in FixtureImporter#import_matches'
  [1m[36mMatch Load (0.0ms)[0m  [1m[34mSELECT "matches".* FROM "matches" WHERE "matches"."tournament_id" = 1 AND "matches"."stage" = 'group' AND "matches"."home_team_id" = 11 AND "matches"."away_team_id" = 12 LIMIT 1 /*application='Golbet'*/[0m
  ↳ app/services/fixture_importer.rb:42:in 'block in FixtureImporter#import_matches'
  [1m[36mTRANSACTION (0.0ms)[0m  [1m[35mBEGIN immediate TRANSACTION /*application='Golbet'*/[0m
  ↳ app/services/fixture_importer.rb:44:in 'block in FixtureImporter#import_matches'
  [1m[36mMatch Create (0.2ms)[0m  [1m[32mINSERT INTO "matches" ("away_label", "away_score", "away_team_id", "created_at", "group", "home_label", "home_score", "home_team_id", "kickoff_at", "slot", "stage", "status", "tournament_id", "updated_at") VALUES (NULL, NULL, 12, '2026-06-03 16:32:41.310513', 'C', NULL, NULL, 11, '2026-06-12 16:00:00', NULL, 'group', 'scheduled', 1, '2026-06-03 16:32:41.310513') RETURNING "id" /*application='Golbet'*/[0m
  ↳ app/services/fixture_importer.rb:44:in 'block in FixtureImporter#import_matches'
  [1m[36mTRANSACTION (0.0ms)[0m  [1m[35mCOMMIT TRANSACTION /*application='Golbet'*/[0m
  ↳ app/services/fixture_importer.rb:44:in 'block in FixtureImporter#import_matches'
  [1m[36mMatch Load (0.0ms)[0m  [1m[34mSELECT "matches".* FROM "matches" WHERE "matches"."tournament_id" = 1 AND "matches"."stage" = 'group' AND "matches"."home_team_id" = 9 AND "matches"."away_team_id" = 11 LIMIT 1 /*application='Golbet'*/[0m
  ↳ app/services/fixture_importer.rb:42:in 'block in FixtureImporter#import_matches'
  [1m[36mTRANSACTION (0.0ms)[0m  [1m[35mBEGIN immediate TRANSACTION /*application='Golbet'*/[0m
  ↳ app/services/fixture_importer.rb:44:in 'block in FixtureImporter#import_matches'
  [1m[36mMatch Create (0.2ms)[0m  [1m[32mINSERT INTO "matches" ("away_label", "away_score", "away_team_id", "created_at", "group", "home_label", "home_score", "home_team_id", "kickoff_at", "slot", "stage", "status", "tournament_id", "updated_at") VALUES (NULL, NULL, 11, '2026-06-03 16:32:41.311419', 'C', NULL, NULL, 9, '2026-06-18 16:00:00', NULL, 'group', 'scheduled', 1, '2026-06-03 16:32:41.311419') RETURNING "id" /*application='Golbet'*/[0m
  ↳ app/services/fixture_importer.rb:44:in 'block in FixtureImporter#import_matches'
  [1m[36mTRANSACTION (0.0ms)[0m  [1m[35mCOMMIT TRANSACTION /*application='Golbet'*/[0m
  ↳ app/services/fixture_importer.rb:44:in 'block in FixtureImporter#import_matches'
  [1m[36mMatch Load (0.0ms)[0m  [1m[34mSELECT "matches".* FROM "matches" WHERE "matches"."tournament_id" = 1 AND "matches"."stage" = 'group' AND "matches"."home_team_id" = 10 AND "matches"."away_team_id" = 12 LIMIT 1 /*application='Golbet'*/[0m
  ↳ app/services/fixture_importer.rb:42:in 'block in FixtureImporter#import_matches'
  [1m[36mTRANSACTION (0.0ms)[0m  [1m[35mBEGIN immediate TRANSACTION /*application='Golbet'*/[0m
  ↳ app/services/fixture_importer.rb:44:in 'block in FixtureImporter#import_matches'
  [1m[36mMatch Create (0.2ms)[0m  [1m[32mINSERT INTO "matches" ("away_label", "away_score", "away_team_id", "created_at", "group", "home_label", "home_score", "home_team_id", "kickoff_at", "slot", "stage", "status", "tournament_id", "updated_at") VALUES (NULL, NULL, 12, '2026-06-03 16:32:41.312314', 'C', NULL, NULL, 10, '2026-06-18 16:00:00', NULL, 'group', 'scheduled', 1, '2026-06-03 16:32:41.312314') RETURNING "id" /*application='Golbet'*/[0m
  ↳ app/services/fixture_importer.rb:44:in 'block in FixtureImporter#import_matches'
  [1m[36mTRANSACTION (0.0ms)[0m  [1m[35mCOMMIT TRANSACTION /*application='Golbet'*/[0m
  ↳ app/services/fixture_importer.rb:44:in 'block in FixtureImporter#import_matches'
  [1m[36mMatch Load (0.0ms)[0m  [1m[34mSELECT "matches".* FROM "matches" WHERE "matches"."tournament_id" = 1 AND "matches"."stage" = 'group' AND "matches"."home_team_id" = 9 AND "matches"."away_team_id" = 12 LIMIT 1 /*application='Golbet'*/[0m
  ↳ app/services/fixture_importer.rb:42:in 'block in FixtureImporter#import_matches'
  [1m[36mTRANSACTION (0.0ms)[0m  [1m[35mBEGIN immediate TRANSACTION /*application='Golbet'*/[0m
  ↳ app/services/fixture_importer.rb:44:in 'block in FixtureImporter#import_matches'
  [1m[36mMatch Create (0.2ms)[0m  [1m[32mINSERT INTO "matches" ("away_label", "away_score", "away_team_id", "created_at", "group", "home_label", "home_score", "home_team_id", "kickoff_at", "slot", "stage", "status", "tournament_id", "updated_at") VALUES (NULL, NULL, 12, '2026-06-03 16:32:41.313204', 'C', NULL, NULL, 9, '2026-06-24 16:00:00', NULL, 'group', 'scheduled', 1, '2026-06-03 16:32:41.313204') RETURNING "id" /*application='Golbet'*/[0m
  ↳ app/services/fixture_importer.rb:44:in 'block in FixtureImporter#import_matches'
  [1m[36mTRANSACTION (0.0ms)[0m  [1m[35mCOMMIT TRANSACTION /*application='Golbet'*/[0m
  ↳ app/services/fixture_importer.rb:44:in 'block in FixtureImporter#import_matches'
  [1m[36mMatch Load (0.0ms)[0m  [1m[34mSELECT "matches".* FROM "matches" WHERE "matches"."tournament_id" = 1 AND "matches"."stage" = 'group' AND "matches"."home_team_id" = 10 AND "matches"."away_team_id" = 11 LIMIT 1 /*application='Golbet'*/[0m
  ↳ app/services/fixture_importer.rb:42:in 'block in FixtureImporter#import_matches'
  [1m[36mTRANSACTION (0.0ms)[0m  [1m[35mBEGIN immediate TRANSACTION /*application='Golbet'*/[0m
  ↳ app/services/fixture_importer.rb:44:in 'block in FixtureImporter#import_matches'
  [1m[36mMatch Create (0.2ms)[0m  [1m[32mINSERT INTO "matches" ("away_label", "away_score", "away_team_id", "created_at", "group", "home_label", "home_score", "home_team_id", "kickoff_at", "slot", "stage", "status", "tournament_id", "updated_at") VALUES (NULL, NULL, 11, '2026-06-03 16:32:41.314110', 'C', NULL, NULL, 10, '2026-06-24 16:00:00', NULL, 'group', 'scheduled', 1, '2026-06-03 16:32:41.314110') RETURNING "id" /*application='Golbet'*/[0m
  ↳ app/services/fixture_importer.rb:44:in 'block in FixtureImporter#import_matches'
  [1m[36mTRANSACTION (0.0ms)[0m  [1m[35mCOMMIT TRANSACTION /*application='Golbet'*/[0m
  ↳ app/services/fixture_importer.rb:44:in 'block in FixtureImporter#import_matches'
  [1m[36mMatch Load (0.0ms)[0m  [1m[34mSELECT "matches".* FROM "matches" WHERE "matches"."tournament_id" = 1 AND "matches"."stage" = 'group' AND "matches"."home_team_id" = 13 AND "matches"."away_team_id" = 14 LIMIT 1 /*application='Golbet'*/[0m
  ↳ app/services/fixture_importer.rb:42:in 'block in FixtureImporter#import_matches'
  [1m[36mTRANSACTION (0.0ms)[0m  [1m[35mBEGIN immediate TRANSACTION /*application='Golbet'*/[0m
  ↳ app/services/fixture_importer.rb:44:in 'block in FixtureImporter#import_matches'
  [1m[36mMatch Create (0.2ms)[0m  [1m[32mINSERT INTO "matches" ("away_label", "away_score", "away_team_id", "created_at", "group", "home_label", "home_score", "home_team_id", "kickoff_at", "slot", "stage", "status", "tournament_id", "updated_at") VALUES (NULL, NULL, 14, '2026-06-03 16:32:41.315019', 'D', NULL, NULL, 13, '2026-06-12 16:00:00', NULL, 'group', 'scheduled', 1, '2026-06-03 16:32:41.315019') RETURNING "id" /*application='Golbet'*/[0m
  ↳ app/services/fixture_importer.rb:44:in 'block in FixtureImporter#import_matches'
  [1m[36mTRANSACTION (0.0ms)[0m  [1m[35mCOMMIT TRANSACTION /*application='Golbet'*/[0m
  ↳ app/services/fixture_importer.rb:44:in 'block in FixtureImporter#import_matches'
  [1m[36mMatch Load (0.0ms)[0m  [1m[34mSELECT "matches".* FROM "matches" WHERE "matches"."tournament_id" = 1 AND "matches"."stage" = 'group' AND "matches"."home_team_id" = 15 AND "matches"."away_team_id" = 16 LIMIT 1 /*application='Golbet'*/[0m
  ↳ app/services/fixture_importer.rb:42:in 'block in FixtureImporter#import_matches'
  [1m[36mTRANSACTION (0.0ms)[0m  [1m[35mBEGIN immediate TRANSACTION /*application='Golbet'*/[0m
  ↳ app/services/fixture_importer.rb:44:in 'block in FixtureImporter#import_matches'
  [1m[36mMatch Create (0.2ms)[0m  [1m[32mINSERT INTO "matches" ("away_label", "away_score", "away_team_id", "created_at", "group", "home_label", "home_score", "home_team_id", "kickoff_at", "slot", "stage", "status", "tournament_id", "updated_at") VALUES (NULL, NULL, 16, '2026-06-03 16:32:41.315904', 'D', NULL, NULL, 15, '2026-06-12 16:00:00', NULL, 'group', 'scheduled', 1, '2026-06-03 16:32:41.315904') RETURNING "id" /*application='Golbet'*/[0m
  ↳ app/services/fixture_importer.rb:44:in 'block in FixtureImporter#import_matches'
  [1m[36mTRANSACTION (0.0ms)[0m  [1m[35mCOMMIT TRANSACTION /*application='Golbet'*/[0m
  ↳ app/services/fixture_importer.rb:44:in 'block in FixtureImporter#import_matches'
  [1m[36mMatch Load (0.0ms)[0m  [1m[34mSELECT "matches".* FROM "matches" WHERE "matches"."tournament_id" = 1 AND "matches"."stage" = 'group' AND "matches"."home_team_id" = 13 AND "matches"."away_team_id" = 15 LIMIT 1 /*application='Golbet'*/[0m
  ↳ app/services/fixture_importer.rb:42:in 'block in FixtureImporter#import_matches'
  [1m[36mTRANSACTION (0.0ms)[0m  [1m[35mBEGIN immediate TRANSACTION /*application='Golbet'*/[0m
  ↳ app/services/fixture_importer.rb:44:in 'block in FixtureImporter#import_matches'
  [1m[36mMatch Create (0.2ms)[0m  [1m[32mINSERT INTO "matches" ("away_label", "away_score", "away_team_id", "created_at", "group", "home_label", "home_score", "home_team_id", "kickoff_at", "slot", "stage", "status", "tournament_id", "updated_at") VALUES (NULL, NULL, 15, '2026-06-03 16:32:41.316850', 'D', NULL, NULL, 13, '2026-06-18 16:00:00', NULL, 'group', 'scheduled', 1, '2026-06-03 16:32:41.316850') RETURNING "id" /*application='Golbet'*/[0m
  ↳ app/services/fixture_importer.rb:44:in 'block in FixtureImporter#import_matches'
  [1m[36mTRANSACTION (0.0ms)[0m  [1m[35mCOMMIT TRANSACTION /*application='Golbet'*/[0m
  ↳ app/services/fixture_importer.rb:44:in 'block in FixtureImporter#import_matches'
  [1m[36mMatch Load (0.0ms)[0m  [1m[34mSELECT "matches".* FROM "matches" WHERE "matches"."tournament_id" = 1 AND "matches"."stage" = 'group' AND "matches"."home_team_id" = 14 AND "matches"."away_team_id" = 16 LIMIT 1 /*application='Golbet'*/[0m
  ↳ app/services/fixture_importer.rb:42:in 'block in FixtureImporter#import_matches'
  [1m[36mTRANSACTION (0.0ms)[0m  [1m[35mBEGIN immediate TRANSACTION /*application='Golbet'*/[0m
  ↳ app/services/fixture_importer.rb:44:in 'block in FixtureImporter#import_matches'
  [1m[36mMatch Create (0.2ms)[0m  [1m[32mINSERT INTO "matches" ("away_label", "away_score", "away_team_id", "created_at", "group", "home_label", "home_score", "home_team_id", "kickoff_at", "slot", "stage", "status", "tournament_id", "updated_at") VALUES (NULL, NULL, 16, '2026-06-03 16:32:41.317781', 'D', NULL, NULL, 14, '2026-06-18 16:00:00', NULL, 'group', 'scheduled', 1, '2026-06-03 16:32:41.317781') RETURNING "id" /*application='Golbet'*/[0m
  ↳ app/services/fixture_importer.rb:44:in 'block in FixtureImporter#import_matches'
  [1m[36mTRANSACTION (0.0ms)[0m  [1m[35mCOMMIT TRANSACTION /*application='Golbet'*/[0m
  ↳ app/services/fixture_importer.rb:44:in 'block in FixtureImporter#import_matches'
  [1m[36mMatch Load (0.0ms)[0m  [1m[34mSELECT "matches".* FROM "matches" WHERE "matches"."tournament_id" = 1 AND "matches"."stage" = 'group' AND "matches"."home_team_id" = 13 AND "matches"."away_team_id" = 16 LIMIT 1 /*application='Golbet'*/[0m
  ↳ app/services/fixture_importer.rb:42:in 'block in FixtureImporter#import_matches'
  [1m[36mTRANSACTION (0.0ms)[0m  [1m[35mBEGIN immediate TRANSACTION /*application='Golbet'*/[0m
  ↳ app/services/fixture_importer.rb:44:in 'block in FixtureImporter#import_matches'
  [1m[36mMatch Create (0.2ms)[0m  [1m[32mINSERT INTO "matches" ("away_label", "away_score", "away_team_id", "created_at", "group", "home_label", "home_score", "home_team_id", "kickoff_at", "slot", "stage", "status", "tournament_id", "updated_at") VALUES (NULL, NULL, 16, '2026-06-03 16:32:41.318720', 'D', NULL, NULL, 13, '2026-06-24 16:00:00', NULL, 'group', 'scheduled', 1, '2026-06-03 16:32:41.318720') RETURNING "id" /*application='Golbet'*/[0m
  ↳ app/services/fixture_importer.rb:44:in 'block in FixtureImporter#import_matches'
  [1m[36mTRANSACTION (0.0ms)[0m  [1m[35mCOMMIT TRANSACTION /*application='Golbet'*/[0m
  ↳ app/services/fixture_importer.rb:44:in 'block in FixtureImporter#import_matches'
  [1m[36mMatch Load (0.0ms)[0m  [1m[34mSELECT "matches".* FROM "matches" WHERE "matches"."tournament_id" = 1 AND "matches"."stage" = 'group' AND "matches"."home_team_id" = 14 AND "matches"."away_team_id" = 15 LIMIT 1 /*application='Golbet'*/[0m
  ↳ app/services/fixture_importer.rb:42:in 'block in FixtureImporter#import_matches'
  [1m[36mTRANSACTION (0.0ms)[0m  [1m[35mBEGIN immediate TRANSACTION /*application='Golbet'*/[0m
  ↳ app/services/fixture_importer.rb:44:in 'block in FixtureImporter#import_matches'
  [1m[36mMatch Create (0.2ms)[0m  [1m[32mINSERT INTO "matches" ("away_label", "away_score", "away_team_id", "created_at", "group", "home_label", "home_score", "home_team_id", "kickoff_at", "slot", "stage", "status", "tournament_id", "updated_at") VALUES (NULL, NULL, 15, '2026-06-03 16:32:41.319632', 'D', NULL, NULL, 14, '2026-06-24 16:00:00', NULL, 'group', 'scheduled', 1, '2026-06-03 16:32:41.319632') RETURNING "id" /*application='Golbet'*/[0m
  ↳ app/services/fixture_importer.rb:44:in 'block in FixtureImporter#import_matches'
  [1m[36mTRANSACTION (0.0ms)[0m  [1m[35mCOMMIT TRANSACTION /*application='Golbet'*/[0m
  ↳ app/services/fixture_importer.rb:44:in 'block in FixtureImporter#import_matches'
  [1m[36mMatch Load (0.0ms)[0m  [1m[34mSELECT "matches".* FROM "matches" WHERE "matches"."tournament_id" = 1 AND "matches"."stage" = 'group' AND "matches"."home_team_id" = 17 AND "matches"."away_team_id" = 18 LIMIT 1 /*application='Golbet'*/[0m
  ↳ app/services/fixture_importer.rb:42:in 'block in FixtureImporter#import_matches'
  [1m[36mTRANSACTION (0.0ms)[0m  [1m[35mBEGIN immediate TRANSACTION /*application='Golbet'*/[0m
  ↳ app/services/fixture_importer.rb:44:in 'block in FixtureImporter#import_matches'
  [1m[36mMatch Create (0.2ms)[0m  [1m[32mINSERT INTO "matches" ("away_label", "away_score", "away_team_id", "created_at", "group", "home_label", "home_score", "home_team_id", "kickoff_at", "slot", "stage", "status", "tournament_id", "updated_at") VALUES (NULL, NULL, 18, '2026-06-03 16:32:41.320536', 'E', NULL, NULL, 17, '2026-06-12 16:00:00', NULL, 'group', 'scheduled', 1, '2026-06-03 16:32:41.320536') RETURNING "id" /*application='Golbet'*/[0m
  ↳ app/services/fixture_importer.rb:44:in 'block in FixtureImporter#import_matches'
  [1m[36mTRANSACTION (0.0ms)[0m  [1m[35mCOMMIT TRANSACTION /*application='Golbet'*/[0m
  ↳ app/services/fixture_importer.rb:44:in 'block in FixtureImporter#import_matches'
  [1m[36mMatch Load (0.0ms)[0m  [1m[34mSELECT "matches".* FROM "matches" WHERE "matches"."tournament_id" = 1 AND "matches"."stage" = 'group' AND "matches"."home_team_id" = 19 AND "matches"."away_team_id" = 20 LIMIT 1 /*application='Golbet'*/[0m
  ↳ app/services/fixture_importer.rb:42:in 'block in FixtureImporter#import_matches'
  [1m[36mTRANSACTION (0.0ms)[0m  [1m[35mBEGIN immediate TRANSACTION /*application='Golbet'*/[0m
  ↳ app/services/fixture_importer.rb:44:in 'block in FixtureImporter#import_matches'
  [1m[36mMatch Create (0.2ms)[0m  [1m[32mINSERT INTO "matches" ("away_label", "away_score", "away_team_id", "created_at", "group", "home_label", "home_score", "home_team_id", "kickoff_at", "slot", "stage", "status", "tournament_id", "updated_at") VALUES (NULL, NULL, 20, '2026-06-03 16:32:41.321456', 'E', NULL, NULL, 19, '2026-06-12 16:00:00', NULL, 'group', 'scheduled', 1, '2026-06-03 16:32:41.321456') RETURNING "id" /*application='Golbet'*/[0m
  ↳ app/services/fixture_importer.rb:44:in 'block in FixtureImporter#import_matches'
  [1m[36mTRANSACTION (0.0ms)[0m  [1m[35mCOMMIT TRANSACTION /*application='Golbet'*/[0m
  ↳ app/services/fixture_importer.rb:44:in 'block in FixtureImporter#import_matches'
  [1m[36mMatch Load (0.0ms)[0m  [1m[34mSELECT "matches".* FROM "matches" WHERE "matches"."tournament_id" = 1 AND "matches"."stage" = 'group' AND "matches"."home_team_id" = 17 AND "matches"."away_team_id" = 19 LIMIT 1 /*application='Golbet'*/[0m
  ↳ app/services/fixture_importer.rb:42:in 'block in FixtureImporter#import_matches'
  [1m[36mTRANSACTION (0.0ms)[0m  [1m[35mBEGIN immediate TRANSACTION /*application='Golbet'*/[0m
  ↳ app/services/fixture_importer.rb:44:in 'block in FixtureImporter#import_matches'
  [1m[36mMatch Create (0.2ms)[0m  [1m[32mINSERT INTO "matches" ("away_label", "away_score", "away_team_id", "created_at", "group", "home_label", "home_score", "home_team_id", "kickoff_at", "slot", "stage", "status", "tournament_id", "updated_at") VALUES (NULL, NULL, 19, '2026-06-03 16:32:41.322337', 'E', NULL, NULL, 17, '2026-06-18 16:00:00', NULL, 'group', 'scheduled', 1, '2026-06-03 16:32:41.322337') RETURNING "id" /*application='Golbet'*/[0m
  ↳ app/services/fixture_importer.rb:44:in 'block in FixtureImporter#import_matches'
  [1m[36mTRANSACTION (0.0ms)[0m  [1m[35mCOMMIT TRANSACTION /*application='Golbet'*/[0m
  ↳ app/services/fixture_importer.rb:44:in 'block in FixtureImporter#import_matches'
  [1m[36mMatch Load (0.0ms)[0m  [1m[34mSELECT "matches".* FROM "matches" WHERE "matches"."tournament_id" = 1 AND "matches"."stage" = 'group' AND "matches"."home_team_id" = 18 AND "matches"."away_team_id" = 20 LIMIT 1 /*application='Golbet'*/[0m
  ↳ app/services/fixture_importer.rb:42:in 'block in FixtureImporter#import_matches'
  [1m[36mTRANSACTION (0.0ms)[0m  [1m[35mBEGIN immediate TRANSACTION /*application='Golbet'*/[0m
  ↳ app/services/fixture_importer.rb:44:in 'block in FixtureImporter#import_matches'
  [1m[36mMatch Create (0.2ms)[0m  [1m[32mINSERT INTO "matches" ("away_label", "away_score", "away_team_id", "created_at", "group", "home_label", "home_score", "home_team_id", "kickoff_at", "slot", "stage", "status", "tournament_id", "updated_at") VALUES (NULL, NULL, 20, '2026-06-03 16:32:41.323218', 'E', NULL, NULL, 18, '2026-06-18 16:00:00', NULL, 'group', 'scheduled', 1, '2026-06-03 16:32:41.323218') RETURNING "id" /*application='Golbet'*/[0m
  ↳ app/services/fixture_importer.rb:44:in 'block in FixtureImporter#import_matches'
  [1m[36mTRANSACTION (0.0ms)[0m  [1m[35mCOMMIT TRANSACTION /*application='Golbet'*/[0m
  ↳ app/services/fixture_importer.rb:44:in 'block in FixtureImporter#import_matches'
  [1m[36mMatch Load (0.0ms)[0m  [1m[34mSELECT "matches".* FROM "matches" WHERE "matches"."tournament_id" = 1 AND "matches"."stage" = 'group' AND "matches"."home_team_id" = 17 AND "matches"."away_team_id" = 20 LIMIT 1 /*application='Golbet'*/[0m
  ↳ app/services/fixture_importer.rb:42:in 'block in FixtureImporter#import_matches'
  [1m[36mTRANSACTION (0.0ms)[0m  [1m[35mBEGIN immediate TRANSACTION /*application='Golbet'*/[0m
  ↳ app/services/fixture_importer.rb:44:in 'block in FixtureImporter#import_matches'
  [1m[36mMatch Create (0.2ms)[0m  [1m[32mINSERT INTO "matches" ("away_label", "away_score", "away_team_id", "created_at", "group", "home_label", "home_score", "home_team_id", "kickoff_at", "slot", "stage", "status", "tournament_id", "updated_at") VALUES (NULL, NULL, 20, '2026-06-03 16:32:41.324110', 'E', NULL, NULL, 17, '2026-06-24 16:00:00', NULL, 'group', 'scheduled', 1, '2026-06-03 16:32:41.324110') RETURNING "id" /*application='Golbet'*/[0m
  ↳ app/services/fixture_importer.rb:44:in 'block in FixtureImporter#import_matches'
  [1m[36mTRANSACTION (0.0ms)[0m  [1m[35mCOMMIT TRANSACTION /*application='Golbet'*/[0m
  ↳ app/services/fixture_importer.rb:44:in 'block in FixtureImporter#import_matches'
  [1m[36mMatch Load (0.0ms)[0m  [1m[34mSELECT "matches".* FROM "matches" WHERE "matches"."tournament_id" = 1 AND "matches"."stage" = 'group' AND "matches"."home_team_id" = 18 AND "matches"."away_team_id" = 19 LIMIT 1 /*application='Golbet'*/[0m
  ↳ app/services/fixture_importer.rb:42:in 'block in FixtureImporter#import_matches'
  [1m[36mTRANSACTION (0.0ms)[0m  [1m[35mBEGIN immediate TRANSACTION /*application='Golbet'*/[0m
  ↳ app/services/fixture_importer.rb:44:in 'block in FixtureImporter#import_matches'
  [1m[36mMatch Create (0.2ms)[0m  [1m[32mINSERT INTO "matches" ("away_label", "away_score", "away_team_id", "created_at", "group", "home_label", "home_score", "home_team_id", "kickoff_at", "slot", "stage", "status", "tournament_id", "updated_at") VALUES (NULL, NULL, 19, '2026-06-03 16:32:41.325047', 'E', NULL, NULL, 18, '2026-06-24 16:00:00', NULL, 'group', 'scheduled', 1, '2026-06-03 16:32:41.325047') RETURNING "id" /*application='Golbet'*/[0m
  ↳ app/services/fixture_importer.rb:44:in 'block in FixtureImporter#import_matches'
  [1m[36mTRANSACTION (0.0ms)[0m  [1m[35mCOMMIT TRANSACTION /*application='Golbet'*/[0m
  ↳ app/services/fixture_importer.rb:44:in 'block in FixtureImporter#import_matches'
  [1m[36mMatch Load (0.0ms)[0m  [1m[34mSELECT "matches".* FROM "matches" WHERE "matches"."tournament_id" = 1 AND "matches"."stage" = 'group' AND "matches"."home_team_id" = 21 AND "matches"."away_team_id" = 22 LIMIT 1 /*application='Golbet'*/[0m
  ↳ app/services/fixture_importer.rb:42:in 'block in FixtureImporter#import_matches'
  [1m[36mTRANSACTION (0.0ms)[0m  [1m[35mBEGIN immediate TRANSACTION /*application='Golbet'*/[0m
  ↳ app/services/fixture_importer.rb:44:in 'block in FixtureImporter#import_matches'
  [1m[36mMatch Create (0.2ms)[0m  [1m[32mINSERT INTO "matches" ("away_label", "away_score", "away_team_id", "created_at", "group", "home_label", "home_score", "home_team_id", "kickoff_at", "slot", "stage", "status", "tournament_id", "updated_at") VALUES (NULL, NULL, 22, '2026-06-03 16:32:41.325943', 'F', NULL, NULL, 21, '2026-06-12 16:00:00', NULL, 'group', 'scheduled', 1, '2026-06-03 16:32:41.325943') RETURNING "id" /*application='Golbet'*/[0m
  ↳ app/services/fixture_importer.rb:44:in 'block in FixtureImporter#import_matches'
  [1m[36mTRANSACTION (0.0ms)[0m  [1m[35mCOMMIT TRANSACTION /*application='Golbet'*/[0m
  ↳ app/services/fixture_importer.rb:44:in 'block in FixtureImporter#import_matches'
  [1m[36mMatch Load (0.0ms)[0m  [1m[34mSELECT "matches".* FROM "matches" WHERE "matches"."tournament_id" = 1 AND "matches"."stage" = 'group' AND "matches"."home_team_id" = 23 AND "matches"."away_team_id" = 24 LIMIT 1 /*application='Golbet'*/[0m
  ↳ app/services/fixture_importer.rb:42:in 'block in FixtureImporter#import_matches'
  [1m[36mTRANSACTION (0.0ms)[0m  [1m[35mBEGIN immediate TRANSACTION /*application='Golbet'*/[0m
  ↳ app/services/fixture_importer.rb:44:in 'block in FixtureImporter#import_matches'
  [1m[36mMatch Create (0.2ms)[0m  [1m[32mINSERT INTO "matches" ("away_label", "away_score", "away_team_id", "created_at", "group", "home_label", "home_score", "home_team_id", "kickoff_at", "slot", "stage", "status", "tournament_id", "updated_at") VALUES (NULL, NULL, 24, '2026-06-03 16:32:41.326838', 'F', NULL, NULL, 23, '2026-06-12 16:00:00', NULL, 'group', 'scheduled', 1, '2026-06-03 16:32:41.326838') RETURNING "id" /*application='Golbet'*/[0m
  ↳ app/services/fixture_importer.rb:44:in 'block in FixtureImporter#import_matches'
  [1m[36mTRANSACTION (0.0ms)[0m  [1m[35mCOMMIT TRANSACTION /*application='Golbet'*/[0m
  ↳ app/services/fixture_importer.rb:44:in 'block in FixtureImporter#import_matches'
  [1m[36mMatch Load (0.0ms)[0m  [1m[34mSELECT "matches".* FROM "matches" WHERE "matches"."tournament_id" = 1 AND "matches"."stage" = 'group' AND "matches"."home_team_id" = 21 AND "matches"."away_team_id" = 23 LIMIT 1 /*application='Golbet'*/[0m
  ↳ app/services/fixture_importer.rb:42:in 'block in FixtureImporter#import_matches'
  [1m[36mTRANSACTION (0.0ms)[0m  [1m[35mBEGIN immediate TRANSACTION /*application='Golbet'*/[0m
  ↳ app/services/fixture_importer.rb:44:in 'block in FixtureImporter#import_matches'
  [1m[36mMatch Create (0.2ms)[0m  [1m[32mINSERT INTO "matches" ("away_label", "away_score", "away_team_id", "created_at", "group", "home_label", "home_score", "home_team_id", "kickoff_at", "slot", "stage", "status", "tournament_id", "updated_at") VALUES (NULL, NULL, 23, '2026-06-03 16:32:41.327730', 'F', NULL, NULL, 21, '2026-06-18 16:00:00', NULL, 'group', 'scheduled', 1, '2026-06-03 16:32:41.327730') RETURNING "id" /*application='Golbet'*/[0m
  ↳ app/services/fixture_importer.rb:44:in 'block in FixtureImporter#import_matches'
  [1m[36mTRANSACTION (0.0ms)[0m  [1m[35mCOMMIT TRANSACTION /*application='Golbet'*/[0m
  ↳ app/services/fixture_importer.rb:44:in 'block in FixtureImporter#import_matches'
  [1m[36mMatch Load (0.0ms)[0m  [1m[34mSELECT "matches".* FROM "matches" WHERE "matches"."tournament_id" = 1 AND "matches"."stage" = 'group' AND "matches"."home_team_id" = 22 AND "matches"."away_team_id" = 24 LIMIT 1 /*application='Golbet'*/[0m
  ↳ app/services/fixture_importer.rb:42:in 'block in FixtureImporter#import_matches'
  [1m[36mTRANSACTION (0.0ms)[0m  [1m[35mBEGIN immediate TRANSACTION /*application='Golbet'*/[0m
  ↳ app/services/fixture_importer.rb:44:in 'block in FixtureImporter#import_matches'
  [1m[36mMatch Create (0.2ms)[0m  [1m[32mINSERT INTO "matches" ("away_label", "away_score", "away_team_id", "created_at", "group", "home_label", "home_score", "home_team_id", "kickoff_at", "slot", "stage", "status", "tournament_id", "updated_at") VALUES (NULL, NULL, 24, '2026-06-03 16:32:41.328630', 'F', NULL, NULL, 22, '2026-06-18 16:00:00', NULL, 'group', 'scheduled', 1, '2026-06-03 16:32:41.328630') RETURNING "id" /*application='Golbet'*/[0m
  ↳ app/services/fixture_importer.rb:44:in 'block in FixtureImporter#import_matches'
  [1m[36mTRANSACTION (0.0ms)[0m  [1m[35mCOMMIT TRANSACTION /*application='Golbet'*/[0m
  ↳ app/services/fixture_importer.rb:44:in 'block in FixtureImporter#import_matches'
  [1m[36mMatch Load (0.0ms)[0m  [1m[34mSELECT "matches".* FROM "matches" WHERE "matches"."tournament_id" = 1 AND "matches"."stage" = 'group' AND "matches"."home_team_id" = 21 AND "matches"."away_team_id" = 24 LIMIT 1 /*application='Golbet'*/[0m
  ↳ app/services/fixture_importer.rb:42:in 'block in FixtureImporter#import_matches'
  [1m[36mTRANSACTION (0.0ms)[0m  [1m[35mBEGIN immediate TRANSACTION /*application='Golbet'*/[0m
  ↳ app/services/fixture_importer.rb:44:in 'block in FixtureImporter#import_matches'
  [1m[36mMatch Create (1.7ms)[0m  [1m[32mINSERT INTO "matches" ("away_label", "away_score", "away_team_id", "created_at", "group", "home_label", "home_score", "home_team_id", "kickoff_at", "slot", "stage", "status", "tournament_id", "updated_at") VALUES (NULL, NULL, 24, '2026-06-03 16:32:41.329535', 'F', NULL, NULL, 21, '2026-06-24 16:00:00', NULL, 'group', 'scheduled', 1, '2026-06-03 16:32:41.329535') RETURNING "id" /*application='Golbet'*/[0m
  ↳ app/services/fixture_importer.rb:44:in 'block in FixtureImporter#import_matches'
  [1m[36mTRANSACTION (0.0ms)[0m  [1m[35mCOMMIT TRANSACTION /*application='Golbet'*/[0m
  ↳ app/services/fixture_importer.rb:44:in 'block in FixtureImporter#import_matches'
  [1m[36mMatch Load (0.0ms)[0m  [1m[34mSELECT "matches".* FROM "matches" WHERE "matches"."tournament_id" = 1 AND "matches"."stage" = 'group' AND "matches"."home_team_id" = 22 AND "matches"."away_team_id" = 23 LIMIT 1 /*application='Golbet'*/[0m
  ↳ app/services/fixture_importer.rb:42:in 'block in FixtureImporter#import_matches'
  [1m[36mTRANSACTION (0.0ms)[0m  [1m[35mBEGIN immediate TRANSACTION /*application='Golbet'*/[0m
  ↳ app/services/fixture_importer.rb:44:in 'block in FixtureImporter#import_matches'
  [1m[36mMatch Create (0.2ms)[0m  [1m[32mINSERT INTO "matches" ("away_label", "away_score", "away_team_id", "created_at", "group", "home_label", "home_score", "home_team_id", "kickoff_at", "slot", "stage", "status", "tournament_id", "updated_at") VALUES (NULL, NULL, 23, '2026-06-03 16:32:41.332012', 'F', NULL, NULL, 22, '2026-06-24 16:00:00', NULL, 'group', 'scheduled', 1, '2026-06-03 16:32:41.332012') RETURNING "id" /*application='Golbet'*/[0m
  ↳ app/services/fixture_importer.rb:44:in 'block in FixtureImporter#import_matches'
  [1m[36mTRANSACTION (0.0ms)[0m  [1m[35mCOMMIT TRANSACTION /*application='Golbet'*/[0m
  ↳ app/services/fixture_importer.rb:44:in 'block in FixtureImporter#import_matches'
  [1m[36mMatch Load (0.0ms)[0m  [1m[34mSELECT "matches".* FROM "matches" WHERE "matches"."tournament_id" = 1 AND "matches"."stage" = 'group' AND "matches"."home_team_id" = 25 AND "matches"."away_team_id" = 26 LIMIT 1 /*application='Golbet'*/[0m
  ↳ app/services/fixture_importer.rb:42:in 'block in FixtureImporter#import_matches'
  [1m[36mTRANSACTION (0.0ms)[0m  [1m[35mBEGIN immediate TRANSACTION /*application='Golbet'*/[0m
  ↳ app/services/fixture_importer.rb:44:in 'block in FixtureImporter#import_matches'
  [1m[36mMatch Create (0.2ms)[0m  [1m[32mINSERT INTO "matches" ("away_label", "away_score", "away_team_id", "created_at", "group", "home_label", "home_score", "home_team_id", "kickoff_at", "slot", "stage", "status", "tournament_id", "updated_at") VALUES (NULL, NULL, 26, '2026-06-03 16:32:41.332912', 'G', NULL, NULL, 25, '2026-06-12 16:00:00', NULL, 'group', 'scheduled', 1, '2026-06-03 16:32:41.332912') RETURNING "id" /*application='Golbet'*/[0m
  ↳ app/services/fixture_importer.rb:44:in 'block in FixtureImporter#import_matches'
  [1m[36mTRANSACTION (0.0ms)[0m  [1m[35mCOMMIT TRANSACTION /*application='Golbet'*/[0m
  ↳ app/services/fixture_importer.rb:44:in 'block in FixtureImporter#import_matches'
  [1m[36mMatch Load (0.0ms)[0m  [1m[34mSELECT "matches".* FROM "matches" WHERE "matches"."tournament_id" = 1 AND "matches"."stage" = 'group' AND "matches"."home_team_id" = 27 AND "matches"."away_team_id" = 28 LIMIT 1 /*application='Golbet'*/[0m
  ↳ app/services/fixture_importer.rb:42:in 'block in FixtureImporter#import_matches'
  [1m[36mTRANSACTION (0.0ms)[0m  [1m[35mBEGIN immediate TRANSACTION /*application='Golbet'*/[0m
  ↳ app/services/fixture_importer.rb:44:in 'block in FixtureImporter#import_matches'
  [1m[36mMatch Create (0.2ms)[0m  [1m[32mINSERT INTO "matches" ("away_label", "away_score", "away_team_id", "created_at", "group", "home_label", "home_score", "home_team_id", "kickoff_at", "slot", "stage", "status", "tournament_id", "updated_at") VALUES (NULL, NULL, 28, '2026-06-03 16:32:41.334074', 'G', NULL, NULL, 27, '2026-06-12 16:00:00', NULL, 'group', 'scheduled', 1, '2026-06-03 16:32:41.334074') RETURNING "id" /*application='Golbet'*/[0m
  ↳ app/services/fixture_importer.rb:44:in 'block in FixtureImporter#import_matches'
  [1m[36mTRANSACTION (0.0ms)[0m  [1m[35mCOMMIT TRANSACTION /*application='Golbet'*/[0m
  ↳ app/services/fixture_importer.rb:44:in 'block in FixtureImporter#import_matches'
  [1m[36mMatch Load (0.0ms)[0m  [1m[34mSELECT "matches".* FROM "matches" WHERE "matches"."tournament_id" = 1 AND "matches"."stage" = 'group' AND "matches"."home_team_id" = 25 AND "matches"."away_team_id" = 27 LIMIT 1 /*application='Golbet'*/[0m
  ↳ app/services/fixture_importer.rb:42:in 'block in FixtureImporter#import_matches'
  [1m[36mTRANSACTION (0.0ms)[0m  [1m[35mBEGIN immediate TRANSACTION /*application='Golbet'*/[0m
  ↳ app/services/fixture_importer.rb:44:in 'block in FixtureImporter#import_matches'
  [1m[36mMatch Create (0.2ms)[0m  [1m[32mINSERT INTO "matches" ("away_label", "away_score", "away_team_id", "created_at", "group", "home_label", "home_score", "home_team_id", "kickoff_at", "slot", "stage", "status", "tournament_id", "updated_at") VALUES (NULL, NULL, 27, '2026-06-03 16:32:41.334961', 'G', NULL, NULL, 25, '2026-06-18 16:00:00', NULL, 'group', 'scheduled', 1, '2026-06-03 16:32:41.334961') RETURNING "id" /*application='Golbet'*/[0m
  ↳ app/services/fixture_importer.rb:44:in 'block in FixtureImporter#import_matches'
  [1m[36mTRANSACTION (0.0ms)[0m  [1m[35mCOMMIT TRANSACTION /*application='Golbet'*/[0m
  ↳ app/services/fixture_importer.rb:44:in 'block in FixtureImporter#import_matches'
  [1m[36mMatch Load (0.0ms)[0m  [1m[34mSELECT "matches".* FROM "matches" WHERE "matches"."tournament_id" = 1 AND "matches"."stage" = 'group' AND "matches"."home_team_id" = 26 AND "matches"."away_team_id" = 28 LIMIT 1 /*application='Golbet'*/[0m
  ↳ app/services/fixture_importer.rb:42:in 'block in FixtureImporter#import_matches'
  [1m[36mTRANSACTION (0.0ms)[0m  [1m[35mBEGIN immediate TRANSACTION /*application='Golbet'*/[0m
  ↳ app/services/fixture_importer.rb:44:in 'block in FixtureImporter#import_matches'
  [1m[36mMatch Create (0.2ms)[0m  [1m[32mINSERT INTO "matches" ("away_label", "away_score", "away_team_id", "created_at", "group", "home_label", "home_score", "home_team_id", "kickoff_at", "slot", "stage", "status", "tournament_id", "updated_at") VALUES (NULL, NULL, 28, '2026-06-03 16:32:41.336125', 'G', NULL, NULL, 26, '2026-06-18 16:00:00', NULL, 'group', 'scheduled', 1, '2026-06-03 16:32:41.336125') RETURNING "id" /*application='Golbet'*/[0m
  ↳ app/services/fixture_importer.rb:44:in 'block in FixtureImporter#import_matches'
  [1m[36mTRANSACTION (0.0ms)[0m  [1m[35mCOMMIT TRANSACTION /*application='Golbet'*/[0m
  ↳ app/services/fixture_importer.rb:44:in 'block in FixtureImporter#import_matches'
  [1m[36mMatch Load (0.0ms)[0m  [1m[34mSELECT "matches".* FROM "matches" WHERE "matches"."tournament_id" = 1 AND "matches"."stage" = 'group' AND "matches"."home_team_id" = 25 AND "matches"."away_team_id" = 28 LIMIT 1 /*application='Golbet'*/[0m
  ↳ app/services/fixture_importer.rb:42:in 'block in FixtureImporter#import_matches'
  [1m[36mTRANSACTION (0.0ms)[0m  [1m[35mBEGIN immediate TRANSACTION /*application='Golbet'*/[0m
  ↳ app/services/fixture_importer.rb:44:in 'block in FixtureImporter#import_matches'
  [1m[36mMatch Create (0.2ms)[0m  [1m[32mINSERT INTO "matches" ("away_label", "away_score", "away_team_id", "created_at", "group", "home_label", "home_score", "home_team_id", "kickoff_at", "slot", "stage", "status", "tournament_id", "updated_at") VALUES (NULL, NULL, 28, '2026-06-03 16:32:41.337019', 'G', NULL, NULL, 25, '2026-06-24 16:00:00', NULL, 'group', 'scheduled', 1, '2026-06-03 16:32:41.337019') RETURNING "id" /*application='Golbet'*/[0m
  ↳ app/services/fixture_importer.rb:44:in 'block in FixtureImporter#import_matches'
  [1m[36mTRANSACTION (0.0ms)[0m  [1m[35mCOMMIT TRANSACTION /*application='Golbet'*/[0m
  ↳ app/services/fixture_importer.rb:44:in 'block in FixtureImporter#import_matches'
  [1m[36mMatch Load (0.0ms)[0m  [1m[34mSELECT "matches".* FROM "matches" WHERE "matches"."tournament_id" = 1 AND "matches"."stage" = 'group' AND "matches"."home_team_id" = 26 AND "matches"."away_team_id" = 27 LIMIT 1 /*application='Golbet'*/[0m
  ↳ app/services/fixture_importer.rb:42:in 'block in FixtureImporter#import_matches'
  [1m[36mTRANSACTION (0.0ms)[0m  [1m[35mBEGIN immediate TRANSACTION /*application='Golbet'*/[0m
  ↳ app/services/fixture_importer.rb:44:in 'block in FixtureImporter#import_matches'
  [1m[36mMatch Create (0.3ms)[0m  [1m[32mINSERT INTO "matches" ("away_label", "away_score", "away_team_id", "created_at", "group", "home_label", "home_score", "home_team_id", "kickoff_at", "slot", "stage", "status", "tournament_id", "updated_at") VALUES (NULL, NULL, 27, '2026-06-03 16:32:41.338187', 'G', NULL, NULL, 26, '2026-06-24 16:00:00', NULL, 'group', 'scheduled', 1, '2026-06-03 16:32:41.338187') RETURNING "id" /*application='Golbet'*/[0m
  ↳ app/services/fixture_importer.rb:44:in 'block in FixtureImporter#import_matches'
  [1m[36mTRANSACTION (0.0ms)[0m  [1m[35mCOMMIT TRANSACTION /*application='Golbet'*/[0m
  ↳ app/services/fixture_importer.rb:44:in 'block in FixtureImporter#import_matches'
  [1m[36mMatch Load (0.0ms)[0m  [1m[34mSELECT "matches".* FROM "matches" WHERE "matches"."tournament_id" = 1 AND "matches"."stage" = 'group' AND "matches"."home_team_id" = 29 AND "matches"."away_team_id" = 30 LIMIT 1 /*application='Golbet'*/[0m
  ↳ app/services/fixture_importer.rb:42:in 'block in FixtureImporter#import_matches'
  [1m[36mTRANSACTION (0.0ms)[0m  [1m[35mBEGIN immediate TRANSACTION /*application='Golbet'*/[0m
  ↳ app/services/fixture_importer.rb:44:in 'block in FixtureImporter#import_matches'
  [1m[36mMatch Create (0.2ms)[0m  [1m[32mINSERT INTO "matches" ("away_label", "away_score", "away_team_id", "created_at", "group", "home_label", "home_score", "home_team_id", "kickoff_at", "slot", "stage", "status", "tournament_id", "updated_at") VALUES (NULL, NULL, 30, '2026-06-03 16:32:41.339158', 'H', NULL, NULL, 29, '2026-06-12 16:00:00', NULL, 'group', 'scheduled', 1, '2026-06-03 16:32:41.339158') RETURNING "id" /*application='Golbet'*/[0m
  ↳ app/services/fixture_importer.rb:44:in 'block in FixtureImporter#import_matches'
  [1m[36mTRANSACTION (0.0ms)[0m  [1m[35mCOMMIT TRANSACTION /*application='Golbet'*/[0m
  ↳ app/services/fixture_importer.rb:44:in 'block in FixtureImporter#import_matches'
  [1m[36mMatch Load (0.0ms)[0m  [1m[34mSELECT "matches".* FROM "matches" WHERE "matches"."tournament_id" = 1 AND "matches"."stage" = 'group' AND "matches"."home_team_id" = 31 AND "matches"."away_team_id" = 32 LIMIT 1 /*application='Golbet'*/[0m
  ↳ app/services/fixture_importer.rb:42:in 'block in FixtureImporter#import_matches'
  [1m[36mTRANSACTION (0.0ms)[0m  [1m[35mBEGIN immediate TRANSACTION /*application='Golbet'*/[0m
  ↳ app/services/fixture_importer.rb:44:in 'block in FixtureImporter#import_matches'
  [1m[36mMatch Create (0.2ms)[0m  [1m[32mINSERT INTO "matches" ("away_label", "away_score", "away_team_id", "created_at", "group", "home_label", "home_score", "home_team_id", "kickoff_at", "slot", "stage", "status", "tournament_id", "updated_at") VALUES (NULL, NULL, 32, '2026-06-03 16:32:41.340321', 'H', NULL, NULL, 31, '2026-06-12 16:00:00', NULL, 'group', 'scheduled', 1, '2026-06-03 16:32:41.340321') RETURNING "id" /*application='Golbet'*/[0m
  ↳ app/services/fixture_importer.rb:44:in 'block in FixtureImporter#import_matches'
  [1m[36mTRANSACTION (0.0ms)[0m  [1m[35mCOMMIT TRANSACTION /*application='Golbet'*/[0m
  ↳ app/services/fixture_importer.rb:44:in 'block in FixtureImporter#import_matches'
  [1m[36mMatch Load (0.0ms)[0m  [1m[34mSELECT "matches".* FROM "matches" WHERE "matches"."tournament_id" = 1 AND "matches"."stage" = 'group' AND "matches"."home_team_id" = 29 AND "matches"."away_team_id" = 31 LIMIT 1 /*application='Golbet'*/[0m
  ↳ app/services/fixture_importer.rb:42:in 'block in FixtureImporter#import_matches'
  [1m[36mTRANSACTION (0.0ms)[0m  [1m[35mBEGIN immediate TRANSACTION /*application='Golbet'*/[0m
  ↳ app/services/fixture_importer.rb:44:in 'block in FixtureImporter#import_matches'
  [1m[36mMatch Create (0.2ms)[0m  [1m[32mINSERT INTO "matches" ("away_label", "away_score", "away_team_id", "created_at", "group", "home_label", "home_score", "home_team_id", "kickoff_at", "slot", "stage", "status", "tournament_id", "updated_at") VALUES (NULL, NULL, 31, '2026-06-03 16:32:41.341194', 'H', NULL, NULL, 29, '2026-06-18 16:00:00', NULL, 'group', 'scheduled', 1, '2026-06-03 16:32:41.341194') RETURNING "id" /*application='Golbet'*/[0m
  ↳ app/services/fixture_importer.rb:44:in 'block in FixtureImporter#import_matches'
  [1m[36mTRANSACTION (0.0ms)[0m  [1m[35mCOMMIT TRANSACTION /*application='Golbet'*/[0m
  ↳ app/services/fixture_importer.rb:44:in 'block in FixtureImporter#import_matches'
  [1m[36mMatch Load (0.0ms)[0m  [1m[34mSELECT "matches".* FROM "matches" WHERE "matches"."tournament_id" = 1 AND "matches"."stage" = 'group' AND "matches"."home_team_id" = 30 AND "matches"."away_team_id" = 32 LIMIT 1 /*application='Golbet'*/[0m
  ↳ app/services/fixture_importer.rb:42:in 'block in FixtureImporter#import_matches'
  [1m[36mTRANSACTION (0.0ms)[0m  [1m[35mBEGIN immediate TRANSACTION /*application='Golbet'*/[0m
  ↳ app/services/fixture_importer.rb:44:in 'block in FixtureImporter#import_matches'
  [1m[36mMatch Create (0.4ms)[0m  [1m[32mINSERT INTO "matches" ("away_label", "away_score", "away_team_id", "created_at", "group", "home_label", "home_score", "home_team_id", "kickoff_at", "slot", "stage", "status", "tournament_id", "updated_at") VALUES (NULL, NULL, 32, '2026-06-03 16:32:41.342094', 'H', NULL, NULL, 30, '2026-06-18 16:00:00', NULL, 'group', 'scheduled', 1, '2026-06-03 16:32:41.342094') RETURNING "id" /*application='Golbet'*/[0m
  ↳ app/services/fixture_importer.rb:44:in 'block in FixtureImporter#import_matches'
  [1m[36mTRANSACTION (0.0ms)[0m  [1m[35mCOMMIT TRANSACTION /*application='Golbet'*/[0m
  ↳ app/services/fixture_importer.rb:44:in 'block in FixtureImporter#import_matches'
  [1m[36mMatch Load (0.0ms)[0m  [1m[34mSELECT "matches".* FROM "matches" WHERE "matches"."tournament_id" = 1 AND "matches"."stage" = 'group' AND "matches"."home_team_id" = 29 AND "matches"."away_team_id" = 32 LIMIT 1 /*application='Golbet'*/[0m
  ↳ app/services/fixture_importer.rb:42:in 'block in FixtureImporter#import_matches'
  [1m[36mTRANSACTION (0.0ms)[0m  [1m[35mBEGIN immediate TRANSACTION /*application='Golbet'*/[0m
  ↳ app/services/fixture_importer.rb:44:in 'block in FixtureImporter#import_matches'
  [1m[36mMatch Create (0.2ms)[0m  [1m[32mINSERT INTO "matches" ("away_label", "away_score", "away_team_id", "created_at", "group", "home_label", "home_score", "home_team_id", "kickoff_at", "slot", "stage", "status", "tournament_id", "updated_at") VALUES (NULL, NULL, 32, '2026-06-03 16:32:41.343150', 'H', NULL, NULL, 29, '2026-06-24 16:00:00', NULL, 'group', 'scheduled', 1, '2026-06-03 16:32:41.343150') RETURNING "id" /*application='Golbet'*/[0m
  ↳ app/services/fixture_importer.rb:44:in 'block in FixtureImporter#import_matches'
  [1m[36mTRANSACTION (0.0ms)[0m  [1m[35mCOMMIT TRANSACTION /*application='Golbet'*/[0m
  ↳ app/services/fixture_importer.rb:44:in 'block in FixtureImporter#import_matches'
  [1m[36mMatch Load (0.0ms)[0m  [1m[34mSELECT "matches".* FROM "matches" WHERE "matches"."tournament_id" = 1 AND "matches"."stage" = 'group' AND "matches"."home_team_id" = 30 AND "matches"."away_team_id" = 31 LIMIT 1 /*application='Golbet'*/[0m
  ↳ app/services/fixture_importer.rb:42:in 'block in FixtureImporter#import_matches'
  [1m[36mTRANSACTION (0.0ms)[0m  [1m[35mBEGIN immediate TRANSACTION /*application='Golbet'*/[0m
  ↳ app/services/fixture_importer.rb:44:in 'block in FixtureImporter#import_matches'
  [1m[36mMatch Create (0.2ms)[0m  [1m[32mINSERT INTO "matches" ("away_label", "away_score", "away_team_id", "created_at", "group", "home_label", "home_score", "home_team_id", "kickoff_at", "slot", "stage", "status", "tournament_id", "updated_at") VALUES (NULL, NULL, 31, '2026-06-03 16:32:41.344011', 'H', NULL, NULL, 30, '2026-06-24 16:00:00', NULL, 'group', 'scheduled', 1, '2026-06-03 16:32:41.344011') RETURNING "id" /*application='Golbet'*/[0m
  ↳ app/services/fixture_importer.rb:44:in 'block in FixtureImporter#import_matches'
  [1m[36mTRANSACTION (0.0ms)[0m  [1m[35mCOMMIT TRANSACTION /*application='Golbet'*/[0m
  ↳ app/services/fixture_importer.rb:44:in 'block in FixtureImporter#import_matches'
  [1m[36mMatch Load (0.0ms)[0m  [1m[34mSELECT "matches".* FROM "matches" WHERE "matches"."tournament_id" = 1 AND "matches"."stage" = 'group' AND "matches"."home_team_id" = 33 AND "matches"."away_team_id" = 34 LIMIT 1 /*application='Golbet'*/[0m
  ↳ app/services/fixture_importer.rb:42:in 'block in FixtureImporter#import_matches'
  [1m[36mTRANSACTION (0.0ms)[0m  [1m[35mBEGIN immediate TRANSACTION /*application='Golbet'*/[0m
  ↳ app/services/fixture_importer.rb:44:in 'block in FixtureImporter#import_matches'
  [1m[36mMatch Create (0.2ms)[0m  [1m[32mINSERT INTO "matches" ("away_label", "away_score", "away_team_id", "created_at", "group", "home_label", "home_score", "home_team_id", "kickoff_at", "slot", "stage", "status", "tournament_id", "updated_at") VALUES (NULL, NULL, 34, '2026-06-03 16:32:41.345034', 'I', NULL, NULL, 33, '2026-06-12 16:00:00', NULL, 'group', 'scheduled', 1, '2026-06-03 16:32:41.345034') RETURNING "id" /*application='Golbet'*/[0m
  ↳ app/services/fixture_importer.rb:44:in 'block in FixtureImporter#import_matches'
  [1m[36mTRANSACTION (0.0ms)[0m  [1m[35mCOMMIT TRANSACTION /*application='Golbet'*/[0m
  ↳ app/services/fixture_importer.rb:44:in 'block in FixtureImporter#import_matches'
  [1m[36mMatch Load (0.0ms)[0m  [1m[34mSELECT "matches".* FROM "matches" WHERE "matches"."tournament_id" = 1 AND "matches"."stage" = 'group' AND "matches"."home_team_id" = 35 AND "matches"."away_team_id" = 36 LIMIT 1 /*application='Golbet'*/[0m
  ↳ app/services/fixture_importer.rb:42:in 'block in FixtureImporter#import_matches'
  [1m[36mTRANSACTION (0.0ms)[0m  [1m[35mBEGIN immediate TRANSACTION /*application='Golbet'*/[0m
  ↳ app/services/fixture_importer.rb:44:in 'block in FixtureImporter#import_matches'
  [1m[36mMatch Create (0.2ms)[0m  [1m[32mINSERT INTO "matches" ("away_label", "away_score", "away_team_id", "created_at", "group", "home_label", "home_score", "home_team_id", "kickoff_at", "slot", "stage", "status", "tournament_id", "updated_at") VALUES (NULL, NULL, 36, '2026-06-03 16:32:41.345906', 'I', NULL, NULL, 35, '2026-06-12 16:00:00', NULL, 'group', 'scheduled', 1, '2026-06-03 16:32:41.345906') RETURNING "id" /*application='Golbet'*/[0m
  ↳ app/services/fixture_importer.rb:44:in 'block in FixtureImporter#import_matches'
  [1m[36mTRANSACTION (0.0ms)[0m  [1m[35mCOMMIT TRANSACTION /*application='Golbet'*/[0m
  ↳ app/services/fixture_importer.rb:44:in 'block in FixtureImporter#import_matches'
  [1m[36mMatch Load (0.0ms)[0m  [1m[34mSELECT "matches".* FROM "matches" WHERE "matches"."tournament_id" = 1 AND "matches"."stage" = 'group' AND "matches"."home_team_id" = 33 AND "matches"."away_team_id" = 35 LIMIT 1 /*application='Golbet'*/[0m
  ↳ app/services/fixture_importer.rb:42:in 'block in FixtureImporter#import_matches'
  [1m[36mTRANSACTION (0.0ms)[0m  [1m[35mBEGIN immediate TRANSACTION /*application='Golbet'*/[0m
  ↳ app/services/fixture_importer.rb:44:in 'block in FixtureImporter#import_matches'
  [1m[36mMatch Create (0.2ms)[0m  [1m[32mINSERT INTO "matches" ("away_label", "away_score", "away_team_id", "created_at", "group", "home_label", "home_score", "home_team_id", "kickoff_at", "slot", "stage", "status", "tournament_id", "updated_at") VALUES (NULL, NULL, 35, '2026-06-03 16:32:41.346783', 'I', NULL, NULL, 33, '2026-06-18 16:00:00', NULL, 'group', 'scheduled', 1, '2026-06-03 16:32:41.346783') RETURNING "id" /*application='Golbet'*/[0m
  ↳ app/services/fixture_importer.rb:44:in 'block in FixtureImporter#import_matches'
  [1m[36mTRANSACTION (0.0ms)[0m  [1m[35mCOMMIT TRANSACTION /*application='Golbet'*/[0m
  ↳ app/services/fixture_importer.rb:44:in 'block in FixtureImporter#import_matches'
  [1m[36mMatch Load (0.0ms)[0m  [1m[34mSELECT "matches".* FROM "matches" WHERE "matches"."tournament_id" = 1 AND "matches"."stage" = 'group' AND "matches"."home_team_id" = 34 AND "matches"."away_team_id" = 36 LIMIT 1 /*application='Golbet'*/[0m
  ↳ app/services/fixture_importer.rb:42:in 'block in FixtureImporter#import_matches'
  [1m[36mTRANSACTION (0.0ms)[0m  [1m[35mBEGIN immediate TRANSACTION /*application='Golbet'*/[0m
  ↳ app/services/fixture_importer.rb:44:in 'block in FixtureImporter#import_matches'
  [1m[36mMatch Create (0.2ms)[0m  [1m[32mINSERT INTO "matches" ("away_label", "away_score", "away_team_id", "created_at", "group", "home_label", "home_score", "home_team_id", "kickoff_at", "slot", "stage", "status", "tournament_id", "updated_at") VALUES (NULL, NULL, 36, '2026-06-03 16:32:41.347804', 'I', NULL, NULL, 34, '2026-06-18 16:00:00', NULL, 'group', 'scheduled', 1, '2026-06-03 16:32:41.347804') RETURNING "id" /*application='Golbet'*/[0m
  ↳ app/services/fixture_importer.rb:44:in 'block in FixtureImporter#import_matches'
  [1m[36mTRANSACTION (0.0ms)[0m  [1m[35mCOMMIT TRANSACTION /*application='Golbet'*/[0m
  ↳ app/services/fixture_importer.rb:44:in 'block in FixtureImporter#import_matches'
  [1m[36mMatch Load (0.0ms)[0m  [1m[34mSELECT "matches".* FROM "matches" WHERE "matches"."tournament_id" = 1 AND "matches"."stage" = 'group' AND "matches"."home_team_id" = 33 AND "matches"."away_team_id" = 36 LIMIT 1 /*application='Golbet'*/[0m
  ↳ app/services/fixture_importer.rb:42:in 'block in FixtureImporter#import_matches'
  [1m[36mTRANSACTION (0.0ms)[0m  [1m[35mBEGIN immediate TRANSACTION /*application='Golbet'*/[0m
  ↳ app/services/fixture_importer.rb:44:in 'block in FixtureImporter#import_matches'
  [1m[36mMatch Create (0.2ms)[0m  [1m[32mINSERT INTO "matches" ("away_label", "away_score", "away_team_id", "created_at", "group", "home_label", "home_score", "home_team_id", "kickoff_at", "slot", "stage", "status", "tournament_id", "updated_at") VALUES (NULL, NULL, 36, '2026-06-03 16:32:41.348728', 'I', NULL, NULL, 33, '2026-06-24 16:00:00', NULL, 'group', 'scheduled', 1, '2026-06-03 16:32:41.348728') RETURNING "id" /*application='Golbet'*/[0m
  ↳ app/services/fixture_importer.rb:44:in 'block in FixtureImporter#import_matches'
  [1m[36mTRANSACTION (0.0ms)[0m  [1m[35mCOMMIT TRANSACTION /*application='Golbet'*/[0m
  ↳ app/services/fixture_importer.rb:44:in 'block in FixtureImporter#import_matches'
  [1m[36mMatch Load (0.0ms)[0m  [1m[34mSELECT "matches".* FROM "matches" WHERE "matches"."tournament_id" = 1 AND "matches"."stage" = 'group' AND "matches"."home_team_id" = 34 AND "matches"."away_team_id" = 35 LIMIT 1 /*application='Golbet'*/[0m
  ↳ app/services/fixture_importer.rb:42:in 'block in FixtureImporter#import_matches'
  [1m[36mTRANSACTION (0.0ms)[0m  [1m[35mBEGIN immediate TRANSACTION /*application='Golbet'*/[0m
  ↳ app/services/fixture_importer.rb:44:in 'block in FixtureImporter#import_matches'
  [1m[36mMatch Create (0.3ms)[0m  [1m[32mINSERT INTO "matches" ("away_label", "away_score", "away_team_id", "created_at", "group", "home_label", "home_score", "home_team_id", "kickoff_at", "slot", "stage", "status", "tournament_id", "updated_at") VALUES (NULL, NULL, 35, '2026-06-03 16:32:41.349825', 'I', NULL, NULL, 34, '2026-06-24 16:00:00', NULL, 'group', 'scheduled', 1, '2026-06-03 16:32:41.349825') RETURNING "id" /*application='Golbet'*/[0m
  ↳ app/services/fixture_importer.rb:44:in 'block in FixtureImporter#import_matches'
  [1m[36mTRANSACTION (0.0ms)[0m  [1m[35mCOMMIT TRANSACTION /*application='Golbet'*/[0m
  ↳ app/services/fixture_importer.rb:44:in 'block in FixtureImporter#import_matches'
  [1m[36mMatch Load (0.0ms)[0m  [1m[34mSELECT "matches".* FROM "matches" WHERE "matches"."tournament_id" = 1 AND "matches"."stage" = 'group' AND "matches"."home_team_id" = 37 AND "matches"."away_team_id" = 38 LIMIT 1 /*application='Golbet'*/[0m
  ↳ app/services/fixture_importer.rb:42:in 'block in FixtureImporter#import_matches'
  [1m[36mTRANSACTION (0.0ms)[0m  [1m[35mBEGIN immediate TRANSACTION /*application='Golbet'*/[0m
  ↳ app/services/fixture_importer.rb:44:in 'block in FixtureImporter#import_matches'
  [1m[36mMatch Create (0.3ms)[0m  [1m[32mINSERT INTO "matches" ("away_label", "away_score", "away_team_id", "created_at", "group", "home_label", "home_score", "home_team_id", "kickoff_at", "slot", "stage", "status", "tournament_id", "updated_at") VALUES (NULL, NULL, 38, '2026-06-03 16:32:41.351019', 'J', NULL, NULL, 37, '2026-06-12 16:00:00', NULL, 'group', 'scheduled', 1, '2026-06-03 16:32:41.351019') RETURNING "id" /*application='Golbet'*/[0m
  ↳ app/services/fixture_importer.rb:44:in 'block in FixtureImporter#import_matches'
  [1m[36mTRANSACTION (0.0ms)[0m  [1m[35mCOMMIT TRANSACTION /*application='Golbet'*/[0m
  ↳ app/services/fixture_importer.rb:44:in 'block in FixtureImporter#import_matches'
  [1m[36mMatch Load (0.0ms)[0m  [1m[34mSELECT "matches".* FROM "matches" WHERE "matches"."tournament_id" = 1 AND "matches"."stage" = 'group' AND "matches"."home_team_id" = 39 AND "matches"."away_team_id" = 40 LIMIT 1 /*application='Golbet'*/[0m
  ↳ app/services/fixture_importer.rb:42:in 'block in FixtureImporter#import_matches'
  [1m[36mTRANSACTION (0.0ms)[0m  [1m[35mBEGIN immediate TRANSACTION /*application='Golbet'*/[0m
  ↳ app/services/fixture_importer.rb:44:in 'block in FixtureImporter#import_matches'
  [1m[36mMatch Create (0.2ms)[0m  [1m[32mINSERT INTO "matches" ("away_label", "away_score", "away_team_id", "created_at", "group", "home_label", "home_score", "home_team_id", "kickoff_at", "slot", "stage", "status", "tournament_id", "updated_at") VALUES (NULL, NULL, 40, '2026-06-03 16:32:41.351965', 'J', NULL, NULL, 39, '2026-06-12 16:00:00', NULL, 'group', 'scheduled', 1, '2026-06-03 16:32:41.351965') RETURNING "id" /*application='Golbet'*/[0m
  ↳ app/services/fixture_importer.rb:44:in 'block in FixtureImporter#import_matches'
  [1m[36mTRANSACTION (0.0ms)[0m  [1m[35mCOMMIT TRANSACTION /*application='Golbet'*/[0m
  ↳ app/services/fixture_importer.rb:44:in 'block in FixtureImporter#import_matches'
  [1m[36mMatch Load (0.0ms)[0m  [1m[34mSELECT "matches".* FROM "matches" WHERE "matches"."tournament_id" = 1 AND "matches"."stage" = 'group' AND "matches"."home_team_id" = 37 AND "matches"."away_team_id" = 39 LIMIT 1 /*application='Golbet'*/[0m
  ↳ app/services/fixture_importer.rb:42:in 'block in FixtureImporter#import_matches'
  [1m[36mTRANSACTION (0.0ms)[0m  [1m[35mBEGIN immediate TRANSACTION /*application='Golbet'*/[0m
  ↳ app/services/fixture_importer.rb:44:in 'block in FixtureImporter#import_matches'
  [1m[36mMatch Create (0.2ms)[0m  [1m[32mINSERT INTO "matches" ("away_label", "away_score", "away_team_id", "created_at", "group", "home_label", "home_score", "home_team_id", "kickoff_at", "slot", "stage", "status", "tournament_id", "updated_at") VALUES (NULL, NULL, 39, '2026-06-03 16:32:41.352837', 'J', NULL, NULL, 37, '2026-06-18 16:00:00', NULL, 'group', 'scheduled', 1, '2026-06-03 16:32:41.352837') RETURNING "id" /*application='Golbet'*/[0m
  ↳ app/services/fixture_importer.rb:44:in 'block in FixtureImporter#import_matches'
  [1m[36mTRANSACTION (0.0ms)[0m  [1m[35mCOMMIT TRANSACTION /*application='Golbet'*/[0m
  ↳ app/services/fixture_importer.rb:44:in 'block in FixtureImporter#import_matches'
  [1m[36mMatch Load (0.0ms)[0m  [1m[34mSELECT "matches".* FROM "matches" WHERE "matches"."tournament_id" = 1 AND "matches"."stage" = 'group' AND "matches"."home_team_id" = 38 AND "matches"."away_team_id" = 40 LIMIT 1 /*application='Golbet'*/[0m
  ↳ app/services/fixture_importer.rb:42:in 'block in FixtureImporter#import_matches'
  [1m[36mTRANSACTION (0.0ms)[0m  [1m[35mBEGIN immediate TRANSACTION /*application='Golbet'*/[0m
  ↳ app/services/fixture_importer.rb:44:in 'block in FixtureImporter#import_matches'
  [1m[36mMatch Create (0.2ms)[0m  [1m[32mINSERT INTO "matches" ("away_label", "away_score", "away_team_id", "created_at", "group", "home_label", "home_score", "home_team_id", "kickoff_at", "slot", "stage", "status", "tournament_id", "updated_at") VALUES (NULL, NULL, 40, '2026-06-03 16:32:41.353716', 'J', NULL, NULL, 38, '2026-06-18 16:00:00', NULL, 'group', 'scheduled', 1, '2026-06-03 16:32:41.353716') RETURNING "id" /*application='Golbet'*/[0m
  ↳ app/services/fixture_importer.rb:44:in 'block in FixtureImporter#import_matches'
  [1m[36mTRANSACTION (0.0ms)[0m  [1m[35mCOMMIT TRANSACTION /*application='Golbet'*/[0m
  ↳ app/services/fixture_importer.rb:44:in 'block in FixtureImporter#import_matches'
  [1m[36mMatch Load (0.0ms)[0m  [1m[34mSELECT "matches".* FROM "matches" WHERE "matches"."tournament_id" = 1 AND "matches"."stage" = 'group' AND "matches"."home_team_id" = 37 AND "matches"."away_team_id" = 40 LIMIT 1 /*application='Golbet'*/[0m
  ↳ app/services/fixture_importer.rb:42:in 'block in FixtureImporter#import_matches'
  [1m[36mTRANSACTION (0.0ms)[0m  [1m[35mBEGIN immediate TRANSACTION /*application='Golbet'*/[0m
  ↳ app/services/fixture_importer.rb:44:in 'block in FixtureImporter#import_matches'
  [1m[36mMatch Create (0.2ms)[0m  [1m[32mINSERT INTO "matches" ("away_label", "away_score", "away_team_id", "created_at", "group", "home_label", "home_score", "home_team_id", "kickoff_at", "slot", "stage", "status", "tournament_id", "updated_at") VALUES (NULL, NULL, 40, '2026-06-03 16:32:41.354602', 'J', NULL, NULL, 37, '2026-06-24 16:00:00', NULL, 'group', 'scheduled', 1, '2026-06-03 16:32:41.354602') RETURNING "id" /*application='Golbet'*/[0m
  ↳ app/services/fixture_importer.rb:44:in 'block in FixtureImporter#import_matches'
  [1m[36mTRANSACTION (0.0ms)[0m  [1m[35mCOMMIT TRANSACTION /*application='Golbet'*/[0m
  ↳ app/services/fixture_importer.rb:44:in 'block in FixtureImporter#import_matches'
  [1m[36mMatch Load (0.0ms)[0m  [1m[34mSELECT "matches".* FROM "matches" WHERE "matches"."tournament_id" = 1 AND "matches"."stage" = 'group' AND "matches"."home_team_id" = 38 AND "matches"."away_team_id" = 39 LIMIT 1 /*application='Golbet'*/[0m
  ↳ app/services/fixture_importer.rb:42:in 'block in FixtureImporter#import_matches'
  [1m[36mTRANSACTION (0.0ms)[0m  [1m[35mBEGIN immediate TRANSACTION /*application='Golbet'*/[0m
  ↳ app/services/fixture_importer.rb:44:in 'block in FixtureImporter#import_matches'
  [1m[36mMatch Create (0.2ms)[0m  [1m[32mINSERT INTO "matches" ("away_label", "away_score", "away_team_id", "created_at", "group", "home_label", "home_score", "home_team_id", "kickoff_at", "slot", "stage", "status", "tournament_id", "updated_at") VALUES (NULL, NULL, 39, '2026-06-03 16:32:41.355480', 'J', NULL, NULL, 38, '2026-06-24 16:00:00', NULL, 'group', 'scheduled', 1, '2026-06-03 16:32:41.355480') RETURNING "id" /*application='Golbet'*/[0m
  ↳ app/services/fixture_importer.rb:44:in 'block in FixtureImporter#import_matches'
  [1m[36mTRANSACTION (0.0ms)[0m  [1m[35mCOMMIT TRANSACTION /*application='Golbet'*/[0m
  ↳ app/services/fixture_importer.rb:44:in 'block in FixtureImporter#import_matches'
  [1m[36mMatch Load (0.0ms)[0m  [1m[34mSELECT "matches".* FROM "matches" WHERE "matches"."tournament_id" = 1 AND "matches"."stage" = 'group' AND "matches"."home_team_id" = 41 AND "matches"."away_team_id" = 42 LIMIT 1 /*application='Golbet'*/[0m
  ↳ app/services/fixture_importer.rb:42:in 'block in FixtureImporter#import_matches'
  [1m[36mTRANSACTION (0.0ms)[0m  [1m[35mBEGIN immediate TRANSACTION /*application='Golbet'*/[0m
  ↳ app/services/fixture_importer.rb:44:in 'block in FixtureImporter#import_matches'
  [1m[36mMatch Create (0.2ms)[0m  [1m[32mINSERT INTO "matches" ("away_label", "away_score", "away_team_id", "created_at", "group", "home_label", "home_score", "home_team_id", "kickoff_at", "slot", "stage", "status", "tournament_id", "updated_at") VALUES (NULL, NULL, 42, '2026-06-03 16:32:41.356358', 'K', NULL, NULL, 41, '2026-06-12 16:00:00', NULL, 'group', 'scheduled', 1, '2026-06-03 16:32:41.356358') RETURNING "id" /*application='Golbet'*/[0m
  ↳ app/services/fixture_importer.rb:44:in 'block in FixtureImporter#import_matches'
  [1m[36mTRANSACTION (0.0ms)[0m  [1m[35mCOMMIT TRANSACTION /*application='Golbet'*/[0m
  ↳ app/services/fixture_importer.rb:44:in 'block in FixtureImporter#import_matches'
  [1m[36mMatch Load (0.0ms)[0m  [1m[34mSELECT "matches".* FROM "matches" WHERE "matches"."tournament_id" = 1 AND "matches"."stage" = 'group' AND "matches"."home_team_id" = 43 AND "matches"."away_team_id" = 44 LIMIT 1 /*application='Golbet'*/[0m
  ↳ app/services/fixture_importer.rb:42:in 'block in FixtureImporter#import_matches'
  [1m[36mTRANSACTION (0.0ms)[0m  [1m[35mBEGIN immediate TRANSACTION /*application='Golbet'*/[0m
  ↳ app/services/fixture_importer.rb:44:in 'block in FixtureImporter#import_matches'
  [1m[36mMatch Create (0.2ms)[0m  [1m[32mINSERT INTO "matches" ("away_label", "away_score", "away_team_id", "created_at", "group", "home_label", "home_score", "home_team_id", "kickoff_at", "slot", "stage", "status", "tournament_id", "updated_at") VALUES (NULL, NULL, 44, '2026-06-03 16:32:41.357233', 'K', NULL, NULL, 43, '2026-06-12 16:00:00', NULL, 'group', 'scheduled', 1, '2026-06-03 16:32:41.357233') RETURNING "id" /*application='Golbet'*/[0m
  ↳ app/services/fixture_importer.rb:44:in 'block in FixtureImporter#import_matches'
  [1m[36mTRANSACTION (0.0ms)[0m  [1m[35mCOMMIT TRANSACTION /*application='Golbet'*/[0m
  ↳ app/services/fixture_importer.rb:44:in 'block in FixtureImporter#import_matches'
  [1m[36mMatch Load (0.0ms)[0m  [1m[34mSELECT "matches".* FROM "matches" WHERE "matches"."tournament_id" = 1 AND "matches"."stage" = 'group' AND "matches"."home_team_id" = 41 AND "matches"."away_team_id" = 43 LIMIT 1 /*application='Golbet'*/[0m
  ↳ app/services/fixture_importer.rb:42:in 'block in FixtureImporter#import_matches'
  [1m[36mTRANSACTION (0.0ms)[0m  [1m[35mBEGIN immediate TRANSACTION /*application='Golbet'*/[0m
  ↳ app/services/fixture_importer.rb:44:in 'block in FixtureImporter#import_matches'
  [1m[36mMatch Create (0.2ms)[0m  [1m[32mINSERT INTO "matches" ("away_label", "away_score", "away_team_id", "created_at", "group", "home_label", "home_score", "home_team_id", "kickoff_at", "slot", "stage", "status", "tournament_id", "updated_at") VALUES (NULL, NULL, 43, '2026-06-03 16:32:41.358121', 'K', NULL, NULL, 41, '2026-06-18 16:00:00', NULL, 'group', 'scheduled', 1, '2026-06-03 16:32:41.358121') RETURNING "id" /*application='Golbet'*/[0m
  ↳ app/services/fixture_importer.rb:44:in 'block in FixtureImporter#import_matches'
  [1m[36mTRANSACTION (0.0ms)[0m  [1m[35mCOMMIT TRANSACTION /*application='Golbet'*/[0m
  ↳ app/services/fixture_importer.rb:44:in 'block in FixtureImporter#import_matches'
  [1m[36mMatch Load (0.0ms)[0m  [1m[34mSELECT "matches".* FROM "matches" WHERE "matches"."tournament_id" = 1 AND "matches"."stage" = 'group' AND "matches"."home_team_id" = 42 AND "matches"."away_team_id" = 44 LIMIT 1 /*application='Golbet'*/[0m
  ↳ app/services/fixture_importer.rb:42:in 'block in FixtureImporter#import_matches'
  [1m[36mTRANSACTION (0.0ms)[0m  [1m[35mBEGIN immediate TRANSACTION /*application='Golbet'*/[0m
  ↳ app/services/fixture_importer.rb:44:in 'block in FixtureImporter#import_matches'
  [1m[36mMatch Create (0.2ms)[0m  [1m[32mINSERT INTO "matches" ("away_label", "away_score", "away_team_id", "created_at", "group", "home_label", "home_score", "home_team_id", "kickoff_at", "slot", "stage", "status", "tournament_id", "updated_at") VALUES (NULL, NULL, 44, '2026-06-03 16:32:41.359017', 'K', NULL, NULL, 42, '2026-06-18 16:00:00', NULL, 'group', 'scheduled', 1, '2026-06-03 16:32:41.359017') RETURNING "id" /*application='Golbet'*/[0m
  ↳ app/services/fixture_importer.rb:44:in 'block in FixtureImporter#import_matches'
  [1m[36mTRANSACTION (0.0ms)[0m  [1m[35mCOMMIT TRANSACTION /*application='Golbet'*/[0m
  ↳ app/services/fixture_importer.rb:44:in 'block in FixtureImporter#import_matches'
  [1m[36mMatch Load (0.0ms)[0m  [1m[34mSELECT "matches".* FROM "matches" WHERE "matches"."tournament_id" = 1 AND "matches"."stage" = 'group' AND "matches"."home_team_id" = 41 AND "matches"."away_team_id" = 44 LIMIT 1 /*application='Golbet'*/[0m
  ↳ app/services/fixture_importer.rb:42:in 'block in FixtureImporter#import_matches'
  [1m[36mTRANSACTION (0.0ms)[0m  [1m[35mBEGIN immediate TRANSACTION /*application='Golbet'*/[0m
  ↳ app/services/fixture_importer.rb:44:in 'block in FixtureImporter#import_matches'
  [1m[36mMatch Create (0.2ms)[0m  [1m[32mINSERT INTO "matches" ("away_label", "away_score", "away_team_id", "created_at", "group", "home_label", "home_score", "home_team_id", "kickoff_at", "slot", "stage", "status", "tournament_id", "updated_at") VALUES (NULL, NULL, 44, '2026-06-03 16:32:41.359904', 'K', NULL, NULL, 41, '2026-06-24 16:00:00', NULL, 'group', 'scheduled', 1, '2026-06-03 16:32:41.359904') RETURNING "id" /*application='Golbet'*/[0m
  ↳ app/services/fixture_importer.rb:44:in 'block in FixtureImporter#import_matches'
  [1m[36mTRANSACTION (0.0ms)[0m  [1m[35mCOMMIT TRANSACTION /*application='Golbet'*/[0m
  ↳ app/services/fixture_importer.rb:44:in 'block in FixtureImporter#import_matches'
  [1m[36mMatch Load (0.0ms)[0m  [1m[34mSELECT "matches".* FROM "matches" WHERE "matches"."tournament_id" = 1 AND "matches"."stage" = 'group' AND "matches"."home_team_id" = 42 AND "matches"."away_team_id" = 43 LIMIT 1 /*application='Golbet'*/[0m
  ↳ app/services/fixture_importer.rb:42:in 'block in FixtureImporter#import_matches'
  [1m[36mTRANSACTION (0.0ms)[0m  [1m[35mBEGIN immediate TRANSACTION /*application='Golbet'*/[0m
  ↳ app/services/fixture_importer.rb:44:in 'block in FixtureImporter#import_matches'
  [1m[36mMatch Create (0.2ms)[0m  [1m[32mINSERT INTO "matches" ("away_label", "away_score", "away_team_id", "created_at", "group", "home_label", "home_score", "home_team_id", "kickoff_at", "slot", "stage", "status", "tournament_id", "updated_at") VALUES (NULL, NULL, 43, '2026-06-03 16:32:41.360805', 'K', NULL, NULL, 42, '2026-06-24 16:00:00', NULL, 'group', 'scheduled', 1, '2026-06-03 16:32:41.360805') RETURNING "id" /*application='Golbet'*/[0m
  ↳ app/services/fixture_importer.rb:44:in 'block in FixtureImporter#import_matches'
  [1m[36mTRANSACTION (0.0ms)[0m  [1m[35mCOMMIT TRANSACTION /*application='Golbet'*/[0m
  ↳ app/services/fixture_importer.rb:44:in 'block in FixtureImporter#import_matches'
  [1m[36mMatch Load (0.0ms)[0m  [1m[34mSELECT "matches".* FROM "matches" WHERE "matches"."tournament_id" = 1 AND "matches"."stage" = 'group' AND "matches"."home_team_id" = 45 AND "matches"."away_team_id" = 46 LIMIT 1 /*application='Golbet'*/[0m
  ↳ app/services/fixture_importer.rb:42:in 'block in FixtureImporter#import_matches'
  [1m[36mTRANSACTION (0.0ms)[0m  [1m[35mBEGIN immediate TRANSACTION /*application='Golbet'*/[0m
  ↳ app/services/fixture_importer.rb:44:in 'block in FixtureImporter#import_matches'
  [1m[36mMatch Create (0.2ms)[0m  [1m[32mINSERT INTO "matches" ("away_label", "away_score", "away_team_id", "created_at", "group", "home_label", "home_score", "home_team_id", "kickoff_at", "slot", "stage", "status", "tournament_id", "updated_at") VALUES (NULL, NULL, 46, '2026-06-03 16:32:41.361692', 'L', NULL, NULL, 45, '2026-06-12 16:00:00', NULL, 'group', 'scheduled', 1, '2026-06-03 16:32:41.361692') RETURNING "id" /*application='Golbet'*/[0m
  ↳ app/services/fixture_importer.rb:44:in 'block in FixtureImporter#import_matches'
  [1m[36mTRANSACTION (0.0ms)[0m  [1m[35mCOMMIT TRANSACTION /*application='Golbet'*/[0m
  ↳ app/services/fixture_importer.rb:44:in 'block in FixtureImporter#import_matches'
  [1m[36mMatch Load (0.0ms)[0m  [1m[34mSELECT "matches".* FROM "matches" WHERE "matches"."tournament_id" = 1 AND "matches"."stage" = 'group' AND "matches"."home_team_id" = 47 AND "matches"."away_team_id" = 48 LIMIT 1 /*application='Golbet'*/[0m
  ↳ app/services/fixture_importer.rb:42:in 'block in FixtureImporter#import_matches'
  [1m[36mTRANSACTION (0.0ms)[0m  [1m[35mBEGIN immediate TRANSACTION /*application='Golbet'*/[0m
  ↳ app/services/fixture_importer.rb:44:in 'block in FixtureImporter#import_matches'
  [1m[36mMatch Create (0.2ms)[0m  [1m[32mINSERT INTO "matches" ("away_label", "away_score", "away_team_id", "created_at", "group", "home_label", "home_score", "home_team_id", "kickoff_at", "slot", "stage", "status", "tournament_id", "updated_at") VALUES (NULL, NULL, 48, '2026-06-03 16:32:41.362567', 'L', NULL, NULL, 47, '2026-06-12 16:00:00', NULL, 'group', 'scheduled', 1, '2026-06-03 16:32:41.362567') RETURNING "id" /*application='Golbet'*/[0m
  ↳ app/services/fixture_importer.rb:44:in 'block in FixtureImporter#import_matches'
  [1m[36mTRANSACTION (0.0ms)[0m  [1m[35mCOMMIT TRANSACTION /*application='Golbet'*/[0m
  ↳ app/services/fixture_importer.rb:44:in 'block in FixtureImporter#import_matches'
  [1m[36mMatch Load (0.0ms)[0m  [1m[34mSELECT "matches".* FROM "matches" WHERE "matches"."tournament_id" = 1 AND "matches"."stage" = 'group' AND "matches"."home_team_id" = 45 AND "matches"."away_team_id" = 47 LIMIT 1 /*application='Golbet'*/[0m
  ↳ app/services/fixture_importer.rb:42:in 'block in FixtureImporter#import_matches'
  [1m[36mTRANSACTION (0.0ms)[0m  [1m[35mBEGIN immediate TRANSACTION /*application='Golbet'*/[0m
  ↳ app/services/fixture_importer.rb:44:in 'block in FixtureImporter#import_matches'
  [1m[36mMatch Create (0.2ms)[0m  [1m[32mINSERT INTO "matches" ("away_label", "away_score", "away_team_id", "created_at", "group", "home_label", "home_score", "home_team_id", "kickoff_at", "slot", "stage", "status", "tournament_id", "updated_at") VALUES (NULL, NULL, 47, '2026-06-03 16:32:41.363441', 'L', NULL, NULL, 45, '2026-06-18 16:00:00', NULL, 'group', 'scheduled', 1, '2026-06-03 16:32:41.363441') RETURNING "id" /*application='Golbet'*/[0m
  ↳ app/services/fixture_importer.rb:44:in 'block in FixtureImporter#import_matches'
  [1m[36mTRANSACTION (0.0ms)[0m  [1m[35mCOMMIT TRANSACTION /*application='Golbet'*/[0m
  ↳ app/services/fixture_importer.rb:44:in 'block in FixtureImporter#import_matches'
  [1m[36mMatch Load (0.0ms)[0m  [1m[34mSELECT "matches".* FROM "matches" WHERE "matches"."tournament_id" = 1 AND "matches"."stage" = 'group' AND "matches"."home_team_id" = 46 AND "matches"."away_team_id" = 48 LIMIT 1 /*application='Golbet'*/[0m
  ↳ app/services/fixture_importer.rb:42:in 'block in FixtureImporter#import_matches'
  [1m[36mTRANSACTION (0.0ms)[0m  [1m[35mBEGIN immediate TRANSACTION /*application='Golbet'*/[0m
  ↳ app/services/fixture_importer.rb:44:in 'block in FixtureImporter#import_matches'
  [1m[36mMatch Create (0.2ms)[0m  [1m[32mINSERT INTO "matches" ("away_label", "away_score", "away_team_id", "created_at", "group", "home_label", "home_score", "home_team_id", "kickoff_at", "slot", "stage", "status", "tournament_id", "updated_at") VALUES (NULL, NULL, 48, '2026-06-03 16:32:41.364334', 'L', NULL, NULL, 46, '2026-06-18 16:00:00', NULL, 'group', 'scheduled', 1, '2026-06-03 16:32:41.364334') RETURNING "id" /*application='Golbet'*/[0m
  ↳ app/services/fixture_importer.rb:44:in 'block in FixtureImporter#import_matches'
  [1m[36mTRANSACTION (0.0ms)[0m  [1m[35mCOMMIT TRANSACTION /*application='Golbet'*/[0m
  ↳ app/services/fixture_importer.rb:44:in 'block in FixtureImporter#import_matches'
  [1m[36mMatch Load (0.0ms)[0m  [1m[34mSELECT "matches".* FROM "matches" WHERE "matches"."tournament_id" = 1 AND "matches"."stage" = 'group' AND "matches"."home_team_id" = 45 AND "matches"."away_team_id" = 48 LIMIT 1 /*application='Golbet'*/[0m
  ↳ app/services/fixture_importer.rb:42:in 'block in FixtureImporter#import_matches'
  [1m[36mTRANSACTION (0.0ms)[0m  [1m[35mBEGIN immediate TRANSACTION /*application='Golbet'*/[0m
  ↳ app/services/fixture_importer.rb:44:in 'block in FixtureImporter#import_matches'
  [1m[36mMatch Create (0.2ms)[0m  [1m[32mINSERT INTO "matches" ("away_label", "away_score", "away_team_id", "created_at", "group", "home_label", "home_score", "home_team_id", "kickoff_at", "slot", "stage", "status", "tournament_id", "updated_at") VALUES (NULL, NULL, 48, '2026-06-03 16:32:41.365207', 'L', NULL, NULL, 45, '2026-06-24 16:00:00', NULL, 'group', 'scheduled', 1, '2026-06-03 16:32:41.365207') RETURNING "id" /*application='Golbet'*/[0m
  ↳ app/services/fixture_importer.rb:44:in 'block in FixtureImporter#import_matches'
  [1m[36mTRANSACTION (0.0ms)[0m  [1m[35mCOMMIT TRANSACTION /*application='Golbet'*/[0m
  ↳ app/services/fixture_importer.rb:44:in 'block in FixtureImporter#import_matches'
  [1m[36mMatch Load (0.0ms)[0m  [1m[34mSELECT "matches".* FROM "matches" WHERE "matches"."tournament_id" = 1 AND "matches"."stage" = 'group' AND "matches"."home_team_id" = 46 AND "matches"."away_team_id" = 47 LIMIT 1 /*application='Golbet'*/[0m
  ↳ app/services/fixture_importer.rb:42:in 'block in FixtureImporter#import_matches'
  [1m[36mTRANSACTION (0.0ms)[0m  [1m[35mBEGIN immediate TRANSACTION /*application='Golbet'*/[0m
  ↳ app/services/fixture_importer.rb:44:in 'block in FixtureImporter#import_matches'
  [1m[36mMatch Create (0.2ms)[0m  [1m[32mINSERT INTO "matches" ("away_label", "away_score", "away_team_id", "created_at", "group", "home_label", "home_score", "home_team_id", "kickoff_at", "slot", "stage", "status", "tournament_id", "updated_at") VALUES (NULL, NULL, 47, '2026-06-03 16:32:41.366080', 'L', NULL, NULL, 46, '2026-06-24 16:00:00', NULL, 'group', 'scheduled', 1, '2026-06-03 16:32:41.366080') RETURNING "id" /*application='Golbet'*/[0m
  ↳ app/services/fixture_importer.rb:44:in 'block in FixtureImporter#import_matches'
  [1m[36mTRANSACTION (0.0ms)[0m  [1m[35mCOMMIT TRANSACTION /*application='Golbet'*/[0m
  ↳ app/services/fixture_importer.rb:44:in 'block in FixtureImporter#import_matches'
  [1m[36mMatch Load (0.0ms)[0m  [1m[34mSELECT "matches".* FROM "matches" WHERE "matches"."tournament_id" = 1 AND "matches"."stage" = 'round_of_32' AND "matches"."slot" = 1 LIMIT 1 /*application='Golbet'*/[0m
  ↳ app/services/knockout_bracket_builder.rb:17:in 'block (2 levels) in KnockoutBracketBuilder#build'
  [1m[36mTRANSACTION (0.0ms)[0m  [1m[35mBEGIN immediate TRANSACTION /*application='Golbet'*/[0m
  ↳ app/services/knockout_bracket_builder.rb:24:in 'block (2 levels) in KnockoutBracketBuilder#build'
  [1m[36mMatch Create (0.2ms)[0m  [1m[32mINSERT INTO "matches" ("away_label", "away_score", "away_team_id", "created_at", "group", "home_label", "home_score", "home_team_id", "kickoff_at", "slot", "stage", "status", "tournament_id", "updated_at") VALUES ('R32 #1 — Visitante', NULL, NULL, '2026-06-03 16:32:41.367230', NULL, 'R32 #1 — Local', NULL, NULL, '2026-06-28 16:00:00', 1, 'round_of_32', 'scheduled', 1, '2026-06-03 16:32:41.367230') RETURNING "id" /*application='Golbet'*/[0m
  ↳ app/services/knockout_bracket_builder.rb:24:in 'block (2 levels) in KnockoutBracketBuilder#build'
  [1m[36mTRANSACTION (0.0ms)[0m  [1m[35mCOMMIT TRANSACTION /*application='Golbet'*/[0m
  ↳ app/services/knockout_bracket_builder.rb:24:in 'block (2 levels) in KnockoutBracketBuilder#build'
  [1m[36mMatch Load (0.0ms)[0m  [1m[34mSELECT "matches".* FROM "matches" WHERE "matches"."tournament_id" = 1 AND "matches"."stage" = 'round_of_32' AND "matches"."slot" = 2 LIMIT 1 /*application='Golbet'*/[0m
  ↳ app/services/knockout_bracket_builder.rb:17:in 'block (2 levels) in KnockoutBracketBuilder#build'
  [1m[36mTRANSACTION (0.0ms)[0m  [1m[35mBEGIN immediate TRANSACTION /*application='Golbet'*/[0m
  ↳ app/services/knockout_bracket_builder.rb:24:in 'block (2 levels) in KnockoutBracketBuilder#build'
  [1m[36mMatch Create (0.2ms)[0m  [1m[32mINSERT INTO "matches" ("away_label", "away_score", "away_team_id", "created_at", "group", "home_label", "home_score", "home_team_id", "kickoff_at", "slot", "stage", "status", "tournament_id", "updated_at") VALUES ('R32 #2 — Visitante', NULL, NULL, '2026-06-03 16:32:41.368257', NULL, 'R32 #2 — Local', NULL, NULL, '2026-06-28 16:00:00', 2, 'round_of_32', 'scheduled', 1, '2026-06-03 16:32:41.368257') RETURNING "id" /*application='Golbet'*/[0m
  ↳ app/services/knockout_bracket_builder.rb:24:in 'block (2 levels) in KnockoutBracketBuilder#build'
  [1m[36mTRANSACTION (0.0ms)[0m  [1m[35mCOMMIT TRANSACTION /*application='Golbet'*/[0m
  ↳ app/services/knockout_bracket_builder.rb:24:in 'block (2 levels) in KnockoutBracketBuilder#build'
  [1m[36mMatch Load (0.0ms)[0m  [1m[34mSELECT "matches".* FROM "matches" WHERE "matches"."tournament_id" = 1 AND "matches"."stage" = 'round_of_32' AND "matches"."slot" = 3 LIMIT 1 /*application='Golbet'*/[0m
  ↳ app/services/knockout_bracket_builder.rb:17:in 'block (2 levels) in KnockoutBracketBuilder#build'
  [1m[36mTRANSACTION (0.0ms)[0m  [1m[35mBEGIN immediate TRANSACTION /*application='Golbet'*/[0m
  ↳ app/services/knockout_bracket_builder.rb:24:in 'block (2 levels) in KnockoutBracketBuilder#build'
  [1m[36mMatch Create (0.2ms)[0m  [1m[32mINSERT INTO "matches" ("away_label", "away_score", "away_team_id", "created_at", "group", "home_label", "home_score", "home_team_id", "kickoff_at", "slot", "stage", "status", "tournament_id", "updated_at") VALUES ('R32 #3 — Visitante', NULL, NULL, '2026-06-03 16:32:41.369164', NULL, 'R32 #3 — Local', NULL, NULL, '2026-06-28 16:00:00', 3, 'round_of_32', 'scheduled', 1, '2026-06-03 16:32:41.369164') RETURNING "id" /*application='Golbet'*/[0m
  ↳ app/services/knockout_bracket_builder.rb:24:in 'block (2 levels) in KnockoutBracketBuilder#build'
  [1m[36mTRANSACTION (0.0ms)[0m  [1m[35mCOMMIT TRANSACTION /*application='Golbet'*/[0m
  ↳ app/services/knockout_bracket_builder.rb:24:in 'block (2 levels) in KnockoutBracketBuilder#build'
  [1m[36mMatch Load (0.0ms)[0m  [1m[34mSELECT "matches".* FROM "matches" WHERE "matches"."tournament_id" = 1 AND "matches"."stage" = 'round_of_32' AND "matches"."slot" = 4 LIMIT 1 /*application='Golbet'*/[0m
  ↳ app/services/knockout_bracket_builder.rb:17:in 'block (2 levels) in KnockoutBracketBuilder#build'
  [1m[36mTRANSACTION (0.0ms)[0m  [1m[35mBEGIN immediate TRANSACTION /*application='Golbet'*/[0m
  ↳ app/services/knockout_bracket_builder.rb:24:in 'block (2 levels) in KnockoutBracketBuilder#build'
  [1m[36mMatch Create (0.2ms)[0m  [1m[32mINSERT INTO "matches" ("away_label", "away_score", "away_team_id", "created_at", "group", "home_label", "home_score", "home_team_id", "kickoff_at", "slot", "stage", "status", "tournament_id", "updated_at") VALUES ('R32 #4 — Visitante', NULL, NULL, '2026-06-03 16:32:41.370034', NULL, 'R32 #4 — Local', NULL, NULL, '2026-06-28 16:00:00', 4, 'round_of_32', 'scheduled', 1, '2026-06-03 16:32:41.370034') RETURNING "id" /*application='Golbet'*/[0m
  ↳ app/services/knockout_bracket_builder.rb:24:in 'block (2 levels) in KnockoutBracketBuilder#build'
  [1m[36mTRANSACTION (0.0ms)[0m  [1m[35mCOMMIT TRANSACTION /*application='Golbet'*/[0m
  ↳ app/services/knockout_bracket_builder.rb:24:in 'block (2 levels) in KnockoutBracketBuilder#build'
  [1m[36mMatch Load (0.0ms)[0m  [1m[34mSELECT "matches".* FROM "matches" WHERE "matches"."tournament_id" = 1 AND "matches"."stage" = 'round_of_32' AND "matches"."slot" = 5 LIMIT 1 /*application='Golbet'*/[0m
  ↳ app/services/knockout_bracket_builder.rb:17:in 'block (2 levels) in KnockoutBracketBuilder#build'
  [1m[36mTRANSACTION (0.0ms)[0m  [1m[35mBEGIN immediate TRANSACTION /*application='Golbet'*/[0m
  ↳ app/services/knockout_bracket_builder.rb:24:in 'block (2 levels) in KnockoutBracketBuilder#build'
  [1m[36mMatch Create (0.2ms)[0m  [1m[32mINSERT INTO "matches" ("away_label", "away_score", "away_team_id", "created_at", "group", "home_label", "home_score", "home_team_id", "kickoff_at", "slot", "stage", "status", "tournament_id", "updated_at") VALUES ('R32 #5 — Visitante', NULL, NULL, '2026-06-03 16:32:41.370893', NULL, 'R32 #5 — Local', NULL, NULL, '2026-06-28 16:00:00', 5, 'round_of_32', 'scheduled', 1, '2026-06-03 16:32:41.370893') RETURNING "id" /*application='Golbet'*/[0m
  ↳ app/services/knockout_bracket_builder.rb:24:in 'block (2 levels) in KnockoutBracketBuilder#build'
  [1m[36mTRANSACTION (0.0ms)[0m  [1m[35mCOMMIT TRANSACTION /*application='Golbet'*/[0m
  ↳ app/services/knockout_bracket_builder.rb:24:in 'block (2 levels) in KnockoutBracketBuilder#build'
  [1m[36mMatch Load (0.0ms)[0m  [1m[34mSELECT "matches".* FROM "matches" WHERE "matches"."tournament_id" = 1 AND "matches"."stage" = 'round_of_32' AND "matches"."slot" = 6 LIMIT 1 /*application='Golbet'*/[0m
  ↳ app/services/knockout_bracket_builder.rb:17:in 'block (2 levels) in KnockoutBracketBuilder#build'
  [1m[36mTRANSACTION (0.0ms)[0m  [1m[35mBEGIN immediate TRANSACTION /*application='Golbet'*/[0m
  ↳ app/services/knockout_bracket_builder.rb:24:in 'block (2 levels) in KnockoutBracketBuilder#build'
  [1m[36mMatch Create (0.2ms)[0m  [1m[32mINSERT INTO "matches" ("away_label", "away_score", "away_team_id", "created_at", "group", "home_label", "home_score", "home_team_id", "kickoff_at", "slot", "stage", "status", "tournament_id", "updated_at") VALUES ('R32 #6 — Visitante', NULL, NULL, '2026-06-03 16:32:41.371783', NULL, 'R32 #6 — Local', NULL, NULL, '2026-06-28 16:00:00', 6, 'round_of_32', 'scheduled', 1, '2026-06-03 16:32:41.371783') RETURNING "id" /*application='Golbet'*/[0m
  ↳ app/services/knockout_bracket_builder.rb:24:in 'block (2 levels) in KnockoutBracketBuilder#build'
  [1m[36mTRANSACTION (0.0ms)[0m  [1m[35mCOMMIT TRANSACTION /*application='Golbet'*/[0m
  ↳ app/services/knockout_bracket_builder.rb:24:in 'block (2 levels) in KnockoutBracketBuilder#build'
  [1m[36mMatch Load (0.0ms)[0m  [1m[34mSELECT "matches".* FROM "matches" WHERE "matches"."tournament_id" = 1 AND "matches"."stage" = 'round_of_32' AND "matches"."slot" = 7 LIMIT 1 /*application='Golbet'*/[0m
  ↳ app/services/knockout_bracket_builder.rb:17:in 'block (2 levels) in KnockoutBracketBuilder#build'
  [1m[36mTRANSACTION (0.0ms)[0m  [1m[35mBEGIN immediate TRANSACTION /*application='Golbet'*/[0m
  ↳ app/services/knockout_bracket_builder.rb:24:in 'block (2 levels) in KnockoutBracketBuilder#build'
  [1m[36mMatch Create (0.2ms)[0m  [1m[32mINSERT INTO "matches" ("away_label", "away_score", "away_team_id", "created_at", "group", "home_label", "home_score", "home_team_id", "kickoff_at", "slot", "stage", "status", "tournament_id", "updated_at") VALUES ('R32 #7 — Visitante', NULL, NULL, '2026-06-03 16:32:41.372646', NULL, 'R32 #7 — Local', NULL, NULL, '2026-06-28 16:00:00', 7, 'round_of_32', 'scheduled', 1, '2026-06-03 16:32:41.372646') RETURNING "id" /*application='Golbet'*/[0m
  ↳ app/services/knockout_bracket_builder.rb:24:in 'block (2 levels) in KnockoutBracketBuilder#build'
  [1m[36mTRANSACTION (0.0ms)[0m  [1m[35mCOMMIT TRANSACTION /*application='Golbet'*/[0m
  ↳ app/services/knockout_bracket_builder.rb:24:in 'block (2 levels) in KnockoutBracketBuilder#build'
  [1m[36mMatch Load (0.0ms)[0m  [1m[34mSELECT "matches".* FROM "matches" WHERE "matches"."tournament_id" = 1 AND "matches"."stage" = 'round_of_32' AND "matches"."slot" = 8 LIMIT 1 /*application='Golbet'*/[0m
  ↳ app/services/knockout_bracket_builder.rb:17:in 'block (2 levels) in KnockoutBracketBuilder#build'
  [1m[36mTRANSACTION (0.0ms)[0m  [1m[35mBEGIN immediate TRANSACTION /*application='Golbet'*/[0m
  ↳ app/services/knockout_bracket_builder.rb:24:in 'block (2 levels) in KnockoutBracketBuilder#build'
  [1m[36mMatch Create (0.2ms)[0m  [1m[32mINSERT INTO "matches" ("away_label", "away_score", "away_team_id", "created_at", "group", "home_label", "home_score", "home_team_id", "kickoff_at", "slot", "stage", "status", "tournament_id", "updated_at") VALUES ('R32 #8 — Visitante', NULL, NULL, '2026-06-03 16:32:41.373522', NULL, 'R32 #8 — Local', NULL, NULL, '2026-06-28 16:00:00', 8, 'round_of_32', 'scheduled', 1, '2026-06-03 16:32:41.373522') RETURNING "id" /*application='Golbet'*/[0m
  ↳ app/services/knockout_bracket_builder.rb:24:in 'block (2 levels) in KnockoutBracketBuilder#build'
  [1m[36mTRANSACTION (0.0ms)[0m  [1m[35mCOMMIT TRANSACTION /*application='Golbet'*/[0m
  ↳ app/services/knockout_bracket_builder.rb:24:in 'block (2 levels) in KnockoutBracketBuilder#build'
  [1m[36mMatch Load (0.0ms)[0m  [1m[34mSELECT "matches".* FROM "matches" WHERE "matches"."tournament_id" = 1 AND "matches"."stage" = 'round_of_32' AND "matches"."slot" = 9 LIMIT 1 /*application='Golbet'*/[0m
  ↳ app/services/knockout_bracket_builder.rb:17:in 'block (2 levels) in KnockoutBracketBuilder#build'
  [1m[36mTRANSACTION (0.0ms)[0m  [1m[35mBEGIN immediate TRANSACTION /*application='Golbet'*/[0m
  ↳ app/services/knockout_bracket_builder.rb:24:in 'block (2 levels) in KnockoutBracketBuilder#build'
  [1m[36mMatch Create (0.2ms)[0m  [1m[32mINSERT INTO "matches" ("away_label", "away_score", "away_team_id", "created_at", "group", "home_label", "home_score", "home_team_id", "kickoff_at", "slot", "stage", "status", "tournament_id", "updated_at") VALUES ('R32 #9 — Visitante', NULL, NULL, '2026-06-03 16:32:41.374388', NULL, 'R32 #9 — Local', NULL, NULL, '2026-06-28 16:00:00', 9, 'round_of_32', 'scheduled', 1, '2026-06-03 16:32:41.374388') RETURNING "id" /*application='Golbet'*/[0m
  ↳ app/services/knockout_bracket_builder.rb:24:in 'block (2 levels) in KnockoutBracketBuilder#build'
  [1m[36mTRANSACTION (0.0ms)[0m  [1m[35mCOMMIT TRANSACTION /*application='Golbet'*/[0m
  ↳ app/services/knockout_bracket_builder.rb:24:in 'block (2 levels) in KnockoutBracketBuilder#build'
  [1m[36mMatch Load (0.0ms)[0m  [1m[34mSELECT "matches".* FROM "matches" WHERE "matches"."tournament_id" = 1 AND "matches"."stage" = 'round_of_32' AND "matches"."slot" = 10 LIMIT 1 /*application='Golbet'*/[0m
  ↳ app/services/knockout_bracket_builder.rb:17:in 'block (2 levels) in KnockoutBracketBuilder#build'
  [1m[36mTRANSACTION (0.0ms)[0m  [1m[35mBEGIN immediate TRANSACTION /*application='Golbet'*/[0m
  ↳ app/services/knockout_bracket_builder.rb:24:in 'block (2 levels) in KnockoutBracketBuilder#build'
  [1m[36mMatch Create (1.4ms)[0m  [1m[32mINSERT INTO "matches" ("away_label", "away_score", "away_team_id", "created_at", "group", "home_label", "home_score", "home_team_id", "kickoff_at", "slot", "stage", "status", "tournament_id", "updated_at") VALUES ('R32 #10 — Visitante', NULL, NULL, '2026-06-03 16:32:41.375257', NULL, 'R32 #10 — Local', NULL, NULL, '2026-06-28 16:00:00', 10, 'round_of_32', 'scheduled', 1, '2026-06-03 16:32:41.375257') RETURNING "id" /*application='Golbet'*/[0m
  ↳ app/services/knockout_bracket_builder.rb:24:in 'block (2 levels) in KnockoutBracketBuilder#build'
  [1m[36mTRANSACTION (0.0ms)[0m  [1m[35mCOMMIT TRANSACTION /*application='Golbet'*/[0m
  ↳ app/services/knockout_bracket_builder.rb:24:in 'block (2 levels) in KnockoutBracketBuilder#build'
  [1m[36mMatch Load (0.0ms)[0m  [1m[34mSELECT "matches".* FROM "matches" WHERE "matches"."tournament_id" = 1 AND "matches"."stage" = 'round_of_32' AND "matches"."slot" = 11 LIMIT 1 /*application='Golbet'*/[0m
  ↳ app/services/knockout_bracket_builder.rb:17:in 'block (2 levels) in KnockoutBracketBuilder#build'
  [1m[36mTRANSACTION (0.0ms)[0m  [1m[35mBEGIN immediate TRANSACTION /*application='Golbet'*/[0m
  ↳ app/services/knockout_bracket_builder.rb:24:in 'block (2 levels) in KnockoutBracketBuilder#build'
  [1m[36mMatch Create (0.2ms)[0m  [1m[32mINSERT INTO "matches" ("away_label", "away_score", "away_team_id", "created_at", "group", "home_label", "home_score", "home_team_id", "kickoff_at", "slot", "stage", "status", "tournament_id", "updated_at") VALUES ('R32 #11 — Visitante', NULL, NULL, '2026-06-03 16:32:41.377407', NULL, 'R32 #11 — Local', NULL, NULL, '2026-06-28 16:00:00', 11, 'round_of_32', 'scheduled', 1, '2026-06-03 16:32:41.377407') RETURNING "id" /*application='Golbet'*/[0m
  ↳ app/services/knockout_bracket_builder.rb:24:in 'block (2 levels) in KnockoutBracketBuilder#build'
  [1m[36mTRANSACTION (0.0ms)[0m  [1m[35mCOMMIT TRANSACTION /*application='Golbet'*/[0m
  ↳ app/services/knockout_bracket_builder.rb:24:in 'block (2 levels) in KnockoutBracketBuilder#build'
  [1m[36mMatch Load (0.0ms)[0m  [1m[34mSELECT "matches".* FROM "matches" WHERE "matches"."tournament_id" = 1 AND "matches"."stage" = 'round_of_32' AND "matches"."slot" = 12 LIMIT 1 /*application='Golbet'*/[0m
  ↳ app/services/knockout_bracket_builder.rb:17:in 'block (2 levels) in KnockoutBracketBuilder#build'
  [1m[36mTRANSACTION (0.0ms)[0m  [1m[35mBEGIN immediate TRANSACTION /*application='Golbet'*/[0m
  ↳ app/services/knockout_bracket_builder.rb:24:in 'block (2 levels) in KnockoutBracketBuilder#build'
  [1m[36mMatch Create (0.2ms)[0m  [1m[32mINSERT INTO "matches" ("away_label", "away_score", "away_team_id", "created_at", "group", "home_label", "home_score", "home_team_id", "kickoff_at", "slot", "stage", "status", "tournament_id", "updated_at") VALUES ('R32 #12 — Visitante', NULL, NULL, '2026-06-03 16:32:41.378267', NULL, 'R32 #12 — Local', NULL, NULL, '2026-06-28 16:00:00', 12, 'round_of_32', 'scheduled', 1, '2026-06-03 16:32:41.378267') RETURNING "id" /*application='Golbet'*/[0m
  ↳ app/services/knockout_bracket_builder.rb:24:in 'block (2 levels) in KnockoutBracketBuilder#build'
  [1m[36mTRANSACTION (0.0ms)[0m  [1m[35mCOMMIT TRANSACTION /*application='Golbet'*/[0m
  ↳ app/services/knockout_bracket_builder.rb:24:in 'block (2 levels) in KnockoutBracketBuilder#build'
  [1m[36mMatch Load (0.0ms)[0m  [1m[34mSELECT "matches".* FROM "matches" WHERE "matches"."tournament_id" = 1 AND "matches"."stage" = 'round_of_32' AND "matches"."slot" = 13 LIMIT 1 /*application='Golbet'*/[0m
  ↳ app/services/knockout_bracket_builder.rb:17:in 'block (2 levels) in KnockoutBracketBuilder#build'
  [1m[36mTRANSACTION (0.0ms)[0m  [1m[35mBEGIN immediate TRANSACTION /*application='Golbet'*/[0m
  ↳ app/services/knockout_bracket_builder.rb:24:in 'block (2 levels) in KnockoutBracketBuilder#build'
  [1m[36mMatch Create (0.2ms)[0m  [1m[32mINSERT INTO "matches" ("away_label", "away_score", "away_team_id", "created_at", "group", "home_label", "home_score", "home_team_id", "kickoff_at", "slot", "stage", "status", "tournament_id", "updated_at") VALUES ('R32 #13 — Visitante', NULL, NULL, '2026-06-03 16:32:41.379370', NULL, 'R32 #13 — Local', NULL, NULL, '2026-06-28 16:00:00', 13, 'round_of_32', 'scheduled', 1, '2026-06-03 16:32:41.379370') RETURNING "id" /*application='Golbet'*/[0m
  ↳ app/services/knockout_bracket_builder.rb:24:in 'block (2 levels) in KnockoutBracketBuilder#build'
  [1m[36mTRANSACTION (0.0ms)[0m  [1m[35mCOMMIT TRANSACTION /*application='Golbet'*/[0m
  ↳ app/services/knockout_bracket_builder.rb:24:in 'block (2 levels) in KnockoutBracketBuilder#build'
  [1m[36mMatch Load (0.0ms)[0m  [1m[34mSELECT "matches".* FROM "matches" WHERE "matches"."tournament_id" = 1 AND "matches"."stage" = 'round_of_32' AND "matches"."slot" = 14 LIMIT 1 /*application='Golbet'*/[0m
  ↳ app/services/knockout_bracket_builder.rb:17:in 'block (2 levels) in KnockoutBracketBuilder#build'
  [1m[36mTRANSACTION (0.0ms)[0m  [1m[35mBEGIN immediate TRANSACTION /*application='Golbet'*/[0m
  ↳ app/services/knockout_bracket_builder.rb:24:in 'block (2 levels) in KnockoutBracketBuilder#build'
  [1m[36mMatch Create (0.2ms)[0m  [1m[32mINSERT INTO "matches" ("away_label", "away_score", "away_team_id", "created_at", "group", "home_label", "home_score", "home_team_id", "kickoff_at", "slot", "stage", "status", "tournament_id", "updated_at") VALUES ('R32 #14 — Visitante', NULL, NULL, '2026-06-03 16:32:41.380228', NULL, 'R32 #14 — Local', NULL, NULL, '2026-06-28 16:00:00', 14, 'round_of_32', 'scheduled', 1, '2026-06-03 16:32:41.380228') RETURNING "id" /*application='Golbet'*/[0m
  ↳ app/services/knockout_bracket_builder.rb:24:in 'block (2 levels) in KnockoutBracketBuilder#build'
  [1m[36mTRANSACTION (0.0ms)[0m  [1m[35mCOMMIT TRANSACTION /*application='Golbet'*/[0m
  ↳ app/services/knockout_bracket_builder.rb:24:in 'block (2 levels) in KnockoutBracketBuilder#build'
  [1m[36mMatch Load (0.0ms)[0m  [1m[34mSELECT "matches".* FROM "matches" WHERE "matches"."tournament_id" = 1 AND "matches"."stage" = 'round_of_32' AND "matches"."slot" = 15 LIMIT 1 /*application='Golbet'*/[0m
  ↳ app/services/knockout_bracket_builder.rb:17:in 'block (2 levels) in KnockoutBracketBuilder#build'
  [1m[36mTRANSACTION (0.0ms)[0m  [1m[35mBEGIN immediate TRANSACTION /*application='Golbet'*/[0m
  ↳ app/services/knockout_bracket_builder.rb:24:in 'block (2 levels) in KnockoutBracketBuilder#build'
  [1m[36mMatch Create (0.2ms)[0m  [1m[32mINSERT INTO "matches" ("away_label", "away_score", "away_team_id", "created_at", "group", "home_label", "home_score", "home_team_id", "kickoff_at", "slot", "stage", "status", "tournament_id", "updated_at") VALUES ('R32 #15 — Visitante', NULL, NULL, '2026-06-03 16:32:41.381308', NULL, 'R32 #15 — Local', NULL, NULL, '2026-06-28 16:00:00', 15, 'round_of_32', 'scheduled', 1, '2026-06-03 16:32:41.381308') RETURNING "id" /*application='Golbet'*/[0m
  ↳ app/services/knockout_bracket_builder.rb:24:in 'block (2 levels) in KnockoutBracketBuilder#build'
  [1m[36mTRANSACTION (0.0ms)[0m  [1m[35mCOMMIT TRANSACTION /*application='Golbet'*/[0m
  ↳ app/services/knockout_bracket_builder.rb:24:in 'block (2 levels) in KnockoutBracketBuilder#build'
  [1m[36mMatch Load (0.0ms)[0m  [1m[34mSELECT "matches".* FROM "matches" WHERE "matches"."tournament_id" = 1 AND "matches"."stage" = 'round_of_32' AND "matches"."slot" = 16 LIMIT 1 /*application='Golbet'*/[0m
  ↳ app/services/knockout_bracket_builder.rb:17:in 'block (2 levels) in KnockoutBracketBuilder#build'
  [1m[36mTRANSACTION (0.0ms)[0m  [1m[35mBEGIN immediate TRANSACTION /*application='Golbet'*/[0m
  ↳ app/services/knockout_bracket_builder.rb:24:in 'block (2 levels) in KnockoutBracketBuilder#build'
  [1m[36mMatch Create (0.2ms)[0m  [1m[32mINSERT INTO "matches" ("away_label", "away_score", "away_team_id", "created_at", "group", "home_label", "home_score", "home_team_id", "kickoff_at", "slot", "stage", "status", "tournament_id", "updated_at") VALUES ('R32 #16 — Visitante', NULL, NULL, '2026-06-03 16:32:41.382161', NULL, 'R32 #16 — Local', NULL, NULL, '2026-06-28 16:00:00', 16, 'round_of_32', 'scheduled', 1, '2026-06-03 16:32:41.382161') RETURNING "id" /*application='Golbet'*/[0m
  ↳ app/services/knockout_bracket_builder.rb:24:in 'block (2 levels) in KnockoutBracketBuilder#build'
  [1m[36mTRANSACTION (0.0ms)[0m  [1m[35mCOMMIT TRANSACTION /*application='Golbet'*/[0m
  ↳ app/services/knockout_bracket_builder.rb:24:in 'block (2 levels) in KnockoutBracketBuilder#build'
  [1m[36mMatch Load (0.0ms)[0m  [1m[34mSELECT "matches".* FROM "matches" WHERE "matches"."tournament_id" = 1 AND "matches"."stage" = 'round_of_16' AND "matches"."slot" = 1 LIMIT 1 /*application='Golbet'*/[0m
  ↳ app/services/knockout_bracket_builder.rb:17:in 'block (2 levels) in KnockoutBracketBuilder#build'
  [1m[36mTRANSACTION (0.0ms)[0m  [1m[35mBEGIN immediate TRANSACTION /*application='Golbet'*/[0m
  ↳ app/services/knockout_bracket_builder.rb:24:in 'block (2 levels) in KnockoutBracketBuilder#build'
  [1m[36mMatch Create (0.2ms)[0m  [1m[32mINSERT INTO "matches" ("away_label", "away_score", "away_team_id", "created_at", "group", "home_label", "home_score", "home_team_id", "kickoff_at", "slot", "stage", "status", "tournament_id", "updated_at") VALUES ('Octavos #1 — Visitante', NULL, NULL, '2026-06-03 16:32:41.383216', NULL, 'Octavos #1 — Local', NULL, NULL, '2026-07-03 16:00:00', 1, 'round_of_16', 'scheduled', 1, '2026-06-03 16:32:41.383216') RETURNING "id" /*application='Golbet'*/[0m
  ↳ app/services/knockout_bracket_builder.rb:24:in 'block (2 levels) in KnockoutBracketBuilder#build'
  [1m[36mTRANSACTION (0.0ms)[0m  [1m[35mCOMMIT TRANSACTION /*application='Golbet'*/[0m
  ↳ app/services/knockout_bracket_builder.rb:24:in 'block (2 levels) in KnockoutBracketBuilder#build'
  [1m[36mMatch Load (0.0ms)[0m  [1m[34mSELECT "matches".* FROM "matches" WHERE "matches"."tournament_id" = 1 AND "matches"."stage" = 'round_of_16' AND "matches"."slot" = 2 LIMIT 1 /*application='Golbet'*/[0m
  ↳ app/services/knockout_bracket_builder.rb:17:in 'block (2 levels) in KnockoutBracketBuilder#build'
  [1m[36mTRANSACTION (0.0ms)[0m  [1m[35mBEGIN immediate TRANSACTION /*application='Golbet'*/[0m
  ↳ app/services/knockout_bracket_builder.rb:24:in 'block (2 levels) in KnockoutBracketBuilder#build'
  [1m[36mMatch Create (0.2ms)[0m  [1m[32mINSERT INTO "matches" ("away_label", "away_score", "away_team_id", "created_at", "group", "home_label", "home_score", "home_team_id", "kickoff_at", "slot", "stage", "status", "tournament_id", "updated_at") VALUES ('Octavos #2 — Visitante', NULL, NULL, '2026-06-03 16:32:41.384067', NULL, 'Octavos #2 — Local', NULL, NULL, '2026-07-03 16:00:00', 2, 'round_of_16', 'scheduled', 1, '2026-06-03 16:32:41.384067') RETURNING "id" /*application='Golbet'*/[0m
  ↳ app/services/knockout_bracket_builder.rb:24:in 'block (2 levels) in KnockoutBracketBuilder#build'
  [1m[36mTRANSACTION (0.0ms)[0m  [1m[35mCOMMIT TRANSACTION /*application='Golbet'*/[0m
  ↳ app/services/knockout_bracket_builder.rb:24:in 'block (2 levels) in KnockoutBracketBuilder#build'
  [1m[36mMatch Load (0.0ms)[0m  [1m[34mSELECT "matches".* FROM "matches" WHERE "matches"."tournament_id" = 1 AND "matches"."stage" = 'round_of_16' AND "matches"."slot" = 3 LIMIT 1 /*application='Golbet'*/[0m
  ↳ app/services/knockout_bracket_builder.rb:17:in 'block (2 levels) in KnockoutBracketBuilder#build'
  [1m[36mTRANSACTION (0.0ms)[0m  [1m[35mBEGIN immediate TRANSACTION /*application='Golbet'*/[0m
  ↳ app/services/knockout_bracket_builder.rb:24:in 'block (2 levels) in KnockoutBracketBuilder#build'
  [1m[36mMatch Create (0.2ms)[0m  [1m[32mINSERT INTO "matches" ("away_label", "away_score", "away_team_id", "created_at", "group", "home_label", "home_score", "home_team_id", "kickoff_at", "slot", "stage", "status", "tournament_id", "updated_at") VALUES ('Octavos #3 — Visitante', NULL, NULL, '2026-06-03 16:32:41.384965', NULL, 'Octavos #3 — Local', NULL, NULL, '2026-07-03 16:00:00', 3, 'round_of_16', 'scheduled', 1, '2026-06-03 16:32:41.384965') RETURNING "id" /*application='Golbet'*/[0m
  ↳ app/services/knockout_bracket_builder.rb:24:in 'block (2 levels) in KnockoutBracketBuilder#build'
  [1m[36mTRANSACTION (0.0ms)[0m  [1m[35mCOMMIT TRANSACTION /*application='Golbet'*/[0m
  ↳ app/services/knockout_bracket_builder.rb:24:in 'block (2 levels) in KnockoutBracketBuilder#build'
  [1m[36mMatch Load (0.0ms)[0m  [1m[34mSELECT "matches".* FROM "matches" WHERE "matches"."tournament_id" = 1 AND "matches"."stage" = 'round_of_16' AND "matches"."slot" = 4 LIMIT 1 /*application='Golbet'*/[0m
  ↳ app/services/knockout_bracket_builder.rb:17:in 'block (2 levels) in KnockoutBracketBuilder#build'
  [1m[36mTRANSACTION (0.0ms)[0m  [1m[35mBEGIN immediate TRANSACTION /*application='Golbet'*/[0m
  ↳ app/services/knockout_bracket_builder.rb:24:in 'block (2 levels) in KnockoutBracketBuilder#build'
  [1m[36mMatch Create (0.2ms)[0m  [1m[32mINSERT INTO "matches" ("away_label", "away_score", "away_team_id", "created_at", "group", "home_label", "home_score", "home_team_id", "kickoff_at", "slot", "stage", "status", "tournament_id", "updated_at") VALUES ('Octavos #4 — Visitante', NULL, NULL, '2026-06-03 16:32:41.386158', NULL, 'Octavos #4 — Local', NULL, NULL, '2026-07-03 16:00:00', 4, 'round_of_16', 'scheduled', 1, '2026-06-03 16:32:41.386158') RETURNING "id" /*application='Golbet'*/[0m
  ↳ app/services/knockout_bracket_builder.rb:24:in 'block (2 levels) in KnockoutBracketBuilder#build'
  [1m[36mTRANSACTION (0.0ms)[0m  [1m[35mCOMMIT TRANSACTION /*application='Golbet'*/[0m
  ↳ app/services/knockout_bracket_builder.rb:24:in 'block (2 levels) in KnockoutBracketBuilder#build'
  [1m[36mMatch Load (0.0ms)[0m  [1m[34mSELECT "matches".* FROM "matches" WHERE "matches"."tournament_id" = 1 AND "matches"."stage" = 'round_of_16' AND "matches"."slot" = 5 LIMIT 1 /*application='Golbet'*/[0m
  ↳ app/services/knockout_bracket_builder.rb:17:in 'block (2 levels) in KnockoutBracketBuilder#build'
  [1m[36mTRANSACTION (0.0ms)[0m  [1m[35mBEGIN immediate TRANSACTION /*application='Golbet'*/[0m
  ↳ app/services/knockout_bracket_builder.rb:24:in 'block (2 levels) in KnockoutBracketBuilder#build'
  [1m[36mMatch Create (0.2ms)[0m  [1m[32mINSERT INTO "matches" ("away_label", "away_score", "away_team_id", "created_at", "group", "home_label", "home_score", "home_team_id", "kickoff_at", "slot", "stage", "status", "tournament_id", "updated_at") VALUES ('Octavos #5 — Visitante', NULL, NULL, '2026-06-03 16:32:41.387072', NULL, 'Octavos #5 — Local', NULL, NULL, '2026-07-03 16:00:00', 5, 'round_of_16', 'scheduled', 1, '2026-06-03 16:32:41.387072') RETURNING "id" /*application='Golbet'*/[0m
  ↳ app/services/knockout_bracket_builder.rb:24:in 'block (2 levels) in KnockoutBracketBuilder#build'
  [1m[36mTRANSACTION (0.0ms)[0m  [1m[35mCOMMIT TRANSACTION /*application='Golbet'*/[0m
  ↳ app/services/knockout_bracket_builder.rb:24:in 'block (2 levels) in KnockoutBracketBuilder#build'
  [1m[36mMatch Load (0.2ms)[0m  [1m[34mSELECT "matches".* FROM "matches" WHERE "matches"."tournament_id" = 1 AND "matches"."stage" = 'round_of_16' AND "matches"."slot" = 6 LIMIT 1 /*application='Golbet'*/[0m
  ↳ app/services/knockout_bracket_builder.rb:17:in 'block (2 levels) in KnockoutBracketBuilder#build'
  [1m[36mTRANSACTION (0.0ms)[0m  [1m[35mBEGIN immediate TRANSACTION /*application='Golbet'*/[0m
  ↳ app/services/knockout_bracket_builder.rb:24:in 'block (2 levels) in KnockoutBracketBuilder#build'
  [1m[36mMatch Create (0.2ms)[0m  [1m[32mINSERT INTO "matches" ("away_label", "away_score", "away_team_id", "created_at", "group", "home_label", "home_score", "home_team_id", "kickoff_at", "slot", "stage", "status", "tournament_id", "updated_at") VALUES ('Octavos #6 — Visitante', NULL, NULL, '2026-06-03 16:32:41.388193', NULL, 'Octavos #6 — Local', NULL, NULL, '2026-07-03 16:00:00', 6, 'round_of_16', 'scheduled', 1, '2026-06-03 16:32:41.388193') RETURNING "id" /*application='Golbet'*/[0m
  ↳ app/services/knockout_bracket_builder.rb:24:in 'block (2 levels) in KnockoutBracketBuilder#build'
  [1m[36mTRANSACTION (0.0ms)[0m  [1m[35mCOMMIT TRANSACTION /*application='Golbet'*/[0m
  ↳ app/services/knockout_bracket_builder.rb:24:in 'block (2 levels) in KnockoutBracketBuilder#build'
  [1m[36mMatch Load (0.0ms)[0m  [1m[34mSELECT "matches".* FROM "matches" WHERE "matches"."tournament_id" = 1 AND "matches"."stage" = 'round_of_16' AND "matches"."slot" = 7 LIMIT 1 /*application='Golbet'*/[0m
  ↳ app/services/knockout_bracket_builder.rb:17:in 'block (2 levels) in KnockoutBracketBuilder#build'
  [1m[36mTRANSACTION (0.0ms)[0m  [1m[35mBEGIN immediate TRANSACTION /*application='Golbet'*/[0m
  ↳ app/services/knockout_bracket_builder.rb:24:in 'block (2 levels) in KnockoutBracketBuilder#build'
  [1m[36mMatch Create (0.2ms)[0m  [1m[32mINSERT INTO "matches" ("away_label", "away_score", "away_team_id", "created_at", "group", "home_label", "home_score", "home_team_id", "kickoff_at", "slot", "stage", "status", "tournament_id", "updated_at") VALUES ('Octavos #7 — Visitante', NULL, NULL, '2026-06-03 16:32:41.389114', NULL, 'Octavos #7 — Local', NULL, NULL, '2026-07-03 16:00:00', 7, 'round_of_16', 'scheduled', 1, '2026-06-03 16:32:41.389114') RETURNING "id" /*application='Golbet'*/[0m
  ↳ app/services/knockout_bracket_builder.rb:24:in 'block (2 levels) in KnockoutBracketBuilder#build'
  [1m[36mTRANSACTION (0.0ms)[0m  [1m[35mCOMMIT TRANSACTION /*application='Golbet'*/[0m
  ↳ app/services/knockout_bracket_builder.rb:24:in 'block (2 levels) in KnockoutBracketBuilder#build'
  [1m[36mMatch Load (0.0ms)[0m  [1m[34mSELECT "matches".* FROM "matches" WHERE "matches"."tournament_id" = 1 AND "matches"."stage" = 'round_of_16' AND "matches"."slot" = 8 LIMIT 1 /*application='Golbet'*/[0m
  ↳ app/services/knockout_bracket_builder.rb:17:in 'block (2 levels) in KnockoutBracketBuilder#build'
  [1m[36mTRANSACTION (0.0ms)[0m  [1m[35mBEGIN immediate TRANSACTION /*application='Golbet'*/[0m
  ↳ app/services/knockout_bracket_builder.rb:24:in 'block (2 levels) in KnockoutBracketBuilder#build'
  [1m[36mMatch Create (0.2ms)[0m  [1m[32mINSERT INTO "matches" ("away_label", "away_score", "away_team_id", "created_at", "group", "home_label", "home_score", "home_team_id", "kickoff_at", "slot", "stage", "status", "tournament_id", "updated_at") VALUES ('Octavos #8 — Visitante', NULL, NULL, '2026-06-03 16:32:41.389978', NULL, 'Octavos #8 — Local', NULL, NULL, '2026-07-03 16:00:00', 8, 'round_of_16', 'scheduled', 1, '2026-06-03 16:32:41.389978') RETURNING "id" /*application='Golbet'*/[0m
  ↳ app/services/knockout_bracket_builder.rb:24:in 'block (2 levels) in KnockoutBracketBuilder#build'
  [1m[36mTRANSACTION (0.0ms)[0m  [1m[35mCOMMIT TRANSACTION /*application='Golbet'*/[0m
  ↳ app/services/knockout_bracket_builder.rb:24:in 'block (2 levels) in KnockoutBracketBuilder#build'
  [1m[36mMatch Load (0.0ms)[0m  [1m[34mSELECT "matches".* FROM "matches" WHERE "matches"."tournament_id" = 1 AND "matches"."stage" = 'quarter_final' AND "matches"."slot" = 1 LIMIT 1 /*application='Golbet'*/[0m
  ↳ app/services/knockout_bracket_builder.rb:17:in 'block (2 levels) in KnockoutBracketBuilder#build'
  [1m[36mTRANSACTION (0.0ms)[0m  [1m[35mBEGIN immediate TRANSACTION /*application='Golbet'*/[0m
  ↳ app/services/knockout_bracket_builder.rb:24:in 'block (2 levels) in KnockoutBracketBuilder#build'
  [1m[36mMatch Create (0.4ms)[0m  [1m[32mINSERT INTO "matches" ("away_label", "away_score", "away_team_id", "created_at", "group", "home_label", "home_score", "home_team_id", "kickoff_at", "slot", "stage", "status", "tournament_id", "updated_at") VALUES ('Cuartos #1 — Visitante', NULL, NULL, '2026-06-03 16:32:41.390833', NULL, 'Cuartos #1 — Local', NULL, NULL, '2026-07-09 16:00:00', 1, 'quarter_final', 'scheduled', 1, '2026-06-03 16:32:41.390833') RETURNING "id" /*application='Golbet'*/[0m
  ↳ app/services/knockout_bracket_builder.rb:24:in 'block (2 levels) in KnockoutBracketBuilder#build'
  [1m[36mTRANSACTION (0.0ms)[0m  [1m[35mCOMMIT TRANSACTION /*application='Golbet'*/[0m
  ↳ app/services/knockout_bracket_builder.rb:24:in 'block (2 levels) in KnockoutBracketBuilder#build'
  [1m[36mMatch Load (0.0ms)[0m  [1m[34mSELECT "matches".* FROM "matches" WHERE "matches"."tournament_id" = 1 AND "matches"."stage" = 'quarter_final' AND "matches"."slot" = 2 LIMIT 1 /*application='Golbet'*/[0m
  ↳ app/services/knockout_bracket_builder.rb:17:in 'block (2 levels) in KnockoutBracketBuilder#build'
  [1m[36mTRANSACTION (0.0ms)[0m  [1m[35mBEGIN immediate TRANSACTION /*application='Golbet'*/[0m
  ↳ app/services/knockout_bracket_builder.rb:24:in 'block (2 levels) in KnockoutBracketBuilder#build'
  [1m[36mMatch Create (0.2ms)[0m  [1m[32mINSERT INTO "matches" ("away_label", "away_score", "away_team_id", "created_at", "group", "home_label", "home_score", "home_team_id", "kickoff_at", "slot", "stage", "status", "tournament_id", "updated_at") VALUES ('Cuartos #2 — Visitante', NULL, NULL, '2026-06-03 16:32:41.391858', NULL, 'Cuartos #2 — Local', NULL, NULL, '2026-07-09 16:00:00', 2, 'quarter_final', 'scheduled', 1, '2026-06-03 16:32:41.391858') RETURNING "id" /*application='Golbet'*/[0m
  ↳ app/services/knockout_bracket_builder.rb:24:in 'block (2 levels) in KnockoutBracketBuilder#build'
  [1m[36mTRANSACTION (0.0ms)[0m  [1m[35mCOMMIT TRANSACTION /*application='Golbet'*/[0m
  ↳ app/services/knockout_bracket_builder.rb:24:in 'block (2 levels) in KnockoutBracketBuilder#build'
  [1m[36mMatch Load (0.0ms)[0m  [1m[34mSELECT "matches".* FROM "matches" WHERE "matches"."tournament_id" = 1 AND "matches"."stage" = 'quarter_final' AND "matches"."slot" = 3 LIMIT 1 /*application='Golbet'*/[0m
  ↳ app/services/knockout_bracket_builder.rb:17:in 'block (2 levels) in KnockoutBracketBuilder#build'
  [1m[36mTRANSACTION (0.0ms)[0m  [1m[35mBEGIN immediate TRANSACTION /*application='Golbet'*/[0m
  ↳ app/services/knockout_bracket_builder.rb:24:in 'block (2 levels) in KnockoutBracketBuilder#build'
  [1m[36mMatch Create (0.2ms)[0m  [1m[32mINSERT INTO "matches" ("away_label", "away_score", "away_team_id", "created_at", "group", "home_label", "home_score", "home_team_id", "kickoff_at", "slot", "stage", "status", "tournament_id", "updated_at") VALUES ('Cuartos #3 — Visitante', NULL, NULL, '2026-06-03 16:32:41.392709', NULL, 'Cuartos #3 — Local', NULL, NULL, '2026-07-09 16:00:00', 3, 'quarter_final', 'scheduled', 1, '2026-06-03 16:32:41.392709') RETURNING "id" /*application='Golbet'*/[0m
  ↳ app/services/knockout_bracket_builder.rb:24:in 'block (2 levels) in KnockoutBracketBuilder#build'
  [1m[36mTRANSACTION (0.0ms)[0m  [1m[35mCOMMIT TRANSACTION /*application='Golbet'*/[0m
  ↳ app/services/knockout_bracket_builder.rb:24:in 'block (2 levels) in KnockoutBracketBuilder#build'
  [1m[36mMatch Load (0.0ms)[0m  [1m[34mSELECT "matches".* FROM "matches" WHERE "matches"."tournament_id" = 1 AND "matches"."stage" = 'quarter_final' AND "matches"."slot" = 4 LIMIT 1 /*application='Golbet'*/[0m
  ↳ app/services/knockout_bracket_builder.rb:17:in 'block (2 levels) in KnockoutBracketBuilder#build'
  [1m[36mTRANSACTION (0.0ms)[0m  [1m[35mBEGIN immediate TRANSACTION /*application='Golbet'*/[0m
  ↳ app/services/knockout_bracket_builder.rb:24:in 'block (2 levels) in KnockoutBracketBuilder#build'
  [1m[36mMatch Create (0.2ms)[0m  [1m[32mINSERT INTO "matches" ("away_label", "away_score", "away_team_id", "created_at", "group", "home_label", "home_score", "home_team_id", "kickoff_at", "slot", "stage", "status", "tournament_id", "updated_at") VALUES ('Cuartos #4 — Visitante', NULL, NULL, '2026-06-03 16:32:41.393704', NULL, 'Cuartos #4 — Local', NULL, NULL, '2026-07-09 16:00:00', 4, 'quarter_final', 'scheduled', 1, '2026-06-03 16:32:41.393704') RETURNING "id" /*application='Golbet'*/[0m
  ↳ app/services/knockout_bracket_builder.rb:24:in 'block (2 levels) in KnockoutBracketBuilder#build'
  [1m[36mTRANSACTION (0.0ms)[0m  [1m[35mCOMMIT TRANSACTION /*application='Golbet'*/[0m
  ↳ app/services/knockout_bracket_builder.rb:24:in 'block (2 levels) in KnockoutBracketBuilder#build'
  [1m[36mMatch Load (0.0ms)[0m  [1m[34mSELECT "matches".* FROM "matches" WHERE "matches"."tournament_id" = 1 AND "matches"."stage" = 'semi_final' AND "matches"."slot" = 1 LIMIT 1 /*application='Golbet'*/[0m
  ↳ app/services/knockout_bracket_builder.rb:17:in 'block (2 levels) in KnockoutBracketBuilder#build'
  [1m[36mTRANSACTION (0.0ms)[0m  [1m[35mBEGIN immediate TRANSACTION /*application='Golbet'*/[0m
  ↳ app/services/knockout_bracket_builder.rb:24:in 'block (2 levels) in KnockoutBracketBuilder#build'
  [1m[36mMatch Create (0.2ms)[0m  [1m[32mINSERT INTO "matches" ("away_label", "away_score", "away_team_id", "created_at", "group", "home_label", "home_score", "home_team_id", "kickoff_at", "slot", "stage", "status", "tournament_id", "updated_at") VALUES ('Semis #1 — Visitante', NULL, NULL, '2026-06-03 16:32:41.394562', NULL, 'Semis #1 — Local', NULL, NULL, '2026-07-14 16:00:00', 1, 'semi_final', 'scheduled', 1, '2026-06-03 16:32:41.394562') RETURNING "id" /*application='Golbet'*/[0m
  ↳ app/services/knockout_bracket_builder.rb:24:in 'block (2 levels) in KnockoutBracketBuilder#build'
  [1m[36mTRANSACTION (0.0ms)[0m  [1m[35mCOMMIT TRANSACTION /*application='Golbet'*/[0m
  ↳ app/services/knockout_bracket_builder.rb:24:in 'block (2 levels) in KnockoutBracketBuilder#build'
  [1m[36mMatch Load (0.0ms)[0m  [1m[34mSELECT "matches".* FROM "matches" WHERE "matches"."tournament_id" = 1 AND "matches"."stage" = 'semi_final' AND "matches"."slot" = 2 LIMIT 1 /*application='Golbet'*/[0m
  ↳ app/services/knockout_bracket_builder.rb:17:in 'block (2 levels) in KnockoutBracketBuilder#build'
  [1m[36mTRANSACTION (0.0ms)[0m  [1m[35mBEGIN immediate TRANSACTION /*application='Golbet'*/[0m
  ↳ app/services/knockout_bracket_builder.rb:24:in 'block (2 levels) in KnockoutBracketBuilder#build'
  [1m[36mMatch Create (0.3ms)[0m  [1m[32mINSERT INTO "matches" ("away_label", "away_score", "away_team_id", "created_at", "group", "home_label", "home_score", "home_team_id", "kickoff_at", "slot", "stage", "status", "tournament_id", "updated_at") VALUES ('Semis #2 — Visitante', NULL, NULL, '2026-06-03 16:32:41.395430', NULL, 'Semis #2 — Local', NULL, NULL, '2026-07-14 16:00:00', 2, 'semi_final', 'scheduled', 1, '2026-06-03 16:32:41.395430') RETURNING "id" /*application='Golbet'*/[0m
  ↳ app/services/knockout_bracket_builder.rb:24:in 'block (2 levels) in KnockoutBracketBuilder#build'
  [1m[36mTRANSACTION (0.0ms)[0m  [1m[35mCOMMIT TRANSACTION /*application='Golbet'*/[0m
  ↳ app/services/knockout_bracket_builder.rb:24:in 'block (2 levels) in KnockoutBracketBuilder#build'
  [1m[36mMatch Load (0.0ms)[0m  [1m[34mSELECT "matches".* FROM "matches" WHERE "matches"."tournament_id" = 1 AND "matches"."stage" = 'third_place' AND "matches"."slot" = 1 LIMIT 1 /*application='Golbet'*/[0m
  ↳ app/services/knockout_bracket_builder.rb:17:in 'block (2 levels) in KnockoutBracketBuilder#build'
  [1m[36mTRANSACTION (0.0ms)[0m  [1m[35mBEGIN immediate TRANSACTION /*application='Golbet'*/[0m
  ↳ app/services/knockout_bracket_builder.rb:24:in 'block (2 levels) in KnockoutBracketBuilder#build'
  [1m[36mMatch Create (0.2ms)[0m  [1m[32mINSERT INTO "matches" ("away_label", "away_score", "away_team_id", "created_at", "group", "home_label", "home_score", "home_team_id", "kickoff_at", "slot", "stage", "status", "tournament_id", "updated_at") VALUES ('3er puesto #1 — Visitante', NULL, NULL, '2026-06-03 16:32:41.396421', NULL, '3er puesto #1 — Local', NULL, NULL, '2026-07-18 16:00:00', 1, 'third_place', 'scheduled', 1, '2026-06-03 16:32:41.396421') RETURNING "id" /*application='Golbet'*/[0m
  ↳ app/services/knockout_bracket_builder.rb:24:in 'block (2 levels) in KnockoutBracketBuilder#build'
  [1m[36mTRANSACTION (0.0ms)[0m  [1m[35mCOMMIT TRANSACTION /*application='Golbet'*/[0m
  ↳ app/services/knockout_bracket_builder.rb:24:in 'block (2 levels) in KnockoutBracketBuilder#build'
  [1m[36mMatch Load (0.0ms)[0m  [1m[34mSELECT "matches".* FROM "matches" WHERE "matches"."tournament_id" = 1 AND "matches"."stage" = 'final' AND "matches"."slot" = 1 LIMIT 1 /*application='Golbet'*/[0m
  ↳ app/services/knockout_bracket_builder.rb:17:in 'block (2 levels) in KnockoutBracketBuilder#build'
  [1m[36mTRANSACTION (0.0ms)[0m  [1m[35mBEGIN immediate TRANSACTION /*application='Golbet'*/[0m
  ↳ app/services/knockout_bracket_builder.rb:24:in 'block (2 levels) in KnockoutBracketBuilder#build'
  [1m[36mMatch Create (0.2ms)[0m  [1m[32mINSERT INTO "matches" ("away_label", "away_score", "away_team_id", "created_at", "group", "home_label", "home_score", "home_team_id", "kickoff_at", "slot", "stage", "status", "tournament_id", "updated_at") VALUES ('Final #1 — Visitante', NULL, NULL, '2026-06-03 16:32:41.397302', NULL, 'Final #1 — Local', NULL, NULL, '2026-07-19 16:00:00', 1, 'final', 'scheduled', 1, '2026-06-03 16:32:41.397302') RETURNING "id" /*application='Golbet'*/[0m
  ↳ app/services/knockout_bracket_builder.rb:24:in 'block (2 levels) in KnockoutBracketBuilder#build'
  [1m[36mTRANSACTION (0.0ms)[0m  [1m[35mCOMMIT TRANSACTION /*application='Golbet'*/[0m
  ↳ app/services/knockout_bracket_builder.rb:24:in 'block (2 levels) in KnockoutBracketBuilder#build'
  [1m[36mTeam Count (0.0ms)[0m  [1m[34mSELECT COUNT(*) FROM "teams" WHERE "teams"."tournament_id" = 1 /*application='Golbet'*/[0m
  ↳ lib/tasks/golbet.rake:12:in 'block (2 levels) in <main>'
  [1m[36mMatch Count (0.0ms)[0m  [1m[34mSELECT COUNT(*) FROM "matches" WHERE "matches"."tournament_id" = 1 /*application='Golbet'*/[0m
  ↳ lib/tasks/golbet.rake:12:in 'block (2 levels) in <main>'
  [1m[36mMatch Count (0.0ms)[0m  [1m[34mSELECT COUNT(*) FROM "matches" WHERE "matches"."tournament_id" = 1 AND "matches"."stage" = 'group' /*application='Golbet'*/[0m
  ↳ lib/tasks/golbet.rake:13:in 'block (2 levels) in <main>'
  [1m[36mMatch Count (0.0ms)[0m  [1m[34mSELECT COUNT(*) FROM "matches" WHERE "matches"."tournament_id" = 1 AND "matches"."stage" != 'group' /*application='Golbet'*/[0m
  ↳ lib/tasks/golbet.rake:14:in 'block (2 levels) in <main>'
  [1m[36mTeam Count (0.7ms)[0m  [1m[34mSELECT COUNT(*) FROM "teams" /*application='Golbet'*/[0m
  [1m[36mMatch Count (0.0ms)[0m  [1m[34mSELECT COUNT(*) FROM "matches" WHERE "matches"."stage" = 'group' /*application='Golbet'*/[0m
  [1m[36mMatch Count (0.0ms)[0m  [1m[34mSELECT COUNT(*) FROM "matches" WHERE "matches"."stage" != 'group' /*application='Golbet'*/[0m
